threshold,tn,fp,fn,tp,poison_precision,poison_recall,specificity,f1
1.0000000000000002,2485,0,1515,0,0.0,0.0,1.0,0.0
0.9709389786939425,2485,0,1514,1,1.0,0.0006600660066006601,1.0,0.0013192612137203166
0.9691800676570291,2485,0,1513,2,1.0,0.0013201320132013201,1.0,0.0026367831245880024
0.9681015388195356,2485,0,1512,3,1.0,0.0019801980198019802,1.0,0.003952569169960474
0.9632662147233421,2485,0,1511,4,1.0,0.0026402640264026403,1.0,0.005266622778143515
0.9607309470548817,2485,0,1510,5,1.0,0.0033003300330033004,1.0,0.006578947368421052
0.9595609157475228,2485,0,1509,6,1.0,0.0039603960396039604,1.0,0.007889546351084813
0.9581629218577238,2485,0,1508,7,1.0,0.0046204620462046205,1.0,0.009198423127463863
0.9578591770377364,2485,0,1507,8,1.0,0.005280528052805281,1.0,0.010505581089954037
0.9573386935253004,2485,0,1506,9,1.0,0.005940594059405941,1.0,0.011811023622047244
0.9546937393502558,2485,0,1505,10,1.0,0.006600660066006601,1.0,0.013114754098360656
0.9508521102209975,2485,0,1504,11,1.0,0.007260726072607261,1.0,0.014416775884665793
0.9495780627288635,2485,0,1503,12,1.0,0.007920792079207921,1.0,0.015717092337917484
0.9458585235044743,2485,0,1502,13,1.0,0.008580858085808581,1.0,0.017015706806282723
0.9445304811764318,2485,0,1501,14,1.0,0.009240924092409241,1.0,0.01831262262916939
0.9430749149036242,2485,0,1500,15,1.0,0.009900990099009901,1.0,0.0196078431372549
0.9429304681960317,2484,1,1500,15,0.9375,0.009900990099009901,0.9995975855130784,0.019595035924232528
0.9428570860869995,2484,1,1499,16,0.9411764705882353,0.010561056105610561,0.9995975855130784,0.020887728459530026
0.9426154065519861,2484,1,1498,17,0.9444444444444444,0.011221122112211221,0.9995975855130784,0.02217873450750163
0.9418498417386227,2484,1,1497,18,0.9473684210526315,0.011881188118811881,0.9995975855130784,0.02346805736636245
0.9416103105124605,2484,1,1496,19,0.95,0.012541254125412541,0.9995975855130784,0.024755700325732898
0.9389031519353256,2484,1,1495,20,0.9523809523809523,0.013201320132013201,0.9995975855130784,0.026041666666666668
0.9350878494403685,2484,1,1494,21,0.9545454545454546,0.013861386138613862,0.9995975855130784,0.027325959661678594
0.9334464791874154,2484,1,1493,22,0.9565217391304348,0.014521452145214522,0.9995975855130784,0.02860858257477243
0.9300471299913262,2484,1,1492,23,0.9583333333333334,0.015181518151815182,0.9995975855130784,0.029889538661468484
0.9299570184341632,2484,1,1491,24,0.96,0.015841584158415842,0.9995975855130784,0.03116883116883117
0.9282164154570484,2483,2,1491,24,0.9230769230769231,0.015841584158415842,0.999195171026157,0.031148604802076575
0.9277385651053233,2483,2,1490,25,0.9259259259259259,0.0165016501650165,0.999195171026157,0.0324254215304799
0.9277328045709016,2482,3,1490,25,0.8928571428571429,0.0165016501650165,0.9987927565392354,0.03240440699935191
0.9258910606612357,2482,3,1489,26,0.896551724137931,0.017161716171617162,0.9987927565392354,0.03367875647668394
0.9257095116459921,2482,3,1488,27,0.9,0.01782178217821782,0.9987927565392354,0.03495145631067961
0.9246695095040269,2482,3,1487,28,0.9032258064516129,0.018481848184818482,0.9987927565392354,0.03622250970245795
0.9211270463794862,2481,4,1487,28,0.875,0.018481848184818482,0.9983903420523139,0.03619909502262444
0.9132100091513754,2480,5,1487,28,0.8484848484848485,0.018481848184818482,0.9979879275653923,0.03617571059431524
0.9129039546521487,2480,5,1486,29,0.8529411764705882,0.01914191419141914,0.9979879275653923,0.03744351194318916
0.9086906662031143,2480,5,1485,30,0.8571428571428571,0.019801980198019802,0.9979879275653923,0.03870967741935484
0.9073625831425668,2480,5,1484,31,0.8611111111111112,0.02046204620462046,0.9979879275653923,0.039974210186976146
0.9072299038433852,2479,6,1484,31,0.8378378378378378,0.02046204620462046,0.9975855130784709,0.03994845360824742
0.9065767827585919,2479,6,1483,32,0.8421052631578947,0.021122112211221122,0.9975855130784709,0.0412105602060528
0.9016755300937989,2479,6,1482,33,0.8461538461538461,0.02178217821782178,0.9975855130784709,0.04247104247104247
0.9009418465442178,2479,6,1481,34,0.85,0.022442244224422443,0.9975855130784709,0.04372990353697749
0.9003582730519116,2479,6,1480,35,0.8536585365853658,0.0231023102310231,0.9975855130784709,0.04498714652956298
0.897960296000248,2479,6,1479,36,0.8571428571428571,0.023762376237623763,0.9975855130784709,0.046242774566473986
0.8977428870674485,2479,6,1478,37,0.8604651162790697,0.02442244224422442,0.9975855130784709,0.04749679075738126
0.8955443146464817,2479,6,1477,38,0.8636363636363636,0.025082508250825083,0.9975855130784709,0.048749198203976905
0.895241483395895,2479,6,1476,39,0.8666666666666667,0.02574257425742574,0.9975855130784709,0.05
0.8937008504215913,2479,6,1475,40,0.8695652173913043,0.026402640264026403,0.9975855130784709,0.05124919923126201
0.8936676580012968,2479,6,1474,41,0.8723404255319149,0.02706270627062706,0.9975855130784709,0.052496798975672214
0.891531524693929,2479,6,1473,42,0.875,0.027722772277227723,0.9975855130784709,0.053742802303262956
0.8903815081547909,2479,6,1472,43,0.8775510204081632,0.02838283828382838,0.9975855130784709,0.054987212276214836
0.8851999846548193,2479,6,1471,44,0.88,0.029042904290429043,0.9975855130784709,0.05623003194888179
0.8841933318089322,2479,6,1470,45,0.8823529411764706,0.0297029702970297,0.9975855130784709,0.05747126436781609
0.8837147539796079,2479,6,1469,46,0.8846153846153846,0.030363036303630363,0.9975855130784709,0.058710912571793235
0.8829553211217316,2479,6,1468,47,0.8867924528301887,0.031023102310231022,0.9975855130784709,0.05994897959183673
0.8822843955107663,2479,6,1467,48,0.8888888888888888,0.031683168316831684,0.9975855130784709,0.06118546845124283
0.8821667683391822,2479,6,1466,49,0.8909090909090909,0.03234323432343234,0.9975855130784709,0.062420382165605096
0.8819706096751383,2479,6,1465,50,0.8928571428571429,0.033003300330033,0.9975855130784709,0.06365372374283895
0.8797037435393061,2479,6,1463,52,0.896551724137931,0.034323432343234324,0.9975855130784709,0.06611570247933884
0.8788965689083645,2479,6,1462,53,0.8983050847457628,0.03498349834983498,0.9975855130784709,0.06734434561626429
0.8785174568342595,2479,6,1461,54,0.9,0.03564356435643564,0.9975855130784709,0.06857142857142857
0.8782560016854497,2479,6,1460,55,0.9016393442622951,0.036303630363036306,0.9975855130784709,0.06979695431472081
0.8777610666042147,2479,6,1459,56,0.9032258064516129,0.036963696369636964,0.9975855130784709,0.07102092580849714
0.87653821961343,2479,6,1458,57,0.9047619047619048,0.03762376237623762,0.9975855130784709,0.07224334600760456
0.8756170320391184,2479,6,1457,58,0.90625,0.03828382838283828,0.9975855130784709,0.07346421785940468
0.8754427412615162,2479,6,1456,59,0.9076923076923077,0.038943894389438946,0.9975855130784709,0.07468354430379746
0.8742223244977652,2479,6,1455,60,0.9090909090909091,0.039603960396039604,0.9975855130784709,0.07590132827324478
0.8706141621893723,2479,6,1454,61,0.9104477611940298,0.04026402640264026,0.9975855130784709,0.07711757269279393
0.8704769198548672,2479,6,1453,62,0.9117647058823529,0.04092409240924092,0.9975855130784709,0.07833228048010107
0.870303510622702,2479,6,1452,63,0.9130434782608695,0.041584158415841586,0.9975855130784709,0.07954545454545454
0.869568466035255,2479,6,1451,64,0.9142857142857143,0.042244224422442245,0.9975855130784709,0.08075709779179811
0.8693998655905003,2479,6,1450,65,0.9154929577464789,0.0429042904290429,0.9975855130784709,0.08196721311475409
0.869268393889414,2479,6,1449,66,0.9166666666666666,0.04356435643564356,0.9975855130784709,0.0831758034026465
0.8690376351226722,2479,6,1448,67,0.9178082191780822,0.04422442244224423,0.9975855130784709,0.08438287153652393
0.8689289712712766,2478,7,1448,67,0.9054054054054054,0.04422442244224423,0.9971830985915493,0.08432976714915041
0.8688763478959025,2478,7,1447,68,0.9066666666666666,0.044884488448844885,0.9971830985915493,0.08553459119496855
0.8680870193912007,2478,7,1446,69,0.9078947368421053,0.04554455445544554,0.9971830985915493,0.08673790069138906
0.8651766516632365,2478,7,1445,70,0.9090909090909091,0.0462046204620462,0.9971830985915493,0.08793969849246232
0.8635945861871801,2478,7,1444,71,0.9102564102564102,0.04686468646864687,0.9971830985915493,0.08913998744507219
0.8634824345045848,2478,7,1443,72,0.9113924050632911,0.047524752475247525,0.9971830985915493,0.0903387703889586
0.8634144736756135,2477,8,1443,72,0.9,0.047524752475247525,0.9967806841046277,0.090282131661442
0.863039603349151,2477,8,1442,73,0.9012345679012346,0.048184818481848184,0.9967806841046277,0.09147869674185463
0.8628831669655709,2477,8,1441,74,0.9024390243902439,0.04884488448844884,0.9967806841046277,0.09267376330619913
0.8628729876414799,2477,8,1440,75,0.9036144578313253,0.04950495049504951,0.9967806841046277,0.09386733416770963
0.8628598523084602,2477,8,1439,76,0.9047619047619048,0.050165016501650166,0.9967806841046277,0.09505941213258287
0.862370088926027,2477,8,1438,77,0.9058823529411765,0.050825082508250824,0.9967806841046277,0.09625
0.8619380374764004,2477,8,1437,78,0.9069767441860465,0.05148514851485148,0.9967806841046277,0.09743910056214866
0.8615862947841848,2477,8,1436,79,0.9080459770114943,0.05214521452145215,0.9967806841046277,0.0986267166042447
0.8602612349834396,2477,8,1435,80,0.9090909090909091,0.052805280528052806,0.9967806841046277,0.09981285090455397
0.8597390762834883,2477,8,1434,81,0.9101123595505618,0.053465346534653464,0.9967806841046277,0.10099750623441396
0.8597187986497158,2477,8,1433,82,0.9111111111111111,0.05412541254125412,0.9967806841046277,0.10218068535825545
0.8589564495290058,2477,8,1432,83,0.9120879120879121,0.05478547854785479,0.9967806841046277,0.10336239103362391
0.8583747177940817,2477,8,1431,84,0.9130434782608695,0.055445544554455446,0.9967806841046277,0.104542626011201
0.8582817388189119,2476,9,1431,84,0.9032258064516129,0.055445544554455446,0.9963782696177063,0.1044776119402985
0.8582539405255928,2476,9,1430,85,0.9042553191489362,0.056105610561056105,0.9963782696177063,0.10565568676196395
0.8581773992469639,2476,9,1429,86,0.9052631578947369,0.05676567656765676,0.9963782696177063,0.10683229813664596
0.8566090533183148,2476,9,1428,87,0.90625,0.05742574257425743,0.9963782696177063,0.10800744878957169
0.8564580641992849,2476,9,1427,88,0.9072164948453608,0.058085808580858087,0.9963782696177063,0.10918114143920596
0.8559026235212089,2476,9,1426,89,0.9081632653061225,0.058745874587458745,0.9963782696177063,0.11035337879727217
0.8558062253840368,2476,9,1425,90,0.9090909090909091,0.0594059405940594,0.9963782696177063,0.11152416356877323
0.8556900368339958,2476,9,1424,91,0.91,0.06006600660066007,0.9963782696177063,0.11269349845201239
0.85432694096267,2476,9,1423,92,0.9108910891089109,0.06072607260726073,0.9963782696177063,0.11386138613861387
0.8542541831064298,2476,9,1422,93,0.9117647058823529,0.061386138613861385,0.9963782696177063,0.1150278293135436
0.8539363643132786,2476,9,1421,94,0.912621359223301,0.062046204620462043,0.9963782696177063,0.1161928306551298
0.8538237048775023,2476,9,1420,95,0.9134615384615384,0.0627062706270627,0.9963782696177063,0.11735639283508338
0.8531592727812785,2476,9,1419,96,0.9142857142857143,0.06336633663366337,0.9963782696177063,0.11851851851851852
0.852526914279304,2475,10,1419,96,0.9056603773584906,0.06336633663366337,0.9959758551307847,0.11844540407156076
0.8521012443620286,2475,10,1418,97,0.9065420560747663,0.06402640264026403,0.9959758551307847,0.11960542540073983
0.8515549882941129,2475,10,1417,98,0.9074074074074074,0.06468646864686468,0.9959758551307847,0.12076401725200246
0.8514846359617234,2475,10,1416,99,0.908256880733945,0.06534653465346535,0.9959758551307847,0.12192118226600986
0.8514582836736976,2475,10,1415,100,0.9090909090909091,0.066006600660066,0.9959758551307847,0.12307692307692308
0.8510606280644436,2475,10,1414,101,0.9099099099099099,0.06666666666666667,0.9959758551307847,0.12423124231242312
0.8510525536752392,2475,10,1413,102,0.9107142857142857,0.06732673267326733,0.9959758551307847,0.1253841425937308
0.8509787719787719,2475,10,1412,103,0.911504424778761,0.06798679867986798,0.9959758551307847,0.12653562653562653
0.8504596524910271,2475,10,1411,104,0.9122807017543859,0.06864686468646865,0.9959758551307847,0.12768569674647023
0.84995895452695,2475,10,1410,105,0.9130434782608695,0.06930693069306931,0.9959758551307847,0.12883435582822086
0.849631844884269,2475,10,1409,106,0.9137931034482759,0.06996699669966996,0.9959758551307847,0.12998160637645617
0.8486377627189511,2475,10,1408,107,0.9145299145299145,0.07062706270627063,0.9959758551307847,0.13112745098039216
0.848410022530669,2475,10,1407,108,0.9152542372881356,0.07128712871287128,0.9959758551307847,0.13227189222290264
0.8479620015139312,2475,10,1406,109,0.9159663865546218,0.07194719471947195,0.9959758551307847,0.13341493268053856
0.8465870193262423,2474,11,1406,109,0.9083333333333333,0.07194719471947195,0.9955734406438632,0.13333333333333333
0.8461362453216406,2474,11,1405,110,0.9090909090909091,0.07260726072607261,0.9955734406438632,0.13447432762836187
0.8452971221690393,2474,11,1404,111,0.9098360655737705,0.07326732673267326,0.9955734406438632,0.1356139279169212
0.8450559015200958,2474,11,1403,112,0.9105691056910569,0.07392739273927393,0.9955734406438632,0.13675213675213677
0.8450484179216545,2474,11,1402,113,0.9112903225806451,0.0745874587458746,0.9955734406438632,0.13788895668090298
0.844827942969214,2474,11,1401,114,0.912,0.07524752475247524,0.9955734406438632,0.13902439024390245
0.8438412691604604,2474,11,1400,115,0.9126984126984127,0.07590759075907591,0.9955734406438632,0.14015843997562463
0.843509053552334,2474,11,1399,116,0.9133858267716536,0.07656765676567656,0.9955734406438632,0.14129110840438489
0.842621192500033,2474,11,1398,117,0.9140625,0.07722772277227723,0.9955734406438632,0.14242239805234327
0.84232566796815,2474,11,1397,118,0.9147286821705426,0.07788778877887789,0.9955734406438632,0.1435523114355231
0.8421807408120533,2474,11,1396,119,0.9153846153846154,0.07854785478547854,0.9955734406438632,0.14468085106382977
0.8421101473649089,2474,11,1395,120,0.916030534351145,0.07920792079207921,0.9955734406438632,0.14580801944106925
0.842080473457763,2474,11,1394,121,0.9166666666666666,0.07986798679867987,0.9955734406438632,0.1469338190649666
0.8410348735639185,2474,11,1393,122,0.9172932330827067,0.08052805280528053,0.9955734406438632,0.14805825242718446
0.8404500905797948,2474,11,1392,123,0.917910447761194,0.08118811881188119,0.9955734406438632,0.14918132201334142
0.8401887297229685,2474,11,1391,124,0.9185185185185185,0.08184818481848184,0.9955734406438632,0.1503030303030303
0.8400484066404478,2474,11,1390,125,0.9191176470588235,0.08250825082508251,0.9955734406438632,0.15142337976983647
0.8398353927501848,2474,11,1389,126,0.9197080291970803,0.08316831683168317,0.9955734406438632,0.15254237288135594
0.839751474137995,2474,11,1388,127,0.9202898550724637,0.08382838283828382,0.9955734406438632,0.15366001209921354
0.8395155809932685,2474,11,1387,128,0.920863309352518,0.08448844884488449,0.9955734406438632,0.154776299879081
0.839288669537702,2474,11,1386,129,0.9214285714285714,0.08514851485148515,0.9955734406438632,0.15589123867069488
0.8383920913220083,2474,11,1385,130,0.9219858156028369,0.0858085808580858,0.9955734406438632,0.1570048309178744
0.8381693737215977,2473,12,1385,130,0.9154929577464789,0.0858085808580858,0.9951710261569416,0.15691007845503924
0.8374767803102597,2473,12,1384,131,0.916083916083916,0.08646864686468647,0.9951710261569416,0.158021712907117
0.836799060725111,2473,12,1383,132,0.9166666666666666,0.08712871287128712,0.9951710261569416,0.15913200723327306
0.8364604965996285,2473,12,1382,133,0.9172413793103448,0.08778877887788779,0.9951710261569416,0.1602409638554217
0.8361878735390403,2473,12,1381,134,0.9178082191780822,0.08844884488448845,0.9951710261569416,0.1613485851896448
0.8355430505846384,2473,12,1380,135,0.9183673469387755,0.0891089108910891,0.9951710261569416,0.1624548736462094
0.8354975690263685,2473,12,1379,136,0.918918918918919,0.08976897689768977,0.9951710261569416,0.1635598316295851
0.8353494278140519,2473,12,1378,137,0.9194630872483222,0.09042904290429044,0.9951710261569416,0.16466346153846154
0.8351806223800065,2473,12,1377,138,0.92,0.09108910891089109,0.9951710261569416,0.16576576576576577
0.8345853306093641,2473,12,1376,139,0.9205298013245033,0.09174917491749175,0.9951710261569416,0.16686674669867949
0.8345321305475606,2473,12,1375,140,0.9210526315789473,0.0924092409240924,0.9951710261569416,0.16796640671865626
0.8344040921288461,2473,12,1374,141,0.9215686274509803,0.09306930693069307,0.9951710261569416,0.16906474820143885
0.8341321347467281,2473,12,1373,142,0.922077922077922,0.09372937293729373,0.9951710261569416,0.1701617735170761
0.8340026606732444,2473,12,1372,143,0.9225806451612903,0.09438943894389439,0.9951710261569416,0.17125748502994012
0.833765865058077,2473,12,1371,144,0.9230769230769231,0.09504950495049505,0.9951710261569416,0.17235188509874327
0.8336273439067169,2473,12,1370,145,0.9235668789808917,0.09570957095709572,0.9951710261569416,0.173444976076555
0.8335660889823373,2473,12,1369,146,0.9240506329113924,0.09636963696369637,0.9951710261569416,0.17453676031081888
0.8334167441978008,2472,13,1369,146,0.9182389937106918,0.09636963696369637,0.9947686116700202,0.17443249701314217
0.8331132169852266,2472,13,1368,147,0.91875,0.09702970297029703,0.9947686116700202,0.1755223880597015
0.8325610652730197,2472,13,1367,148,0.9192546583850931,0.09768976897689768,0.9947686116700202,0.1766109785202864
0.8322883043020375,2472,13,1366,149,0.9197530864197531,0.09834983498349835,0.9947686116700202,0.17769827072152652
0.8316352977760703,2472,13,1365,150,0.9202453987730062,0.09900990099009901,0.9947686116700202,0.17878426698450536
0.8310076657171513,2472,13,1364,151,0.9207317073170732,0.09966996699669967,0.9947686116700202,0.17986896962477666
0.8304204959380042,2472,13,1363,152,0.9212121212121213,0.10033003300330033,0.9947686116700202,0.18095238095238095
0.8302768730234598,2472,13,1362,153,0.9216867469879518,0.100990099009901,0.9947686116700202,0.182034503271862
0.8301560329551417,2472,13,1361,154,0.9221556886227545,0.10165016501650165,0.9947686116700202,0.18311533888228299
0.8299022426525551,2472,13,1360,155,0.9226190476190477,0.10231023102310231,0.9947686116700202,0.18419489007724302
0.8294590776998352,2472,13,1359,156,0.9230769230769231,0.10297029702970296,0.9947686116700202,0.18527315914489312
0.8290093901716842,2472,13,1358,157,0.9235294117647059,0.10363036303630363,0.9947686116700202,0.18635014836795252
0.8288680005961796,2472,13,1357,158,0.9239766081871345,0.1042904290429043,0.9947686116700202,0.1874258600237248
0.8269219804104521,2471,14,1357,158,0.9186046511627907,0.1042904290429043,0.9943661971830986,0.1873147599288678
0.8263307218937551,2471,14,1356,159,0.9190751445086706,0.10495049504950495,0.9943661971830986,0.18838862559241706
0.8261316338543196,2471,14,1355,160,0.9195402298850575,0.10561056105610561,0.9943661971830986,0.18946121965660154
0.8259857003805464,2471,14,1354,161,0.92,0.10627062706270628,0.9943661971830986,0.19053254437869824
0.8257551586503792,2471,14,1353,162,0.9204545454545454,0.10693069306930693,0.9943661971830986,0.19160260201064458
0.8256637027748607,2471,14,1352,163,0.9209039548022598,0.1075907590759076,0.9943661971830986,0.19267139479905437
0.8253140220649179,2471,14,1351,164,0.9213483146067416,0.10825082508250825,0.9943661971830986,0.19373892498523332
0.8238702848110517,2471,14,1350,165,0.9217877094972067,0.10891089108910891,0.9943661971830986,0.19480519480519481
0.8236215351687826,2471,14,1349,166,0.9222222222222223,0.10957095709570958,0.9943661971830986,0.1958702064896755
0.8229728719033813,2471,14,1348,167,0.9226519337016574,0.11023102310231023,0.9943661971830986,0.19693396226415094
0.822799871742361,2471,14,1347,168,0.9230769230769231,0.11089108910891089,0.9943661971830986,0.1979964643488509
0.8215975789279364,2471,14,1346,169,0.9234972677595629,0.11155115511551156,0.9943661971830986,0.19905771495877503
0.8211956599697525,2471,14,1345,170,0.9239130434782609,0.11221122112211221,0.9943661971830986,0.20011771630370806
0.8209980807670243,2471,14,1344,171,0.9243243243243243,0.11287128712871287,0.9943661971830986,0.2011764705882353
0.8207031949500361,2471,14,1343,172,0.9247311827956989,0.11353135313531353,0.9943661971830986,0.2022339800117578
0.8206835935122792,2471,14,1342,173,0.9251336898395722,0.11419141914191419,0.9943661971830986,0.20329024676850763
0.8175820771366781,2471,14,1341,174,0.925531914893617,0.11485148514851486,0.9943661971830986,0.20434527304756311
0.8167867070677298,2471,14,1340,175,0.9259259259259259,0.11551155115511551,0.9943661971830986,0.20539906103286384
0.8167260162596515,2471,14,1339,176,0.9263157894736842,0.11617161716171617,0.9943661971830986,0.2064516129032258
0.8160416190754842,2471,14,1338,177,0.9267015706806283,0.11683168316831684,0.9943661971830986,0.20750293083235638
0.8156155620205936,2471,14,1337,178,0.9270833333333334,0.11749174917491749,0.9943661971830986,0.20855301698886936
0.8145038223021775,2471,14,1336,179,0.927461139896373,0.11815181518151815,0.9943661971830986,0.20960187353629978
0.8143695386983746,2471,14,1335,180,0.9278350515463918,0.1188118811881188,0.9943661971830986,0.2106495026331188
0.8141111987745232,2471,14,1334,181,0.9282051282051282,0.11947194719471947,0.9943661971830986,0.21169590643274855
0.813859163216845,2471,14,1333,182,0.9285714285714286,0.12013201320132014,0.9943661971830986,0.21274108708357686
0.8136462437588906,2471,14,1332,183,0.9289340101522843,0.12079207920792079,0.9943661971830986,0.21378504672897197
0.8132968382408162,2471,14,1331,184,0.9292929292929293,0.12145214521452145,0.9943661971830986,0.21482778750729714
0.8126752616450988,2471,14,1330,185,0.9296482412060302,0.12211221122112212,0.9943661971830986,0.21586931155192532
0.8124069720117443,2471,14,1329,186,0.93,0.12277227722772277,0.9943661971830986,0.21690962099125363
0.8119176050281379,2471,14,1328,187,0.9303482587064676,0.12343234323432344,0.9943661971830986,0.21794871794871795
0.8112507778640883,2471,14,1327,188,0.9306930693069307,0.12409240924092409,0.9943661971830986,0.21898660454280722
0.8109584008749329,2471,14,1326,189,0.9310344827586207,0.12475247524752475,0.9943661971830986,0.220023282887078
0.8102072606335167,2471,14,1325,190,0.9313725490196079,0.1254125412541254,0.9943661971830986,0.2210587550901687
0.8099900869018036,2471,14,1324,191,0.9317073170731708,0.12607260726072608,0.9943661971830986,0.22209302325581395
0.8098037297069435,2471,14,1323,192,0.9320388349514563,0.12673267326732673,0.9943661971830986,0.2231260894828588
0.8097344957801903,2471,14,1322,193,0.9323671497584541,0.12739273927392739,0.9943661971830986,0.22415795586527293
0.8091533945586162,2471,14,1321,194,0.9326923076923077,0.12805280528052806,0.9943661971830986,0.22518862449216484
0.8090644129485647,2471,14,1320,195,0.9330143540669856,0.12871287128712872,0.9943661971830986,0.22621809744779584
0.8080517196492788,2471,14,1319,196,0.9333333333333333,0.12937293729372937,0.9943661971830986,0.2272463768115942
0.8080273024264774,2471,14,1318,197,0.933649289099526,0.13003300330033005,0.9943661971830986,0.22827346465816917
0.8062901386665187,2471,14,1317,198,0.9339622641509434,0.1306930693069307,0.9943661971830986,0.22929936305732485
0.8061925586925618,2471,14,1316,199,0.9342723004694836,0.13135313531353135,0.9943661971830986,0.23032407407407407
0.8057827558156099,2471,14,1315,200,0.9345794392523364,0.132013201320132,0.9943661971830986,0.2313475997686524
0.8057013980900446,2471,14,1314,201,0.9348837209302325,0.13267326732673268,0.9943661971830986,0.2323699421965318
0.8055552905380758,2471,14,1313,202,0.9351851851851852,0.13333333333333333,0.9943661971830986,0.23339110340843444
0.8052089870951015,2471,14,1312,203,0.9354838709677419,0.13399339933993398,0.9943661971830986,0.23441108545034642
0.8042953497260167,2471,14,1311,204,0.9357798165137615,0.13465346534653466,0.9943661971830986,0.23542989036353146
0.8025365080757586,2471,14,1310,205,0.9360730593607306,0.1353135313531353,0.9943661971830986,0.2364475201845444
0.8021550643352583,2471,14,1309,206,0.9363636363636364,0.13597359735973596,0.9943661971830986,0.23746397694524496
0.802140260521357,2471,14,1308,207,0.9366515837104072,0.13663366336633664,0.9943661971830986,0.23847926267281105
0.8013925726423617,2471,14,1307,208,0.9369369369369369,0.1372937293729373,0.9943661971830986,0.23949337938975246
0.8009037297749219,2471,14,1306,209,0.9372197309417041,0.13795379537953795,0.9943661971830986,0.24050632911392406
0.8008325986753694,2471,14,1305,210,0.9375,0.13861386138613863,0.9943661971830986,0.24151811385853938
0.8004039370486118,2471,14,1304,211,0.9377777777777778,0.13927392739273928,0.9943661971830986,0.2425287356321839
0.8002457349677627,2471,14,1303,212,0.9380530973451328,0.13993399339933993,0.9943661971830986,0.24353819643882826
0.800176758057905,2471,14,1302,213,0.9383259911894273,0.1405940594059406,0.9943661971830986,0.24454649827784156
0.7993817870705332,2470,15,1302,213,0.9342105263157895,0.1405940594059406,0.993963782696177,0.24440619621342513
0.7985744815169294,2470,15,1301,214,0.9344978165938864,0.14125412541254126,0.993963782696177,0.24541284403669725
0.7972697331981909,2470,15,1300,215,0.9347826086956522,0.1419141914191419,0.993963782696177,0.24641833810888253
0.7964090029551754,2470,15,1299,216,0.935064935064935,0.14257425742574256,0.993963782696177,0.24742268041237114
0.7963003485003141,2470,15,1298,217,0.9353448275862069,0.14323432343234324,0.993963782696177,0.2484258729250143
0.7962446250393034,2470,15,1297,218,0.9356223175965666,0.1438943894389439,0.993963782696177,0.2494279176201373
0.7956592142742568,2470,15,1296,219,0.9358974358974359,0.14455445544554454,0.993963782696177,0.2504288164665523
0.7949903506459332,2470,15,1295,220,0.9361702127659575,0.14521452145214522,0.993963782696177,0.25142857142857145
0.7939993266146985,2470,15,1294,221,0.9364406779661016,0.14587458745874587,0.993963782696177,0.2524271844660194
0.7939109918905206,2470,15,1293,222,0.9367088607594937,0.14653465346534653,0.993963782696177,0.2534246575342466
0.7927187408614836,2470,15,1292,223,0.9369747899159664,0.1471947194719472,0.993963782696177,0.25442099258414147
0.7919994902288305,2470,15,1291,224,0.9372384937238494,0.14785478547854786,0.993963782696177,0.2554161915621437
0.7918776577023378,2470,15,1290,225,0.9375,0.1485148514851485,0.993963782696177,0.2564102564102564
0.7914112326341131,2470,15,1289,226,0.9377593360995851,0.1491749174917492,0.993963782696177,0.25740318906605925
0.7912236972918951,2469,16,1289,226,0.9338842975206612,0.1491749174917492,0.9935613682092556,0.257256687535572
0.7909162866242402,2469,16,1288,227,0.934156378600823,0.14983498349834984,0.9935613682092556,0.2582480091012514
0.7907350345327445,2469,16,1287,228,0.9344262295081968,0.1504950495049505,0.9935613682092556,0.25923820352473
0.7906728674942123,2469,16,1286,229,0.9346938775510204,0.15115511551155114,0.9935613682092556,0.26022727272727275
0.790345930737899,2469,16,1285,230,0.9349593495934959,0.15181518151815182,0.9935613682092556,0.2612152186257808
0.789654586485783,2469,16,1284,231,0.9352226720647774,0.15247524752475247,0.9935613682092556,0.26220204313280365
0.7887976129413126,2469,16,1283,232,0.9354838709677419,0.15313531353135312,0.9935613682092556,0.2631877481565513
0.7885576986140258,2469,16,1282,233,0.9357429718875502,0.1537953795379538,0.9935613682092556,0.264172335600907
0.7882698599954305,2469,16,1281,234,0.936,0.15445544554455445,0.9935613682092556,0.2651558073654391
0.787953530288992,2469,16,1280,235,0.9362549800796812,0.1551155115511551,0.9935613682092556,0.26613816534541335
0.7870877246537317,2469,16,1279,236,0.9365079365079365,0.15577557755775578,0.9935613682092556,0.26711941143180534
0.7865370343903177,2468,17,1279,236,0.932806324110672,0.15577557755775578,0.993158953722334,0.2669683257918552
0.7860378372338275,2468,17,1278,237,0.9330708661417323,0.15643564356435644,0.993158953722334,0.2679479932165065
0.7860279287526094,2468,17,1277,238,0.9333333333333333,0.1570957095709571,0.993158953722334,0.2689265536723164
0.7855893808685132,2468,17,1276,239,0.93359375,0.15775577557755777,0.993158953722334,0.26990400903444384
0.7854258274785226,2467,18,1276,239,0.9299610894941635,0.15775577557755777,0.9927565392354125,0.2697516930022573
0.7845846562368056,2467,18,1275,240,0.9302325581395349,0.15841584158415842,0.9927565392354125,0.2707275803722504
0.7843746986540592,2467,18,1274,241,0.9305019305019305,0.15907590759075907,0.9927565392354125,0.2717023675310034
0.7843440193517432,2467,18,1273,242,0.9307692307692308,0.15973597359735975,0.9927565392354125,0.27267605633802816
0.7840287142926375,2467,18,1272,243,0.9310344827586207,0.1603960396039604,0.9927565392354125,0.27364864864864863
0.7828629228499931,2467,18,1271,244,0.9312977099236641,0.16105610561056105,0.9927565392354125,0.2746201463140124
0.7824515656474091,2467,18,1270,245,0.9315589353612167,0.1617161716171617,0.9927565392354125,0.2755905511811024
0.7823228174994487,2467,18,1269,246,0.9318181818181818,0.16237623762376238,0.9927565392354125,0.2765598650927487
0.7821704137119064,2467,18,1268,247,0.9320754716981132,0.16303630363036303,0.9927565392354125,0.27752808988764044
0.7819469580545803,2467,18,1267,248,0.9323308270676691,0.16369636963696368,0.9927565392354125,0.2784952274003369
0.7812882689646451,2467,18,1266,249,0.9325842696629213,0.16435643564356436,0.9927565392354125,0.27946127946127947
0.7807124117268995,2467,18,1265,250,0.9328358208955224,0.16501650165016502,0.9927565392354125,0.28042624789680315
0.7793917655350999,2466,19,1265,250,0.929368029739777,0.16501650165016502,0.9923541247484909,0.2802690582959641
0.7793917508989628,2466,19,1264,251,0.9296296296296296,0.16567656765676567,0.9923541247484909,0.2812324929971989
0.7773986109218406,2466,19,1263,252,0.9298892988929889,0.16633663366336635,0.9923541247484909,0.2821948488241881
0.7771840515610656,2466,19,1262,253,0.9301470588235294,0.166996699669967,0.9923541247484909,0.2831561275881365
0.7758254353522376,2466,19,1261,254,0.9304029304029304,0.16765676567656765,0.9923541247484909,0.2841163310961969
0.7755132076499215,2466,19,1260,255,0.9306569343065694,0.16831683168316833,0.9923541247484909,0.2850754611514813
0.7751764524625177,2466,19,1259,256,0.9309090909090909,0.16897689768976898,0.9923541247484909,0.2860335195530726
0.7748671584166626,2466,19,1258,257,0.9311594202898551,0.16963696369636963,0.9923541247484909,0.2869905080960357
0.7747563452454421,2466,19,1257,258,0.9314079422382672,0.1702970297029703,0.9923541247484909,0.28794642857142855
0.7741307585893538,2466,19,1256,259,0.9316546762589928,0.17095709570957096,0.9923541247484909,0.28890128276631344
0.7741168761297937,2466,19,1255,260,0.931899641577061,0.1716171617161716,0.9923541247484909,0.2898550724637681
0.7739517816018074,2466,19,1254,261,0.9321428571428572,0.17227722772277226,0.9923541247484909,0.2908077994428969
0.7739282855267808,2466,19,1253,262,0.9323843416370107,0.17293729372937294,0.9923541247484909,0.29175946547884185
0.7737417771502328,2466,19,1252,263,0.9326241134751773,0.1735973597359736,0.9923541247484909,0.29271007234279356
0.7729904701096059,2466,19,1251,264,0.9328621908127208,0.17425742574257425,0.9923541247484909,0.2936596218020022
0.7724432018136533,2466,19,1250,265,0.9330985915492958,0.17491749174917492,0.9923541247484909,0.2946081156197888
0.7723170620400369,2466,19,1249,266,0.9333333333333333,0.17557755775577558,0.9923541247484909,0.29555555555555557
0.7722183664336547,2466,19,1248,267,0.9335664335664335,0.17623762376237623,0.9923541247484909,0.29650194336479735
0.7711665164633089,2466,19,1247,268,0.9337979094076655,0.1768976897689769,0.9923541247484909,0.2974472807991121
0.7710721971940429,2465,20,1247,268,0.9305555555555556,0.1768976897689769,0.9919517102615694,0.29728230726566834
0.7709900219180664,2465,20,1246,269,0.9307958477508651,0.17755775577557756,0.9919517102615694,0.2982261640798226
0.7708990308264243,2465,20,1245,270,0.9310344827586207,0.1782178217821782,0.9919517102615694,0.29916897506925205
0.7701992739646657,2465,20,1244,271,0.9312714776632303,0.1788778877887789,0.9919517102615694,0.3001107419712071
0.7700376086098418,2465,20,1243,272,0.9315068493150684,0.17953795379537954,0.9919517102615694,0.3010514665190924
0.7692210264051952,2465,20,1242,273,0.931740614334471,0.1801980198019802,0.9919517102615694,0.3019911504424779
0.7688451577754892,2464,21,1242,273,0.9285714285714286,0.1801980198019802,0.9915492957746479,0.3018242122719735
0.7676476468425872,2464,21,1241,274,0.9288135593220339,0.18085808580858087,0.9915492957746479,0.3027624309392265
0.7670478056769747,2464,21,1240,275,0.9290540540540541,0.18151815181518152,0.9915492957746479,0.3036996134732192
0.7662423976917968,2464,21,1239,276,0.9292929292929293,0.18217821782178217,0.9915492957746479,0.304635761589404
0.7660455091395076,2464,21,1238,277,0.9295302013422819,0.18283828382838282,0.9915492957746479,0.3055708769994484
0.7656256678092529,2464,21,1237,278,0.9297658862876255,0.1834983498349835,0.9915492957746479,0.3065049614112459
0.7653512286740355,2464,21,1236,279,0.93,0.18415841584158416,0.9915492957746479,0.3074380165289256
0.7649034461780679,2464,21,1235,280,0.9302325581395349,0.1848184818481848,0.9915492957746479,0.30837004405286345
0.7637669042473102,2464,21,1234,281,0.9304635761589404,0.18547854785478549,0.9915492957746479,0.3093010456796918
0.7625086403027429,2464,21,1233,282,0.9306930693069307,0.18613861386138614,0.9915492957746479,0.3102310231023102
0.7624722927710774,2464,21,1232,283,0.930921052631579,0.1867986798679868,0.9915492957746479,0.31115997800989553
0.7612296242339626,2463,22,1232,283,0.9278688524590164,0.1867986798679868,0.9911468812877263,0.310989010989011
0.7609902656922095,2463,22,1231,284,0.9281045751633987,0.18745874587458747,0.9911468812877263,0.31191652937946185
0.7593943755319302,2462,23,1231,284,0.9250814332247557,0.18745874587458747,0.9907444668008049,0.31174533479692645
0.758976824078918,2462,23,1230,285,0.9253246753246753,0.18811881188118812,0.9907444668008049,0.3126714207350521
0.7589527142388546,2462,23,1229,286,0.9255663430420712,0.18877887788778877,0.9907444668008049,0.31359649122807015
0.7586676665881088,2462,23,1228,287,0.9258064516129032,0.18943894389438945,0.9907444668008049,0.31452054794520545
0.7579555270375671,2462,23,1227,288,0.9260450160771704,0.1900990099009901,0.9907444668008049,0.3154435925520263
0.7578597694852821,2462,23,1226,289,0.9262820512820513,0.19075907590759075,0.9907444668008049,0.3163656267104543
0.756290818852591,2462,23,1225,290,0.9265175718849841,0.19141914191419143,0.9907444668008049,0.3172866520787746
0.7535532792270194,2462,23,1224,291,0.9267515923566879,0.19207920792079208,0.9907444668008049,0.31820667031164573
0.7520919850184582,2462,23,1223,292,0.926984126984127,0.19273927392739273,0.9907444668008049,0.3191256830601093
0.7509929383133558,2462,23,1222,293,0.9272151898734177,0.19339933993399339,0.9907444668008049,0.3200436919716002
0.7506416770267381,2462,23,1221,294,0.9274447949526814,0.19405940594059407,0.9907444668008049,0.32096069868995636
0.7501264855902761,2462,23,1220,295,0.9276729559748428,0.19471947194719472,0.9907444668008049,0.32187670485542824
0.7489592628831163,2462,23,1219,296,0.9278996865203761,0.19537953795379537,0.9907444668008049,0.3227917121046892
0.7479702992390707,2462,23,1218,297,0.928125,0.19603960396039605,0.9907444668008049,0.3237057220708447
0.7471069056462718,2462,23,1217,298,0.9283489096573209,0.1966996699669967,0.9907444668008049,0.32461873638344224
0.7465763223567595,2462,23,1216,299,0.9285714285714286,0.19735973597359735,0.9907444668008049,0.32553075666848125
0.7460247753006299,2462,23,1215,300,0.9287925696594427,0.19801980198019803,0.9907444668008049,0.3264417845484222
0.7457736163587082,2462,23,1214,301,0.9290123456790124,0.19867986798679868,0.9907444668008049,0.32735182164219684
0.7448130205343731,2462,23,1213,302,0.9292307692307692,0.19933993399339933,0.9907444668008049,0.3282608695652174
0.744258704795832,2462,23,1212,303,0.9294478527607362,0.2,0.9907444668008049,0.3291689299293862
0.7440939788009965,2462,23,1211,304,0.9296636085626911,0.20066006600660066,0.9907444668008049,0.3300760043431053
0.743879523616792,2462,23,1210,305,0.9298780487804879,0.20132013201320131,0.9907444668008049,0.33098209441128595
0.7434838446877323,2462,23,1209,306,0.9300911854103343,0.201980198019802,0.9907444668008049,0.3318872017353579
0.7432433959943028,2462,23,1208,307,0.9303030303030303,0.20264026402640264,0.9907444668008049,0.33279132791327914
0.7430849379819354,2462,23,1207,308,0.9305135951661632,0.2033003300330033,0.9907444668008049,0.333694474539545
0.7426169113395277,2462,23,1206,309,0.9307228915662651,0.20396039603960395,0.9907444668008049,0.3345966432051976
0.7424379161549086,2462,23,1205,310,0.9309309309309309,0.20462046204620463,0.9907444668008049,0.3354978354978355
0.7415632122435063,2462,23,1204,311,0.9311377245508982,0.20528052805280528,0.9907444668008049,0.3363980530016225
0.7411790352886123,2462,23,1203,312,0.9313432835820895,0.20594059405940593,0.9907444668008049,0.3372972972972973
0.7411071500097829,2462,23,1202,313,0.9315476190476191,0.2066006600660066,0.9907444668008049,0.3381955699621826
0.7410154769510874,2462,23,1201,314,0.9317507418397626,0.20726072607260726,0.9907444668008049,0.3390928725701944
0.7409834248292146,2462,23,1200,315,0.9319526627218935,0.2079207920792079,0.9907444668008049,0.33998920669185106
0.7405426363185664,2462,23,1199,316,0.9321533923303835,0.2085808580858086,0.9907444668008049,0.3408845738942826
0.7396673642980034,2462,23,1198,317,0.9323529411764706,0.20924092409240924,0.9907444668008049,0.3417789757412399
0.7371572293025364,2462,23,1197,318,0.9325513196480938,0.2099009900990099,0.9907444668008049,0.3426724137931034
0.7367934405890474,2462,23,1196,319,0.9327485380116959,0.21056105610561057,0.9907444668008049,0.34356488960689285
0.7363808105930106,2462,23,1195,320,0.9329446064139941,0.21122112211221122,0.9907444668008049,0.3444564047362756
0.7352965332445658,2462,23,1194,321,0.9331395348837209,0.21188118811881188,0.9907444668008049,0.3453469607315761
0.734756878551457,2462,23,1193,322,0.9333333333333333,0.21254125412541255,0.9907444668008049,0.34623655913978496
0.7346771582380095,2462,23,1192,323,0.9335260115606936,0.2132013201320132,0.9907444668008049,0.34712520150456744
0.7345801017680971,2462,23,1191,324,0.9337175792507204,0.21386138613861386,0.9907444668008049,0.34801288936627284
0.7342812521602559,2461,24,1191,324,0.9310344827586207,0.21386138613861386,0.9903420523138833,0.34782608695652173
0.7338412988458526,2461,24,1190,325,0.9312320916905444,0.2145214521452145,0.9903420523138833,0.3487124463519313
0.7330544868929321,2461,24,1189,326,0.9314285714285714,0.2151815181518152,0.9903420523138833,0.34959785522788206
0.7329452783981986,2461,24,1188,327,0.9316239316239316,0.21584158415841584,0.9903420523138833,0.3504823151125402
0.7324015596111875,2461,24,1187,328,0.9318181818181818,0.2165016501650165,0.9903420523138833,0.3513658275307981
0.7317053663162844,2461,24,1186,329,0.9320113314447592,0.21716171617161717,0.9903420523138833,0.35224839400428265
0.7314089126362756,2460,25,1186,329,0.9293785310734464,0.21716171617161717,0.9899396378269618,0.352059925093633
0.7311590157186142,2460,25,1185,330,0.9295774647887324,0.21782178217821782,0.9899396378269618,0.35294117647058826
0.7308816697527408,2460,25,1184,331,0.9297752808988764,0.21848184818481847,0.9899396378269618,0.3538214858364511
0.7299971962729007,2459,26,1184,331,0.927170868347339,0.21848184818481847,0.9895372233400402,0.35363247863247865
0.7295812316174576,2459,26,1183,332,0.9273743016759777,0.21914191419141915,0.9895372233400402,0.35451147891083823
0.7284285599014311,2459,26,1182,333,0.9275766016713092,0.2198019801980198,0.9895372233400402,0.35538954108858056
0.7280257917053252,2459,26,1181,334,0.9277777777777778,0.22046204620462045,0.9895372233400402,0.3562666666666667
0.727457230450371,2458,27,1181,334,0.925207756232687,0.22046204620462045,0.9891348088531187,0.35607675906183367
0.7270283694576813,2458,27,1180,335,0.925414364640884,0.22112211221122113,0.9891348088531187,0.35695258391049545
0.7269233857583696,2458,27,1179,336,0.9256198347107438,0.22178217821782178,0.9891348088531187,0.35782747603833864
0.7263337160123999,2458,27,1178,337,0.9258241758241759,0.22244224422442244,0.9891348088531187,0.35870143693453965
0.7262557560662336,2458,27,1177,338,0.9260273972602739,0.22310231023102312,0.9891348088531187,0.3595744680851064
0.7249520625546666,2458,27,1176,339,0.9262295081967213,0.22376237623762377,0.9891348088531187,0.36044657097288674
0.7235667186824887,2458,27,1175,340,0.9264305177111717,0.22442244224422442,0.9891348088531187,0.361317747077577
0.7235650624137211,2458,27,1174,341,0.9266304347826086,0.22508250825082507,0.9891348088531187,0.3621879978757302
0.7232317292201297,2458,27,1173,342,0.926829268292683,0.22574257425742575,0.9891348088531187,0.3630573248407643
0.7230727765636937,2458,27,1172,343,0.927027027027027,0.2264026402640264,0.9891348088531187,0.3639257294429708
0.7228159218802367,2458,27,1171,344,0.9272237196765498,0.22706270627062705,0.9891348088531187,0.3647932131495228
0.7222303239823175,2458,27,1170,345,0.9274193548387096,0.22772277227722773,0.9891348088531187,0.3656597774244833
0.7218376224313228,2458,27,1169,346,0.9276139410187667,0.22838283828382838,0.9891348088531187,0.3665254237288136
0.7209226016623773,2457,28,1169,346,0.9251336898395722,0.22838283828382838,0.9887323943661972,0.3663313922710429
0.7198973885368801,2457,28,1168,347,0.9253333333333333,0.22904290429042903,0.9887323943661972,0.3671957671957672
0.7196759461368384,2457,28,1167,348,0.925531914893617,0.2297029702970297,0.9887323943661972,0.3680592279217345
0.7195396099566375,2457,28,1166,349,0.9257294429708223,0.23036303630363036,0.9887323943661972,0.3689217758985201
0.719175662266204,2457,28,1165,350,0.9259259259259259,0.23102310231023102,0.9887323943661972,0.369783412572636
0.7177793479646257,2457,28,1164,351,0.9261213720316622,0.2316831683168317,0.9887323943661972,0.3706441393875396
0.7176745687677701,2457,28,1163,352,0.9263157894736842,0.23234323432343235,0.9887323943661972,0.37150395778364115
0.7172091509133938,2457,28,1162,353,0.926509186351706,0.233003300330033,0.9887323943661972,0.37236286919831224
0.7170576557903405,2456,29,1162,353,0.9240837696335078,0.233003300330033,0.9883299798792756,0.37216657880864523
0.7167234930859313,2455,30,1162,353,0.9216710182767625,0.233003300330033,0.9879275653923542,0.3719704952581665
0.7164703189781381,2454,31,1162,353,0.9192708333333334,0.233003300330033,0.9875251509054326,0.37177461822011587
0.7157744256948456,2454,31,1161,354,0.9194805194805195,0.23366336633663368,0.9875251509054326,0.3726315789473684
0.7157403565360096,2453,32,1161,354,0.917098445595855,0.23366336633663368,0.9871227364185111,0.37243556023145713
0.7149452094636777,2452,33,1161,354,0.9147286821705426,0.23366336633663368,0.9867203219315895,0.3722397476340694
0.7134703846187214,2452,33,1160,355,0.9149484536082474,0.23432343234323433,0.9867203219315895,0.37309511297950604
0.7106795885305783,2452,33,1159,356,0.9151670951156813,0.23498349834983498,0.9867203219315895,0.3739495798319328
0.710521614944773,2452,33,1158,357,0.9153846153846154,0.23564356435643563,0.9867203219315895,0.37480314960629924
0.7103236416020108,2452,33,1157,358,0.9156010230179028,0.2363036303630363,0.9867203219315895,0.3756558237145855
0.7099153340161924,2452,33,1156,359,0.9158163265306123,0.23696369636963696,0.9867203219315895,0.3765076035658102
0.7097249582782031,2452,33,1155,360,0.916030534351145,0.2376237623762376,0.9867203219315895,0.37735849056603776
0.7095165168628003,2452,33,1154,361,0.916243654822335,0.2382838283828383,0.9867203219315895,0.3782084861183866
0.7087721719439076,2452,33,1153,362,0.9164556962025316,0.23894389438943894,0.9867203219315895,0.37905759162303665
0.70860459465406,2452,33,1152,363,0.9166666666666666,0.2396039603960396,0.9867203219315895,0.37990580847723704
0.7084637540868766,2452,33,1151,364,0.9168765743073047,0.24026402640264027,0.9867203219315895,0.3807531380753138
0.708174887093439,2451,34,1151,364,0.914572864321608,0.24026402640264027,0.986317907444668,0.3805541035023523
0.7081213157165844,2451,34,1150,365,0.9147869674185464,0.24092409240924093,0.986317907444668,0.38140020898641586
0.7080744003148913,2451,34,1149,366,0.915,0.24158415841584158,0.986317907444668,0.3822454308093995
0.7064790590828458,2451,34,1148,367,0.9152119700748129,0.24224422442244226,0.986317907444668,0.38308977035490605
0.7060833294200933,2451,34,1147,368,0.9154228855721394,0.2429042904290429,0.986317907444668,0.38393322900365157
0.7058671090058418,2450,35,1147,368,0.913151364764268,0.2429042904290429,0.9859154929577465,0.38373305526590196
0.7056906543564191,2450,35,1146,369,0.9133663366336634,0.24356435643564356,0.9859154929577465,0.3845752996352267
0.7055975068787683,2449,36,1146,369,0.9111111111111111,0.24356435643564356,0.9855130784708249,0.384375
0.7048817249605209,2449,36,1145,370,0.9113300492610837,0.24422442244224424,0.9855130784708249,0.38521603331598125
0.7046713071315837,2449,36,1144,371,0.9115479115479116,0.2448844884488449,0.9855130784708249,0.38605619146722164
0.7043857872756331,2449,36,1143,372,0.9117647058823529,0.24554455445544554,0.9855130784708249,0.3868954758190328
0.7038410886628809,2449,36,1142,373,0.9119804400977995,0.2462046204620462,0.9855130784708249,0.3877338877338877
0.7036179801723085,2449,36,1141,374,0.9121951219512195,0.24686468646864687,0.9855130784708249,0.38857142857142857
0.7033698634722562,2449,36,1140,375,0.9124087591240876,0.24752475247524752,0.9855130784708249,0.3894080996884735
0.7023513234135124,2449,36,1139,376,0.912621359223301,0.24818481848184817,0.9855130784708249,0.3902439024390244
0.7015162147196705,2449,36,1138,377,0.9128329297820823,0.24884488448844885,0.9855130784708249,0.39107883817427386
0.7014423856825767,2449,36,1137,378,0.9130434782608695,0.2495049504950495,0.9855130784708249,0.39191290824261277
0.7013756381272196,2449,36,1136,379,0.9132530120481928,0.2501650165016502,0.9855130784708249,0.3927461139896373
0.7010668921781265,2449,36,1135,380,0.9134615384615384,0.2508250825082508,0.9855130784708249,0.3935784567581564
0.7009964759450967,2449,36,1134,381,0.9136690647482014,0.2514851485148515,0.9855130784708249,0.3944099378881988
0.7004690573603587,2449,36,1133,382,0.9138755980861244,0.25214521452145217,0.9855130784708249,0.3952405587170202
0.7003149778448748,2449,36,1132,383,0.9140811455847255,0.2528052805280528,0.9855130784708249,0.3960703205791106
0.7001278563773472,2449,36,1131,384,0.9142857142857143,0.25346534653465347,0.9855130784708249,0.39689922480620154
0.6987810980432552,2449,36,1130,385,0.9144893111638955,0.25412541254125415,0.9855130784708249,0.3977272727272727
0.697884246168699,2448,37,1130,385,0.9123222748815166,0.25412541254125415,0.9851106639839035,0.39752194114610223
0.6977629666881852,2448,37,1129,386,0.9125295508274232,0.25478547854785477,0.9851106639839035,0.39834881320949433
0.6973618467869942,2448,37,1128,387,0.9127358490566038,0.25544554455445545,0.9851106639839035,0.3991748323878288
0.6973005174880046,2448,37,1127,388,0.9129411764705883,0.25610561056105613,0.9851106639839035,0.4
0.6971373913014683,2448,37,1126,389,0.9131455399061033,0.25676567656765675,0.9851106639839035,0.40082431736218443
0.6956639745263036,2448,37,1125,390,0.9133489461358314,0.25742574257425743,0.9851106639839035,0.4016477857878476
0.6955586116030072,2448,37,1124,391,0.9135514018691588,0.2580858085808581,0.9851106639839035,0.4024704065877509
0.6954453642204549,2448,37,1123,392,0.9137529137529138,0.25874587458745874,0.9851106639839035,0.40329218106995884
0.6953955548067688,2448,37,1122,393,0.913953488372093,0.2594059405940594,0.9851106639839035,0.4041131105398458
0.6947493541879001,2448,37,1121,394,0.91415313225058,0.2600660066006601,0.9851106639839035,0.40493319630010277
0.6936560372813907,2448,37,1120,395,0.9143518518518519,0.2607260726072607,0.9851106639839035,0.40575243965074476
0.6936005496902561,2448,37,1119,396,0.9145496535796767,0.2613861386138614,0.9851106639839035,0.406570841889117
0.6934519666670931,2448,37,1118,397,0.9147465437788018,0.262046204620462,0.9851106639839035,0.40738840430990253
0.6923084571560972,2448,37,1117,398,0.9149425287356322,0.2627062706270627,0.9851106639839035,0.4082051282051282
0.6919787876874147,2448,37,1116,399,0.9151376146788991,0.2633663366336634,0.9851106639839035,0.4090210148641722
0.6907284020779065,2448,37,1115,400,0.9153318077803204,0.264026402640264,0.9851106639839035,0.4098360655737705
0.690441578379216,2448,37,1114,401,0.9155251141552512,0.2646864686468647,0.9851106639839035,0.4106502816180235
0.6904056585782468,2448,37,1113,402,0.9157175398633257,0.26534653465346536,0.9851106639839035,0.41146366427840325
0.6900157385994733,2448,37,1112,403,0.9159090909090909,0.266006600660066,0.9851106639839035,0.4122762148337596
0.6898806308340819,2448,37,1111,404,0.9160997732426304,0.26666666666666666,0.9851106639839035,0.4130879345603272
0.6897128492627862,2448,37,1110,405,0.916289592760181,0.26732673267326734,0.9851106639839035,0.41389882473173223
0.6895548445527632,2448,37,1109,406,0.9164785553047404,0.26798679867986797,0.9851106639839035,0.41470888661899896
0.6893674084567147,2448,37,1108,407,0.9166666666666666,0.26864686468646864,0.9851106639839035,0.4155181214905564
0.6893354406317226,2448,37,1107,408,0.9168539325842696,0.2693069306930693,0.9851106639839035,0.4163265306122449
0.6889042965982484,2448,37,1106,409,0.9170403587443946,0.26996699669966995,0.9851106639839035,0.4171341152473228
0.688508706825296,2448,37,1105,410,0.9172259507829977,0.2706270627062706,0.9851106639839035,0.417940876656473
0.6875283177486617,2448,37,1104,411,0.9174107142857143,0.2712871287128713,0.9851106639839035,0.41874681609780945
0.6870662356012001,2448,37,1103,412,0.9175946547884187,0.27194719471947193,0.9851106639839035,0.4195519348268839
0.6869018817925345,2448,37,1102,413,0.9177777777777778,0.2726072607260726,0.9851106639839035,0.4203562340966921
0.686368925086872,2448,37,1101,414,0.917960088691796,0.2732673267326733,0.9851106639839035,0.4211597151576806
0.6858526027570497,2448,37,1100,415,0.918141592920354,0.2739273927392739,0.9851106639839035,0.42196237925775293
0.6853196595332011,2448,37,1099,416,0.9183222958057395,0.2745874587458746,0.9851106639839035,0.42276422764227645
0.684884332396831,2448,37,1098,417,0.9185022026431718,0.27524752475247527,0.9851106639839035,0.42356526155408836
0.6848812041236353,2448,37,1097,418,0.9186813186813186,0.2759075907590759,0.9851106639839035,0.4243654822335025
0.684566240269185,2448,37,1096,419,0.918859649122807,0.2765676567656766,0.9851106639839035,0.42516489091831555
0.6844851768478647,2448,37,1095,420,0.9190371991247265,0.27722772277227725,0.9851106639839035,0.4259634888438134
0.6840325179156921,2448,37,1094,421,0.9192139737991266,0.2778877887788779,0.9851106639839035,0.4267612772427775
0.683990629995498,2447,38,1094,421,0.9172113289760349,0.2778877887788779,0.9847082494969819,0.4265450861195542
0.6839541971772146,2447,38,1093,422,0.9173913043478261,0.27854785478547855,0.9847082494969819,0.4273417721518987
0.6837796578359788,2447,38,1092,423,0.9175704989154013,0.27920792079207923,0.9847082494969819,0.42813765182186236
0.6824309778969969,2447,38,1091,424,0.9177489177489178,0.27986798679867986,0.9847082494969819,0.4289327263530602
0.6811825100651104,2447,38,1090,425,0.91792656587473,0.28052805280528054,0.9847082494969819,0.42972699696663297
0.6809191680819893,2447,38,1089,426,0.9181034482758621,0.2811881188118812,0.9847082494969819,0.4305204648812532
0.6809186038803763,2447,38,1088,427,0.9182795698924732,0.28184818481848184,0.9847082494969819,0.4313131313131313
0.6807130317102742,2447,38,1087,428,0.9184549356223176,0.2825082508250825,0.9847082494969819,0.4321049974760222
0.6805234214279687,2447,38,1086,429,0.9186295503211992,0.28316831683168314,0.9847082494969819,0.4328960645812311
0.6805221878856401,2447,38,1085,430,0.9188034188034188,0.2838283828382838,0.9847082494969819,0.4336863338376198
0.6804349582392655,2447,38,1084,431,0.9189765458422174,0.2844884488448845,0.9847082494969819,0.4344758064516129
0.6786389540020409,2447,38,1083,432,0.9191489361702128,0.2851485148514851,0.9847082494969819,0.43526448362720405
0.677783699714879,2447,38,1082,433,0.9193205944798302,0.2858085808580858,0.9847082494969819,0.43605236656596175
0.6776048265651109,2447,38,1081,434,0.9194915254237288,0.2864686468646865,0.9847082494969819,0.43683945646703576
0.6764859393938563,2447,38,1080,435,0.919661733615222,0.2871287128712871,0.9847082494969819,0.43762575452716296
0.6760118500631719,2447,38,1079,436,0.919831223628692,0.2877887788778878,0.9847082494969819,0.4384112619406737
0.675969974676698,2447,38,1078,437,0.92,0.28844884488448846,0.9847082494969819,0.4391959798994975
0.6755444321580758,2447,38,1077,438,0.9201680672268907,0.2891089108910891,0.9847082494969819,0.43997990959316924
0.675056934078918,2447,38,1076,439,0.9203354297693921,0.28976897689768977,0.9847082494969819,0.4407630522088353
0.6741683314986762,2447,38,1075,440,0.9205020920502092,0.29042904290429045,0.9847082494969819,0.44154540893125943
0.6737996612777154,2447,38,1074,441,0.9206680584551148,0.29108910891089107,0.9847082494969819,0.44232698094282846
0.6736711355641536,2447,38,1073,442,0.9208333333333333,0.29174917491749175,0.9847082494969819,0.4431077694235589
0.6734706778227328,2447,38,1072,443,0.920997920997921,0.29240924092409243,0.9847082494969819,0.4438877755511022
0.6734680579438447,2447,38,1071,444,0.921161825726141,0.29306930693069305,0.9847082494969819,0.44466700050075114
0.6733568040798896,2446,39,1071,444,0.9192546583850931,0.29306930693069305,0.9843058350100604,0.4444444444444444
0.672990161501309,2446,39,1070,445,0.9194214876033058,0.29372937293729373,0.9843058350100604,0.4452226113056528
0.6726849905932533,2446,39,1069,446,0.9195876288659793,0.2943894389438944,0.9843058350100604,0.446
0.6721492470407752,2446,39,1068,447,0.9197530864197531,0.29504950495049503,0.9843058350100604,0.44677661169415295
0.6704081124688868,2446,39,1067,448,0.919917864476386,0.2957095709570957,0.9843058350100604,0.44755244755244755
0.670343899374431,2446,39,1066,449,0.9200819672131147,0.2963696369636964,0.9843058350100604,0.44832750873689464
0.6698939710854115,2446,39,1065,450,0.9202453987730062,0.297029702970297,0.9843058350100604,0.4491017964071856
0.6696147565061998,2445,40,1065,450,0.9183673469387755,0.297029702970297,0.9839034205231388,0.4488778054862843
0.6687755615236893,2445,40,1064,451,0.9185336048879837,0.2976897689768977,0.9839034205231388,0.44965104685942175
0.6685179571604817,2445,40,1063,452,0.9186991869918699,0.2983498349834984,0.9839034205231388,0.4504235176880917
0.6680692307525078,2445,40,1062,453,0.9188640973630832,0.299009900990099,0.9839034205231388,0.45119521912350596
0.6674586592314607,2445,40,1061,454,0.9190283400809717,0.2996699669966997,0.9839034205231388,0.45196615231458437
0.6669575212756568,2445,40,1060,455,0.9191919191919192,0.30033003300330036,0.9839034205231388,0.4527363184079602
0.6665778547728332,2445,40,1059,456,0.9193548387096774,0.300990099009901,0.9839034205231388,0.4535057185479861
0.6664790672194625,2444,41,1059,456,0.9175050301810865,0.300990099009901,0.9835010060362173,0.4532803180914513
0.6663256009677568,2444,41,1058,457,0.9176706827309237,0.30165016501650166,0.9835010060362173,0.4540486835568803
0.6662098052075047,2444,41,1057,458,0.9178356713426854,0.3023102310231023,0.9835010060362173,0.4548162859980139
0.6657578232514885,2444,41,1056,459,0.918,0.30297029702970296,0.9835010060362173,0.45558312655086847
0.6656786253168221,2444,41,1055,460,0.9181636726546906,0.30363036303630364,0.9835010060362173,0.45634920634920634
0.6649721891485456,2444,41,1054,461,0.9183266932270916,0.30429042904290426,0.9835010060362173,0.4571145265245414
0.6646738767360615,2444,41,1053,462,0.9184890656063618,0.30495049504950494,0.9835010060362173,0.4578790882061447
0.6644869042638982,2444,41,1052,463,0.9186507936507936,0.3056105610561056,0.9835010060362173,0.45864289252105
0.6642439638248685,2444,41,1051,464,0.9188118811881189,0.30627062706270625,0.9835010060362173,0.4594059405940594
0.6640924533363749,2444,41,1050,465,0.9189723320158103,0.3069306930693069,0.9835010060362173,0.46016823354774866
0.664083949391778,2444,41,1049,466,0.9191321499013807,0.3075907590759076,0.9835010060362173,0.4609297725024728
0.663731590088997,2444,41,1048,467,0.9192913385826772,0.30825082508250823,0.9835010060362173,0.4616905585763717
0.6637128613810274,2443,42,1048,467,0.9174852652259332,0.30825082508250823,0.9830985915492958,0.4614624505928854
0.6634093983579622,2443,42,1047,468,0.9176470588235294,0.3089108910891089,0.9830985915492958,0.4622222222222222
0.6628526206330162,2442,43,1047,468,0.9158512720156555,0.3089108910891089,0.9826961770623742,0.46199407699901285
0.6610830292973529,2442,43,1046,469,0.916015625,0.3095709570957096,0.9826961770623742,0.4627528367044894
0.6607745732453936,2442,43,1045,470,0.9161793372319688,0.3102310231023102,0.9826961770623742,0.4635108481262327
0.6604888968767241,2442,43,1044,471,0.9163424124513618,0.3108910891089109,0.9826961770623742,0.46426811237062593
0.6601575042044887,2442,43,1043,472,0.916504854368932,0.31155115511551157,0.9826961770623742,0.46502463054187193
0.6601351979536113,2442,43,1042,473,0.9166666666666666,0.3122112211221122,0.9826961770623742,0.465780403741999
0.6597229248486262,2441,44,1042,473,0.9148936170212766,0.3122112211221122,0.9822937625754528,0.4655511811023622
0.6593170782697554,2441,44,1041,474,0.915057915057915,0.31287128712871287,0.9822937625754528,0.4663059517953763
0.6591866388929891,2441,44,1040,475,0.9152215799614644,0.31353135313531355,0.9822937625754528,0.4670599803343166
0.6590696344026392,2441,44,1039,476,0.9153846153846154,0.3141914191419142,0.9822937625754528,0.4678132678132678
0.6588760926969334,2441,44,1038,477,0.9155470249520153,0.31485148514851485,0.9822937625754528,0.468565815324165
0.6585529115061317,2441,44,1037,478,0.9157088122605364,0.31551155115511553,0.9822937625754528,0.4693176239567992
0.6572463087379963,2441,44,1036,479,0.9158699808795411,0.31617161716171616,0.9822937625754528,0.47006869479882235
0.6554161224301657,2441,44,1035,480,0.916030534351145,0.31683168316831684,0.9822937625754528,0.47081902893575284
0.6548204419266931,2441,44,1034,481,0.9161904761904762,0.3174917491749175,0.9822937625754528,0.4715686274509804
0.6527706905297864,2441,44,1033,482,0.9163498098859315,0.31815181518151814,0.9822937625754528,0.4723174914257717
0.652264817900667,2440,45,1033,482,0.9146110056925996,0.31815181518151814,0.9818913480885312,0.4720861900097943
0.65174046316055,2440,45,1032,483,0.9147727272727273,0.3188118811881188,0.9818913480885312,0.47283406754772395
0.6514920579225172,2440,45,1031,484,0.9149338374291115,0.3194719471947195,0.9818913480885312,0.4735812133072407
0.6512336892789666,2440,45,1030,485,0.9150943396226415,0.3201320132013201,0.9818913480885312,0.4743276283618582
0.6510455488957618,2440,45,1029,486,0.9152542372881356,0.3207920792079208,0.9818913480885312,0.4750733137829912
0.6507891722160959,2439,46,1029,486,0.9135338345864662,0.3207920792079208,0.9814889336016096,0.4748412310698583
0.6505977047687599,2439,46,1028,487,0.9136960600375235,0.3214521452145215,0.9814889336016096,0.4755859375
0.6497425282601204,2439,46,1027,488,0.9138576779026217,0.3221122112211221,0.9814889336016096,0.4763299170326989
0.6484814005803409,2439,46,1026,489,0.914018691588785,0.3227722772277228,0.9814889336016096,0.4770731707317073
0.6480918859413817,2439,46,1025,490,0.914179104477612,0.3234323432343234,0.9814889336016096,0.4778156996587031
0.6477810107219384,2439,46,1024,491,0.9143389199255121,0.3240924092409241,0.9814889336016096,0.47855750487329435
0.6467858285901761,2438,47,1024,491,0.912639405204461,0.3240924092409241,0.9810865191146881,0.47832440331222603
0.6467558619406627,2438,47,1023,492,0.9128014842300557,0.32475247524752476,0.9810865191146881,0.4790652385589094
0.6461687289022575,2438,47,1022,493,0.912962962962963,0.3254125412541254,0.9810865191146881,0.47980535279805353
0.6461427410922518,2438,47,1021,494,0.9131238447319778,0.32607260726072607,0.9810865191146881,0.4805447470817121
0.6450355527563995,2438,47,1020,495,0.9132841328413284,0.32673267326732675,0.9810865191146881,0.48128342245989303
0.6449855954382057,2438,47,1019,496,0.9134438305709024,0.32739273927392737,0.9810865191146881,0.48202137998056366
0.6444000142590667,2438,47,1018,497,0.9136029411764706,0.32805280528052805,0.9810865191146881,0.4827586206896552
0.6442983405331165,2437,48,1018,497,0.9119266055045872,0.32805280528052805,0.9806841046277666,0.4825242718446602
0.6438173536266288,2437,48,1017,498,0.9120879120879121,0.3287128712871287,0.9806841046277666,0.48326055312954874
0.643506025532593,2437,48,1016,499,0.9122486288848263,0.32937293729372935,0.9806841046277666,0.483996120271581
0.6426473264723611,2437,48,1015,500,0.9124087591240876,0.33003300330033003,0.9806841046277666,0.4847309743092584
0.6421544725320537,2437,48,1014,501,0.912568306010929,0.3306930693069307,0.9806841046277666,0.48546511627906974
0.6418546829428009,2436,49,1014,501,0.9109090909090909,0.3306930693069307,0.9802816901408451,0.48523002421307504
0.6416168773610664,2436,49,1013,502,0.911070780399274,0.33135313531353133,0.9802816901408451,0.48596321393998065
0.6414806411069001,2436,49,1012,503,0.9112318840579711,0.332013201320132,0.9802816901408451,0.4866956942428641
0.6410762126726586,2436,49,1011,504,0.9113924050632911,0.3326732673267327,0.9802816901408451,0.4874274661508704
0.6406905074922636,2436,49,1010,505,0.9115523465703971,0.3333333333333333,0.9802816901408451,0.48815853069115517
0.6405994478726086,2436,49,1009,506,0.9117117117117117,0.333993399339934,0.9802816901408451,0.4888888888888889
0.6403517908549105,2436,49,1008,507,0.9118705035971223,0.3346534653465347,0.9802816901408451,0.4896185417672622
0.6400466869393284,2436,49,1007,508,0.9120287253141831,0.3353135313531353,0.9802816901408451,0.49034749034749037
0.6397357726640576,2436,49,1006,509,0.9121863799283154,0.335973597359736,0.9802816901408451,0.4910757356488181
0.6396329018266667,2436,49,1005,510,0.9123434704830053,0.33663366336633666,0.9802816901408451,0.4918032786885246
0.6392003253136318,2436,49,1004,511,0.9125,0.3372937293729373,0.9802816901408451,0.49253012048192774
0.6390469712369061,2436,49,1003,512,0.9126559714795008,0.33795379537953796,0.9802816901408451,0.4932562620423892
0.6378157148945552,2435,50,1003,512,0.9110320284697508,0.33795379537953796,0.9798792756539235,0.4930187770823303
0.6373649579534864,2435,50,1002,513,0.911190053285968,0.33861386138613864,0.9798792756539235,0.4937439846005775
0.6365215045668777,2434,51,1002,513,0.9095744680851063,0.33861386138613864,0.979476861167002,0.4935064935064935
0.6361896989965766,2434,51,1001,514,0.9097345132743363,0.33927392739273926,0.979476861167002,0.49423076923076925
0.6360435860773662,2434,51,1000,515,0.9098939929328622,0.33993399339933994,0.979476861167002,0.49495434887073525
0.6355685545737747,2434,51,999,516,0.91005291005291,0.3405940594059406,0.979476861167002,0.4956772334293948
0.6355542348394411,2434,51,998,517,0.9102112676056338,0.34125412541254124,0.979476861167002,0.49639942390782527
0.634689989938588,2434,51,997,518,0.9103690685413005,0.3419141914191419,0.979476861167002,0.4971209213051823
0.6345451447606311,2434,51,996,519,0.9105263157894737,0.3425742574257426,0.979476861167002,0.497841726618705
0.6340992110666416,2434,51,995,520,0.9106830122591943,0.3432343234323432,0.979476861167002,0.49856184084372
0.6339140423272406,2434,51,994,521,0.9108391608391608,0.3438943894389439,0.979476861167002,0.4992812649736464
0.6335745753243693,2433,52,994,521,0.9092495636998255,0.3438943894389439,0.9790744466800805,0.4990421455938697
0.6327777088720239,2433,52,993,522,0.9094076655052264,0.3445544554455445,0.9790744466800805,0.4997606510292006
0.6326790406925776,2433,52,992,523,0.9095652173913044,0.3452145214521452,0.9790744466800805,0.5004784688995215
0.6325499688095395,2433,52,991,524,0.9097222222222222,0.3458745874587459,0.9790744466800805,0.501195600191296
0.631894538993775,2433,52,990,525,0.9098786828422877,0.3465346534653465,0.9790744466800805,0.5019120458891013
0.6317307131871385,2432,53,990,525,0.9083044982698962,0.3465346534653465,0.9786720321931589,0.5016722408026756
0.6312308333926043,2431,54,990,525,0.9067357512953368,0.3465346534653465,0.9782696177062374,0.501432664756447
0.6312018161257409,2431,54,989,526,0.906896551724138,0.3471947194719472,0.9782696177062374,0.5021479713603818
0.6310232200603259,2431,54,988,527,0.9070567986230637,0.34785478547854787,0.9782696177062374,0.5028625954198473
0.630834526132888,2431,54,987,528,0.9072164948453608,0.3485148514851485,0.9782696177062374,0.5035765379113019
0.6301725240063908,2430,55,987,528,0.9056603773584906,0.3485148514851485,0.9778672032193159,0.5033365109628217
0.6292060132791927,2430,55,986,529,0.9058219178082192,0.34917491749174917,0.9778672032193159,0.5040495474035255
0.6284807262883721,2429,56,986,529,0.9042735042735043,0.34917491749174917,0.9774647887323944,0.5038095238095238
0.6284195392346407,2429,56,985,530,0.9044368600682594,0.34983498349834985,0.9774647887323944,0.504521656354117
0.6280980119455658,2429,56,984,531,0.9045996592844975,0.3504950495049505,0.9774647887323944,0.50523311132255
0.6272923669585879,2429,56,983,532,0.9047619047619048,0.35115511551155115,0.9774647887323944,0.5059438896814075
0.6270901538106386,2429,56,982,533,0.9049235993208828,0.35181518151815183,0.9774647887323944,0.5066539923954373
0.6269215043923643,2429,56,981,534,0.9050847457627119,0.35247524752475246,0.9774647887323944,0.5073634204275534
0.6263148137891942,2429,56,980,535,0.9052453468697124,0.35313531353135313,0.9774647887323944,0.5080721747388414
0.6262806910142196,2429,56,979,536,0.9054054054054054,0.3537953795379538,0.9774647887323944,0.5087802562885619
0.6260689871116947,2429,56,978,537,0.9055649241146712,0.35445544554455444,0.9774647887323944,0.5094876660341556
0.6255236624741187,2429,56,977,538,0.9057239057239057,0.3551155115511551,0.9774647887323944,0.510194404931247
0.6243597350337489,2429,56,976,539,0.9058823529411765,0.3557755775577558,0.9774647887323944,0.5109004739336492
0.6223317085516947,2429,56,975,540,0.9060402684563759,0.3564356435643564,0.9774647887323944,0.5116058739933681
0.6221138605904877,2429,56,974,541,0.9061976549413735,0.3570957095709571,0.9774647887323944,0.5123106060606061
0.6218437094177339,2428,57,974,541,0.9046822742474916,0.3570957095709571,0.9770623742454728,0.5120681495504023
0.6218271384598922,2428,57,973,542,0.9048414023372288,0.3577557755775578,0.9770623742454728,0.5127719962157048
0.6217835096099383,2428,57,972,543,0.905,0.3584158415841584,0.9770623742454728,0.5134751773049645
0.6216945108827393,2428,57,971,544,0.9051580698835274,0.3590759075907591,0.9770623742454728,0.5141776937618148
0.6211501806696944,2428,57,970,545,0.9053156146179402,0.35973597359735976,0.9770623742454728,0.5148795465281059
0.6209122040521674,2428,57,969,546,0.9054726368159204,0.3603960396039604,0.9770623742454728,0.5155807365439093
0.6200011336609372,2428,57,968,547,0.9056291390728477,0.36105610561056106,0.9770623742454728,0.5162812647475225
0.6196326051168195,2427,58,968,547,0.9041322314049587,0.36105610561056106,0.9766599597585514,0.5160377358490567
0.619566624641136,2426,59,968,547,0.9026402640264026,0.36105610561056106,0.9762575452716298,0.5157944365865158
0.6191342832143868,2426,59,967,548,0.9028006589785832,0.36171617161716174,0.9762575452716298,0.5164938737040528
0.6190025830828711,2425,60,967,548,0.9013157894736842,0.36171617161716174,0.9758551307847082,0.5162505887894488
0.6188779302992277,2425,60,966,549,0.9014778325123153,0.36237623762376237,0.9758551307847082,0.5169491525423728
0.6185926311691654,2425,60,965,550,0.9016393442622951,0.36303630363036304,0.9758551307847082,0.5176470588235295
0.6185786230135756,2424,61,965,550,0.900163666121113,0.36303630363036304,0.9754527162977867,0.5174035747883349
0.6182494094377812,2424,61,964,551,0.9003267973856209,0.3636963696369637,0.9754527162977867,0.5181006111894687
0.6179242082161841,2423,62,964,551,0.8988580750407831,0.3636963696369637,0.9750503018108652,0.5178571428571429
0.6179082379808367,2423,62,963,552,0.8990228013029316,0.36435643564356435,0.9750503018108652,0.5185533114138093
0.616999740068911,2422,63,963,552,0.8975609756097561,0.36435643564356435,0.9746478873239437,0.5183098591549296
0.6166522365809655,2422,63,962,553,0.8977272727272727,0.365016501650165,0.9746478873239437,0.5190051618958236
0.6163643232836503,2422,63,961,554,0.8978930307941653,0.36567656765676565,0.9746478873239437,0.5196998123827392
0.6160304004476812,2421,64,961,554,0.8964401294498382,0.36567656765676565,0.9742454728370221,0.5194561650257853
0.6159469283882791,2421,64,960,555,0.8966074313408724,0.36633663366336633,0.9742454728370221,0.5201499531396439
0.6154409642331515,2421,64,959,556,0.896774193548387,0.366996699669967,0.9742454728370221,0.5208430913348946
0.6151036360048506,2421,64,958,557,0.8969404186795491,0.36765676567656763,0.9742454728370221,0.5215355805243446
0.6137033195062221,2420,65,958,557,0.8954983922829582,0.36765676567656763,0.9738430583501007,0.5212915301824989
0.6126722422855571,2419,66,958,557,0.8940609951845907,0.36765676567656763,0.9734406438631791,0.5210477081384471
0.6112462742639109,2418,67,958,557,0.8926282051282052,0.36765676567656763,0.9730382293762575,0.5208041140719962
0.6107884119795963,2418,67,957,558,0.8928,0.3683168316831683,0.9730382293762575,0.5214953271028038
0.609336070038616,2418,67,956,559,0.8929712460063898,0.368976897689769,0.9730382293762575,0.5221858944418496
0.6092388051523661,2418,67,955,560,0.8931419457735247,0.3696369636963696,0.9730382293762575,0.5228758169934641
0.6090635005785621,2417,68,955,560,0.89171974522293,0.3696369636963696,0.972635814889336,0.5226318245450303
0.6089760824758508,2417,68,954,561,0.8918918918918919,0.3702970297029703,0.972635814889336,0.523320895522388
0.608679430702418,2416,69,954,561,0.8904761904761904,0.3702970297029703,0.9722334004024145,0.5230769230769231
0.6085972203868009,2416,69,953,562,0.8906497622820919,0.37095709570957097,0.9722334004024145,0.5237651444547996
0.607792577619767,2415,70,953,562,0.8892405063291139,0.37095709570957097,0.971830985915493,0.5235211923614346
0.6071939360561793,2415,70,952,563,0.8894154818325435,0.3716171617161716,0.971830985915493,0.5242085661080075
0.6071540520551395,2415,70,951,564,0.889589905362776,0.3722772277227723,0.971830985915493,0.5248953001395998
0.6060990440630217,2415,70,950,565,0.889763779527559,0.37293729372937295,0.971830985915493,0.5255813953488372
0.6060093821006264,2414,71,950,565,0.8883647798742138,0.37293729372937295,0.9714285714285714,0.5253370525337052
0.6059768195670284,2414,71,949,566,0.8885400313971743,0.3735973597359736,0.9714285714285714,0.5260223048327137
0.6053004350575909,2414,71,948,567,0.8887147335423198,0.37425742574257426,0.9714285714285714,0.5267069205759406
0.604848326230572,2414,71,947,568,0.8888888888888888,0.37491749174917494,0.9714285714285714,0.5273909006499535
0.6044852910174715,2414,71,946,569,0.8890625,0.37557755775577556,0.9714285714285714,0.5280742459396752
0.603905600942486,2414,71,945,570,0.8892355694227769,0.37623762376237624,0.9714285714285714,0.5287569573283859
0.6036787306820062,2414,71,944,571,0.8894080996884736,0.3768976897689769,0.9714285714285714,0.5294390356977283
0.6027746781061326,2414,71,943,572,0.8895800933125972,0.37755775577557754,0.9714285714285714,0.5301204819277109
0.6026348087746688,2414,71,942,573,0.889751552795031,0.3782178217821782,0.9714285714285714,0.5308012968967114
0.6019384657225052,2414,71,941,574,0.889922480620155,0.3788778877887789,0.9714285714285714,0.5314814814814814
0.6007308009086578,2413,72,941,574,0.8885448916408669,0.3788778877887789,0.97102615694165,0.5312355391022675
0.6003084544111188,2413,72,940,575,0.8887171561051005,0.3795379537953795,0.97102615694165,0.5319148936170213
0.5998888847521402,2413,72,939,576,0.8888888888888888,0.3801980198019802,0.97102615694165,0.5325936199722607
0.5997168465146985,2412,73,939,576,0.8875192604006163,0.3801980198019802,0.9706237424547284,0.532347504621072
0.5987981097086212,2412,73,938,577,0.8876923076923077,0.3808580858085809,0.9706237424547284,0.5330254041570439
0.5980854105902247,2411,74,938,577,0.8863287250384024,0.3808580858085809,0.9702213279678068,0.5327793167128347
0.5980726763639377,2411,74,937,578,0.8865030674846626,0.3815181518151815,0.9702213279678068,0.5334563913244116
0.5978572636509454,2410,75,937,578,0.885145482388974,0.3815181518151815,0.9698189134808853,0.533210332103321
0.5970462306051542,2410,75,936,579,0.8853211009174312,0.3821782178217822,0.9698189134808853,0.5338865836791148
0.5967291726321629,2409,76,936,579,0.8839694656488549,0.3821782178217822,0.9694164989939638,0.5336405529953917
0.5963449652070876,2408,77,936,579,0.8826219512195121,0.3821782178217822,0.9690140845070423,0.5333947489636113
0.5963429101839844,2408,77,935,580,0.882800608828006,0.38283828382838286,0.9690140845070423,0.5340699815837937
0.5945278885736957,2407,78,935,580,0.8814589665653495,0.38283828382838286,0.9686116700201207,0.53382420616659
0.5936302435060045,2407,78,934,581,0.881638846737481,0.3834983498349835,0.9686116700201207,0.5344986200551978
0.5936194250774021,2407,78,933,582,0.8818181818181818,0.38415841584158417,0.9686116700201207,0.5351724137931034
0.5933194223288929,2407,78,932,583,0.8819969742813918,0.38481848184818485,0.9686116700201207,0.5358455882352942
0.591933088334059,2407,78,931,584,0.8821752265861027,0.38547854785478547,0.9686116700201207,0.5365181442351861
0.5919053802374047,2407,78,930,585,0.8823529411764706,0.38613861386138615,0.9686116700201207,0.5371900826446281
0.5917326264844571,2407,78,929,586,0.8825301204819277,0.38679867986798677,0.9686116700201207,0.5378614043139055
0.590870414422545,2407,78,928,587,0.8827067669172932,0.38745874587458745,0.9686116700201207,0.5385321100917431
0.5900985602216439,2407,78,927,588,0.8828828828828829,0.38811881188118813,0.9686116700201207,0.5392022008253095
0.5897796229833359,2407,78,926,589,0.8830584707646177,0.38877887788778875,0.9686116700201207,0.53987167736022
0.589681692183592,2407,78,925,590,0.8832335329341318,0.38943894389438943,0.9686116700201207,0.5405405405405406
0.5895953124368807,2407,78,924,591,0.8834080717488789,0.3900990099009901,0.9686116700201207,0.5412087912087912
0.5884967825441719,2406,79,924,591,0.8820895522388059,0.3900990099009901,0.9682092555331991,0.5409610983981693
0.588231898077202,2406,79,923,592,0.8822652757078987,0.39075907590759074,0.9682092555331991,0.5416285452881976
0.586727265849493,2406,79,922,593,0.8824404761904762,0.3914191419141914,0.9682092555331991,0.5422953818015547
0.5860564053856003,2405,80,922,593,0.8811292719167905,0.3914191419141914,0.9678068410462777,0.5420475319926874
0.5860363088720365,2405,80,921,594,0.8813056379821959,0.3920792079207921,0.9678068410462777,0.542713567839196
0.5855234665764241,2405,80,920,595,0.8814814814814815,0.3927392739273927,0.9678068410462777,0.54337899543379
0.5853271535826416,2405,80,919,596,0.8816568047337278,0.3933993399339934,0.9678068410462777,0.5440438156093108
0.5845251902214682,2404,81,919,596,0.880354505169867,0.3933993399339934,0.9674044265593561,0.5437956204379562
0.5842044342529641,2404,81,918,597,0.8805309734513275,0.3940594059405941,0.9674044265593561,0.5444596443228454
0.5841384714659722,2404,81,917,598,0.8807069219440353,0.3947194719471947,0.9674044265593561,0.545123062898815
0.5838054998242106,2404,81,916,599,0.8808823529411764,0.3953795379537954,0.9674044265593561,0.5457858769931663
0.5831413836970845,2404,81,915,600,0.8810572687224669,0.39603960396039606,0.9674044265593561,0.546448087431694
0.5826018924645967,2404,81,914,601,0.8812316715542522,0.3966996699669967,0.9674044265593561,0.5471096950386891
0.58256876794943,2404,81,913,602,0.8814055636896047,0.39735973597359736,0.9674044265593561,0.5477707006369427
0.5824202631530638,2403,82,913,602,0.8801169590643275,0.39735973597359736,0.9670020120724346,0.5475216007276035
0.5820606211256685,2403,82,912,603,0.8802919708029197,0.39801980198019804,0.9670020120724346,0.5481818181818182
0.5820432874369994,2403,82,911,604,0.880466472303207,0.39867986798679866,0.9670020120724346,0.5488414357110404
0.5812804718763078,2403,82,910,605,0.8806404657933042,0.39933993399339934,0.9670020120724346,0.5495004541326067
0.5802037837193997,2403,82,909,606,0.8808139534883721,0.4,0.9670020120724346,0.5501588742623695
0.5799447129654549,2403,82,908,607,0.8809869375907112,0.40066006600660065,0.9670020120724346,0.5508166969147006
0.5793712713597621,2403,82,907,608,0.881159420289855,0.4013201320132013,0.9670020120724346,0.5514739229024943
0.5792902475646686,2403,82,906,609,0.8813314037626628,0.401980198019802,0.9670020120724346,0.5521305530371714
0.5789135328669208,2403,82,905,610,0.8815028901734104,0.40264026402640263,0.9670020120724346,0.5527865881286814
0.5782953868676792,2403,82,904,611,0.8816738816738817,0.4033003300330033,0.9670020120724346,0.5534420289855072
0.5778428572876632,2403,82,903,612,0.8818443804034583,0.403960396039604,0.9670020120724346,0.5540968764146673
0.5776945054998315,2403,82,902,613,0.8820143884892087,0.4046204620462046,0.9670020120724346,0.5547511312217195
0.5771254852680374,2403,82,901,614,0.882183908045977,0.4052805280528053,0.9670020120724346,0.5554047942107644
0.5769480927126848,2403,82,900,615,0.8823529411764706,0.40594059405940597,0.9670020120724346,0.5560578661844484
0.5768020798492652,2403,82,899,616,0.8825214899713467,0.4066006600660066,0.9670020120724346,0.5567103479439675
0.5756343693329572,2403,82,898,617,0.882689556509299,0.40726072607260727,0.9670020120724346,0.5573622402890696
0.5752842028133158,2402,83,898,617,0.8814285714285715,0.40726072607260727,0.9665995975855131,0.5571106094808126
0.5750294574929016,2402,83,897,618,0.8815977175463623,0.4079207920792079,0.9665995975855131,0.5577617328519856
0.5746226816824912,2402,83,896,619,0.8817663817663818,0.4085808580858086,0.9665995975855131,0.5584122688317547
0.5741188531734991,2402,83,895,620,0.8819345661450925,0.40924092409240925,0.9665995975855131,0.5590622182146078
0.5741079683527825,2402,83,894,621,0.8821022727272727,0.4099009900990099,0.9665995975855131,0.5597115817936007
0.5735606241207737,2401,84,894,621,0.8808510638297873,0.4099009900990099,0.9661971830985916,0.5594594594594594
0.5728332231907044,2401,84,893,622,0.8810198300283286,0.41056105610561056,0.9661971830985916,0.5601080594326879
0.5727029653119601,2400,85,893,622,0.8797736916548797,0.41056105610561056,0.96579476861167,0.5598559855985599
0.5712005230520913,2400,85,892,623,0.8799435028248588,0.41122112211221123,0.96579476861167,0.5605038236617184
0.5710222149626711,2400,85,891,624,0.8801128349788434,0.41188118811881186,0.96579476861167,0.5611510791366906
0.5709511055728537,2400,85,890,625,0.8802816901408451,0.41254125412541254,0.96579476861167,0.5617977528089888
0.5705504463477996,2400,85,889,626,0.8804500703234881,0.4132013201320132,0.96579476861167,0.5624438454627134
0.5703703735087902,2400,85,888,627,0.8806179775280899,0.41386138613861384,0.96579476861167,0.5630893578805568
0.5699074811990289,2400,85,887,628,0.8807854137447405,0.4145214521452145,0.96579476861167,0.5637342908438061
0.569678970954844,2400,85,886,629,0.8809523809523809,0.4151815181518152,0.96579476861167,0.5643786451323464
0.5690947850920922,2399,86,886,629,0.8797202797202798,0.4151815181518152,0.9653923541247484,0.5641255605381166
0.5689057416106118,2399,86,885,630,0.8798882681564246,0.4158415841584158,0.9653923541247484,0.5647691618108471
0.5684922928230601,2398,87,885,630,0.8786610878661087,0.4158415841584158,0.964989939637827,0.5645161290322581
0.5683425473397977,2398,87,884,631,0.8788300835654597,0.4165016501650165,0.964989939637827,0.5651589789520824
0.5682426155986446,2398,87,883,632,0.8789986091794159,0.4171617161716172,0.964989939637827,0.5658012533572068
0.5678939626842029,2398,87,882,633,0.8791666666666667,0.4178217821782178,0.964989939637827,0.5664429530201343
0.5672126506348918,2398,87,881,634,0.8793342579750347,0.4184818481848185,0.964989939637827,0.5670840787119857
0.5672069273488463,2398,87,880,635,0.8795013850415513,0.41914191419141916,0.964989939637827,0.5677246312025034
0.5671621249969103,2398,87,879,636,0.8796680497925311,0.4198019801980198,0.964989939637827,0.5683646112600537
0.5668317364015589,2397,88,879,636,0.8784530386740331,0.4198019801980198,0.9645875251509054,0.5681107637338098
0.5667487767066086,2397,88,878,637,0.8786206896551724,0.42046204620462047,0.9645875251509054,0.56875
0.5666517720227908,2397,88,877,638,0.8787878787878788,0.42112211221122114,0.9645875251509054,0.569388665774208
0.566385825514414,2397,88,876,639,0.8789546079779917,0.42178217821782177,0.9645875251509054,0.5700267618198037
0.5662120807011826,2397,88,875,640,0.8791208791208791,0.42244224422442245,0.9645875251509054,0.5706642888987963
0.5656275151943478,2396,89,875,640,0.877914951989026,0.42244224422442245,0.9641851106639839,0.5704099821746881
0.565235040226497,2395,90,875,640,0.8767123287671232,0.42244224422442245,0.9637826961770624,0.5701559020044543
0.5650337892486692,2395,90,874,641,0.8768809849521204,0.4231023102310231,0.9637826961770624,0.5707925200356189
0.5650086847008624,2394,91,874,641,0.8756830601092896,0.4231023102310231,0.9633802816901409,0.5705384957721407
0.5643220912771874,2394,91,873,642,0.8758526603001364,0.42376237623762375,0.9633802816901409,0.5711743772241993
0.5642746715146182,2393,92,873,642,0.8746594005449592,0.42376237623762375,0.9629778672032193,0.5709204090706981
0.5640802497410932,2393,92,872,643,0.8748299319727891,0.42442244224422443,0.9629778672032193,0.5715555555555556
0.5639943649144639,2392,93,872,643,0.873641304347826,0.42442244224422443,0.9625754527162977,0.5713016437139049
0.563561530247494,2392,93,871,644,0.8738127544097694,0.4250825082508251,0.9625754527162977,0.5719360568383659
0.5633592103364706,2392,93,870,645,0.8739837398373984,0.42574257425742573,0.9625754527162977,0.5725699067909454
0.5632624486004225,2392,93,869,646,0.8741542625169147,0.4264026402640264,0.9625754527162977,0.5732031943212067
0.5631713359914132,2391,94,869,646,0.8729729729729729,0.4264026402640264,0.9621730382293763,0.572949002217295
0.5630562398068396,2391,94,868,647,0.873144399460189,0.4270627062706271,0.9621730382293763,0.5735815602836879
0.5625552551465816,2391,94,867,648,0.8733153638814016,0.4277227722772277,0.9621730382293763,0.5742135578201152
0.5624211717652294,2391,94,866,649,0.873485868102288,0.4283828382838284,0.9621730382293763,0.5748449955713021
0.5617646114853567,2391,94,865,650,0.8736559139784946,0.429042904290429,0.9621730382293763,0.5754758742806552
0.561532922494189,2391,94,864,651,0.8738255033557047,0.4297029702970297,0.9621730382293763,0.5761061946902655
0.5613639814021767,2390,95,864,651,0.8726541554959786,0.4297029702970297,0.9617706237424547,0.5758513931888545
0.561349047849008,2389,96,864,651,0.8714859437751004,0.4297029702970297,0.9613682092555332,0.5755968169761273
0.5604191966878984,2388,97,864,651,0.8703208556149733,0.4297029702970297,0.9609657947686117,0.5753424657534246
0.5593758488658116,2387,98,864,651,0.8691588785046729,0.4297029702970297,0.9605633802816902,0.5750883392226148
0.5593690709592697,2386,99,864,651,0.868,0.4297029702970297,0.9601609657947686,0.5748344370860927
0.5592563993108216,2385,100,864,651,0.8668442077230359,0.4297029702970297,0.959758551307847,0.5745807590467784
0.5586787554001147,2385,100,863,652,0.8670212765957447,0.4303630363036304,0.959758551307847,0.5752095280105867
0.5584994709319776,2385,100,862,653,0.8671978751660027,0.431023102310231,0.959758551307847,0.5758377425044092
0.5582164990420813,2385,100,861,654,0.8673740053050398,0.4316831683168317,0.959758551307847,0.5764654032613487
0.5581420855408903,2385,100,860,655,0.8675496688741722,0.43234323432343236,0.959758551307847,0.5770925110132159
0.557451949525049,2385,100,859,656,0.8677248677248677,0.433003300330033,0.959758551307847,0.5777190664905328
0.557425343838294,2385,100,858,657,0.8678996036988111,0.43366336633663366,0.959758551307847,0.5783450704225352
0.556922260108849,2385,100,857,658,0.8680738786279684,0.43432343234323434,0.959758551307847,0.5789705235371755
0.5568091659139148,2385,100,856,659,0.8682476943346509,0.43498349834983496,0.959758551307847,0.5795954265611257
0.5564055879593617,2384,101,856,659,0.8671052631578947,0.43498349834983496,0.9593561368209256,0.5793406593406594
0.5561350586298042,2384,101,855,660,0.8672798948751642,0.43564356435643564,0.9593561368209256,0.5799648506151143
0.5558293609453818,2384,101,854,661,0.8674540682414699,0.4363036303630363,0.9593561368209256,0.5805884936319718
0.55578374291622,2384,101,853,662,0.8676277850589778,0.43696369636963694,0.9593561368209256,0.5812115891132572
0.5553546984484311,2384,101,852,663,0.8678010471204188,0.4376237623762376,0.9593561368209256,0.5818341377797279
0.5552212772191323,2383,102,852,663,0.8666666666666667,0.4376237623762376,0.958953722334004,0.5815789473684211
0.5549899585515212,2383,102,851,664,0.8668407310704961,0.4382838283828383,0.958953722334004,0.5822007891275757
0.5547252613458012,2383,102,850,665,0.8670143415906127,0.4389438943894389,0.958953722334004,0.5828220858895705
0.554664656846237,2382,103,850,665,0.8658854166666666,0.4389438943894389,0.9585513078470825,0.5825667980727114
0.5540293140077135,2382,103,849,666,0.8660598179453837,0.4396039603960396,0.9585513078470825,0.5831873905429071
0.5536661259149444,2381,104,849,666,0.8649350649350649,0.4396039603960396,0.958148893360161,0.5829321663019693
0.553201513553437,2381,104,848,667,0.8651102464332037,0.4402640264026403,0.958148893360161,0.5835520559930009
0.5529468875784387,2381,104,847,668,0.8652849740932642,0.4409240924092409,0.958148893360161,0.5841714035854831
0.5528901910183164,2380,105,847,668,0.8641655886157826,0.4409240924092409,0.9577464788732394,0.583916083916084
0.5519656232277147,2380,105,846,669,0.8643410852713178,0.4415841584158416,0.9577464788732394,0.5845347313237221
0.5518109257425784,2379,106,846,669,0.863225806451613,0.4415841584158416,0.9573440643863179,0.5842794759825327
0.5514860247641866,2379,106,845,670,0.8634020618556701,0.44224422442244227,0.9573440643863179,0.5848974247053689
0.5512434076518883,2379,106,844,671,0.8635778635778636,0.4429042904290429,0.9573440643863179,0.5855148342059336
0.5512305355580324,2379,106,843,672,0.8637532133676092,0.44356435643564357,0.9573440643863179,0.5861317051897078
0.55114078774197,2379,106,842,673,0.8639281129653402,0.44422442244224425,0.9573440643863179,0.5867480383609416
0.5503390659038009,2379,106,841,674,0.8641025641025641,0.4448844884488449,0.9573440643863179,0.5873638344226579
0.5497645758576372,2379,106,840,675,0.8642765685019206,0.44554455445544555,0.9573440643863179,0.587979094076655
0.5497189381760513,2379,106,839,676,0.8644501278772379,0.44620462046204623,0.9573440643863179,0.588593818023509
0.5483424408402581,2379,106,838,677,0.8646232439335888,0.44686468646864685,0.9573440643863179,0.5892080069625761
0.5482422220605738,2379,106,837,678,0.8647959183673469,0.44752475247524753,0.9573440643863179,0.5898216615919966
0.547429176161116,2378,107,837,678,0.8636942675159236,0.44752475247524753,0.9569416498993963,0.5895652173913043
0.5470614234095752,2378,107,836,679,0.8638676844783715,0.44818481848184816,0.9569416498993963,0.5901781833985223
0.546643660955339,2378,107,835,680,0.8640406607369758,0.44884488448844884,0.9569416498993963,0.5907906168549087
0.5462358460516302,2378,107,834,681,0.8642131979695431,0.4495049504950495,0.9569416498993963,0.5914025184541902
0.5462018626426843,2378,107,833,682,0.8643852978453739,0.45016501650165014,0.9569416498993963,0.5920138888888888
0.5460873521779034,2377,108,833,682,0.8632911392405064,0.45016501650165014,0.9565392354124749,0.5917570498915401
0.5455758893317443,2377,108,832,683,0.8634639696586599,0.4508250825082508,0.9565392354124749,0.5923677363399826
0.5455373575955658,2377,108,831,684,0.8636363636363636,0.4514851485148515,0.9565392354124749,0.5929778933680104
0.5449716012243324,2377,108,830,685,0.8638083228247163,0.4521452145214521,0.9565392354124749,0.5935875216637782
0.5449672804305361,2377,108,829,686,0.8639798488664987,0.4528052805280528,0.9565392354124749,0.5941966219142486
0.5444454255655476,2377,108,828,687,0.8641509433962264,0.4534653465346535,0.9565392354124749,0.5948051948051948
0.544432229465558,2377,108,827,688,0.864321608040201,0.4541254125412541,0.9565392354124749,0.595413241021203
0.5436304599012989,2377,108,826,689,0.8644918444165621,0.4547854785478548,0.9565392354124749,0.5960207612456747
0.5433216515523792,2377,108,825,690,0.8646616541353384,0.45544554455445546,0.9565392354124749,0.5966277561608301
0.5430362708168024,2376,109,825,690,0.8635794743429287,0.45544554455445546,0.9561368209255533,0.5963699222126189
0.5429578552937422,2376,109,824,691,0.86375,0.4561056105610561,0.9561368209255533,0.5969762419006479
0.5428870102974764,2376,109,823,692,0.8639200998751561,0.45676567656765676,0.9561368209255533,0.5975820379965457
0.542711757987673,2376,109,822,693,0.8640897755610972,0.45742574257425744,0.9561368209255533,0.5981873111782477
0.5425191489232912,2376,109,821,694,0.8642590286425903,0.45808580858085807,0.9561368209255533,0.5987920621225195
0.5413648575933049,2376,109,820,695,0.8644278606965174,0.45874587458745875,0.9561368209255533,0.599396291504959
0.5412998855371677,2376,109,819,696,0.8645962732919255,0.4594059405940594,0.9561368209255533,0.6
0.541027957314671,2376,109,818,697,0.8647642679900744,0.46006600660066005,0.9561368209255533,0.6006031882809134
0.5397591290433589,2376,109,817,698,0.8649318463444857,0.46072607260726073,0.9561368209255533,0.6012058570198106
0.5396737578139602,2376,109,816,699,0.8650990099009901,0.4613861386138614,0.9561368209255533,0.6018080068876452
0.5392986740607739,2376,109,815,700,0.865265760197775,0.46204620462046203,0.9561368209255533,0.6024096385542169
0.5390990144444517,2376,109,814,701,0.8654320987654321,0.4627062706270627,0.9561368209255533,0.6030107526881721
0.5390851888412959,2375,110,814,701,0.8643649815043156,0.4627062706270627,0.9557344064386318,0.6027515047291487
0.5383329973816604,2375,110,813,702,0.8645320197044335,0.4633663366336634,0.9557344064386318,0.6033519553072626
0.5381143490117517,2375,110,812,703,0.8646986469864698,0.464026402640264,0.9557344064386318,0.6039518900343642
0.5376595424257717,2375,110,811,704,0.8648648648648649,0.4646864686468647,0.9557344064386318,0.6045513095749249
0.536795656464596,2375,110,810,705,0.8650306748466258,0.46534653465346537,0.9557344064386318,0.6051502145922747
0.5363552386533358,2375,110,809,706,0.8651960784313726,0.466006600660066,0.9557344064386318,0.6057486057486058
0.5361779114734666,2374,111,809,706,0.8641370869033048,0.466006600660066,0.9553319919517103,0.6054888507718696
0.5361759465505438,2374,111,808,707,0.8643031784841075,0.4666666666666667,0.9553319919517103,0.6060865837976854
0.5353506522628393,2373,112,808,707,0.8632478632478633,0.4666666666666667,0.9549295774647887,0.6058269065981148
0.5349459739145924,2373,112,807,708,0.8634146341463415,0.46732673267326735,0.9549295774647887,0.606423982869379
0.5347016981625327,2373,112,806,709,0.8635809987819733,0.467986798679868,0.9549295774647887,0.6070205479452054
0.534482944551552,2373,112,805,710,0.8637469586374696,0.46864686468646866,0.9549295774647887,0.6076166024818143
0.5336462961632049,2373,112,804,711,0.8639125151883353,0.4693069306930693,0.9549295774647887,0.6082121471343028
0.5335858308634043,2373,112,803,712,0.8640776699029126,0.46996699669966996,0.9549295774647887,0.6088071825566481
0.5335482679129776,2373,112,802,713,0.8642424242424243,0.47062706270627064,0.9549295774647887,0.6094017094017095
0.5331014152475636,2373,112,801,714,0.864406779661017,0.47128712871287126,0.9549295774647887,0.6099957283212303
0.5330160015049135,2373,112,800,715,0.8645707376058042,0.47194719471947194,0.9549295774647887,0.6105892399658411
0.532849203840497,2373,112,799,716,0.8647342995169082,0.4726072607260726,0.9549295774647887,0.6111822449850619
0.5319244002103732,2373,112,798,717,0.864897466827503,0.47326732673267324,0.9549295774647887,0.6117747440273038
0.5317476092500716,2373,112,797,718,0.8650602409638555,0.4739273927392739,0.9549295774647887,0.612366737739872
0.530820548132784,2373,112,796,719,0.865222623345367,0.4745874587458746,0.9549295774647887,0.6129582267689685
0.530569663995455,2373,112,795,720,0.8653846153846154,0.4752475247524752,0.9549295774647887,0.6135492117596932
0.5303655098458497,2372,113,795,720,0.8643457382953181,0.4752475247524752,0.9545271629778672,0.6132879045996593
0.5303241996741124,2372,113,794,721,0.8645083932853717,0.4759075907590759,0.9545271629778672,0.6138782460621541
0.5300516691779307,2372,113,793,722,0.8646706586826347,0.4765676567656766,0.9545271629778672,0.614468085106383
0.5300072566189425,2372,113,792,723,0.8648325358851675,0.4772277227722772,0.9545271629778672,0.6150574223734581
0.5295570819729817,2372,113,791,724,0.8649940262843488,0.4778877887788779,0.9545271629778672,0.6156462585034014
0.5291441109263695,2372,113,790,725,0.8651551312649165,0.47854785478547857,0.9545271629778672,0.6162345941351466
0.5288907257944748,2372,113,789,726,0.865315852205006,0.4792079207920792,0.9545271629778672,0.616822429906542
0.5286397139289476,2371,114,789,726,0.8642857142857143,0.4792079207920792,0.9541247484909456,0.6165605095541401
0.528521157056835,2371,114,788,727,0.8644470868014269,0.47986798679867987,0.9541247484909456,0.6171477079796265
0.5284915750025158,2371,114,787,728,0.8646080760095012,0.48052805280528055,0.9541247484909456,0.6177344081459483
0.5281285321149561,2371,114,786,729,0.8647686832740213,0.48118811881188117,0.9541247484909456,0.6183206106870229
0.5279997694811907,2371,114,785,730,0.8649289099526066,0.48184818481848185,0.9541247484909456,0.6189063162356931
0.5278889438089412,2370,115,785,730,0.863905325443787,0.48184818481848185,0.9537223340040242,0.6186440677966102
0.527830709851378,2370,115,784,731,0.8640661938534279,0.48250825082508253,0.9537223340040242,0.6192291401948327
0.5268293286736917,2370,115,783,732,0.8642266824085005,0.48316831683168315,0.9537223340040242,0.619813717188823
0.5268014728521012,2369,116,783,732,0.8632075471698113,0.48316831683168315,0.9533199195171026,0.6195514176893779
0.5265300449343422,2369,116,782,733,0.8633686690223793,0.48382838283828383,0.9533199195171026,0.6201353637901861
0.52636835037013,2369,116,781,734,0.8635294117647059,0.4844884488448845,0.9533199195171026,0.6207188160676532
0.5260406734749938,2369,116,780,735,0.863689776733255,0.48514851485148514,0.9533199195171026,0.621301775147929
0.5259698711681573,2368,117,780,735,0.8626760563380281,0.48514851485148514,0.9529175050301811,0.6210392902408112
0.5259299960278317,2368,117,779,736,0.8628370457209847,0.4858085808580858,0.9529175050301811,0.6216216216216216
0.5253445396961572,2367,118,779,736,0.8618266978922716,0.4858085808580858,0.9525150905432596,0.6213592233009708
0.5252554363614113,2367,118,778,737,0.8619883040935673,0.4864686468646865,0.9525150905432596,0.6219409282700422
0.5251757274843774,2367,118,777,738,0.8621495327102804,0.4871287128712871,0.9525150905432596,0.6225221425558836
0.5250200160128347,2367,118,776,739,0.8623103850641773,0.4877887788778878,0.9525150905432596,0.6231028667790893
0.5240745742560458,2367,118,775,740,0.8624708624708625,0.4884488448844885,0.9525150905432596,0.6236831015592078
0.5234996231157155,2367,118,774,741,0.8626309662398137,0.4891089108910891,0.9525150905432596,0.624262847514743
0.5233864461088149,2366,119,774,741,0.8616279069767442,0.4891089108910891,0.952112676056338,0.624
0.5233714847508439,2366,119,773,742,0.8617886178861789,0.4897689768976898,0.952112676056338,0.6245791245791246
0.5232990167944773,2366,119,772,743,0.8619489559164734,0.4904290429042904,0.952112676056338,0.6251577618847286
0.5229748728810264,2366,119,771,744,0.8621089223638471,0.4910891089108911,0.952112676056338,0.6257359125315392
0.5225857858369134,2365,120,771,744,0.8611111111111112,0.4910891089108911,0.9517102615694165,0.6254728877679697
0.5220606216202572,2365,120,770,745,0.861271676300578,0.49174917491749176,0.9517102615694165,0.6260504201680672
0.5207308204037112,2365,120,769,746,0.8614318706697459,0.4924092409240924,0.9517102615694165,0.626627467450651
0.5202672302622627,2365,120,768,747,0.8615916955017301,0.49306930693069306,0.9517102615694165,0.6272040302267002
0.5201685154004703,2365,120,767,748,0.8617511520737328,0.49372937293729374,0.9517102615694165,0.6277801091061687
0.5201193841463571,2365,120,766,749,0.8619102416570771,0.49438943894389437,0.9517102615694165,0.6283557046979866
0.5200236295778513,2365,120,765,750,0.8620689655172413,0.49504950495049505,0.9517102615694165,0.6289308176100629
0.5199298509254145,2364,121,765,750,0.8610792192881745,0.49504950495049505,0.9513078470824949,0.6286672254819782
0.5198534920719915,2363,122,765,750,0.8600917431192661,0.49504950495049505,0.9509054325955735,0.6284038542103059
0.5197918487321147,2362,123,765,750,0.8591065292096219,0.49504950495049505,0.9505030181086519,0.628140703517588
0.5197673764596118,2362,123,764,751,0.8592677345537757,0.4957095709570957,0.9505030181086519,0.6287149434910004
0.5195789873432826,2362,123,763,752,0.8594285714285714,0.49636963696369635,0.9505030181086519,0.6292887029288703
0.5191127342593301,2362,123,762,753,0.8595890410958904,0.497029702970297,0.9505030181086519,0.6298619824341279
0.5185826868228757,2362,123,761,754,0.8597491448118586,0.4976897689768977,0.9505030181086519,0.6304347826086957
0.5183566713316604,2361,124,761,754,0.8587699316628702,0.4976897689768977,0.9501006036217304,0.630171333054743
0.518261833383252,2361,124,760,755,0.8589306029579067,0.49834983498349833,0.9501006036217304,0.6307435254803676
0.5182433326956278,2361,124,759,756,0.8590909090909091,0.499009900990099,0.9501006036217304,0.6313152400835073
0.5182342895557732,2361,124,758,757,0.8592508513053349,0.4996699669966997,0.9501006036217304,0.6318864774624374
0.5179852396599742,2361,124,757,758,0.8594104308390023,0.5003300330033004,0.9501006036217304,0.6324572382144347
0.5176784030383701,2361,124,756,759,0.8595696489241224,0.500990099009901,0.9501006036217304,0.6330275229357798
0.5174689338607071,2361,124,755,760,0.8597285067873304,0.5016501650165016,0.9501006036217304,0.6335973322217591
0.5173747725963516,2360,125,755,760,0.8587570621468926,0.5016501650165016,0.9496981891348089,0.6333333333333333
0.5173166268418622,2359,126,755,760,0.8577878103837472,0.5016501650165016,0.9492957746478873,0.6330695543523532
0.5173105516028604,2359,126,754,761,0.8579481397970687,0.5023102310231023,0.9492957746478873,0.6336386344712739
0.5172128646839917,2358,127,754,761,0.8569819819819819,0.5023102310231023,0.9488933601609658,0.6333749479816896
0.5171854582021326,2358,127,753,762,0.8571428571428571,0.502970297029703,0.9488933601609658,0.6339434276206323
0.5171348033621808,2358,127,752,763,0.8573033707865169,0.5036303630363036,0.9488933601609658,0.6345114345114345
0.5170262558923406,2358,127,751,764,0.8574635241301908,0.5042904290429043,0.9488933601609658,0.6350789692435578
0.5167272465357535,2357,128,751,764,0.8565022421524664,0.5042904290429043,0.9484909456740442,0.6348151225592024
0.5160761702999416,2356,129,751,764,0.8555431131019037,0.5042904290429043,0.9480885311871228,0.6345514950166113
0.515981548636042,2356,129,750,765,0.8557046979865772,0.504950495049505,0.9480885311871228,0.635118306351183
0.5159032192562685,2356,129,749,766,0.8558659217877095,0.5056105610561056,0.9480885311871228,0.6356846473029045
0.5154479018819815,2356,129,748,767,0.8560267857142857,0.5062706270627063,0.9480885311871228,0.6362505184570717
0.5153548115820553,2355,130,748,767,0.855072463768116,0.5062706270627063,0.9476861167002012,0.6359867330016584
0.5151268672859155,2354,131,748,767,0.8541202672605791,0.5062706270627063,0.9472837022132797,0.6357231661831745
0.5150477982151459,2354,131,747,768,0.8542825361512792,0.5069306930693069,0.9472837022132797,0.6362883181441591
0.5150269130494382,2354,131,746,769,0.8544444444444445,0.5075907590759076,0.9472837022132797,0.6368530020703934
0.5147946573040398,2354,131,745,770,0.8546059933407325,0.5082508250825083,0.9472837022132797,0.6374172185430463
0.5147030405468226,2354,131,744,771,0.8547671840354767,0.5089108910891089,0.9472837022132797,0.6379809681423252
0.5143269304540291,2353,132,744,771,0.8538205980066446,0.5089108910891089,0.9468812877263582,0.6377171215880894
0.5139492593608952,2352,133,744,771,0.8528761061946902,0.5089108910891089,0.9464788732394366,0.6374534931789996
0.5132284255970092,2352,133,743,772,0.8530386740331491,0.5095709570957095,0.9464788732394366,0.6380165289256199
0.5132273525449006,2352,133,742,773,0.8532008830022075,0.5102310231023103,0.9464788732394366,0.6385790995456423
0.5129557559078656,2351,134,742,773,0.8522601984564498,0.5102310231023103,0.9460764587525151,0.6383154417836499
0.5123320775510201,2350,135,742,773,0.8513215859030837,0.5102310231023103,0.9456740442655935,0.6380520016508461
0.5122246808030813,2349,136,742,773,0.8503850385038504,0.5102310231023103,0.9452716297786721,0.6377887788778878
0.5116941982467613,2349,136,741,774,0.8505494505494505,0.5108910891089109,0.9452716297786721,0.6383505154639175
0.5113947627964751,2349,136,740,775,0.8507135016465422,0.5115511551155115,0.9452716297786721,0.638911788953009
0.5112965018697103,2348,137,740,775,0.8497807017543859,0.5115511551155115,0.9448692152917505,0.638648537288834
0.5112472232282815,2348,137,739,776,0.8499452354874042,0.5122112211221123,0.9448692152917505,0.6392092257001647
0.5102198564408259,2347,138,739,776,0.849015317286652,0.5122112211221123,0.9444668008048289,0.638946068340881
0.5100873885084423,2347,138,738,777,0.8491803278688524,0.5128712871287129,0.9444668008048289,0.6395061728395062
0.5098300963052533,2347,138,737,778,0.8493449781659389,0.5135313531353135,0.9444668008048289,0.6400658165364048
0.5097322382727777,2346,139,737,778,0.8484187568157033,0.5135313531353135,0.9440643863179075,0.6398026315789473
0.5096783643654356,2345,140,737,778,0.8474945533769063,0.5135313531353135,0.9436619718309859,0.6395396629675298
0.5083365072142328,2344,141,737,778,0.8465723612622416,0.5135313531353135,0.9432595573440644,0.6392769104354972
0.5082524934178965,2344,141,736,779,0.8467391304347827,0.5141914191419142,0.9432595573440644,0.6398357289527721
0.5081581602120233,2344,141,735,780,0.8469055374592834,0.5148514851485149,0.9432595573440644,0.6403940886699507
0.5074459359676855,2344,141,734,781,0.8470715835140998,0.5155115511551155,0.9432595573440644,0.640951990151826
0.5073353238583955,2344,141,733,782,0.847237269772481,0.5161716171617162,0.9432595573440644,0.6415094339622641
0.5069512604376782,2344,141,732,783,0.8474025974025974,0.5168316831683168,0.9432595573440644,0.6420664206642066
0.5066268076108511,2343,142,732,783,0.8464864864864865,0.5168316831683168,0.9428571428571428,0.6418032786885246
0.5061334520798152,2343,142,731,784,0.8466522678185745,0.5174917491749175,0.9428571428571428,0.6423596886521917
0.505844215961223,2342,143,731,784,0.8457389428263214,0.5174917491749175,0.9424547283702214,0.6420966420966421
0.5056522051561935,2341,144,731,784,0.8448275862068966,0.5174917491749175,0.9420523138832998,0.6418338108882522
0.5047269631877521,2341,144,730,785,0.844994617868676,0.5181518151815182,0.9420523138832998,0.6423895253682488
0.5046271090949966,2341,144,729,786,0.8451612903225807,0.5188118811881188,0.9420523138832998,0.6429447852760736
0.5046195366345021,2341,144,728,787,0.8453276047261009,0.5194719471947195,0.9420523138832998,0.6434995911692559
0.5042383626351392,2341,144,727,788,0.8454935622317596,0.5201320132013202,0.9420523138832998,0.6440539436044136
0.5033597305130275,2341,144,726,789,0.8456591639871383,0.5207920792079208,0.9420523138832998,0.6446078431372549
0.5031732396030792,2341,144,725,790,0.8458244111349036,0.5214521452145214,0.9420523138832998,0.6451612903225806
0.5031130626533343,2341,144,724,791,0.8459893048128342,0.5221122112211221,0.9420523138832998,0.6457142857142857
0.5024131589007962,2341,144,723,792,0.8461538461538461,0.5227722772277228,0.9420523138832998,0.6462668298653611
0.5017684597923826,2340,145,723,792,0.8452508004268944,0.5227722772277228,0.9416498993963782,0.6460032626427407
0.5016698203514054,2339,146,723,792,0.8443496801705757,0.5227722772277228,0.9412474849094568,0.6457399103139013
0.5016220285861689,2338,147,723,792,0.8434504792332268,0.5227722772277228,0.9408450704225352,0.6454767726161369
0.5008563705746962,2338,147,722,793,0.8436170212765958,0.5234323432343234,0.9408450704225352,0.6460285132382892
0.5006718173509505,2338,147,721,794,0.8437832093517534,0.524092409240924,0.9408450704225352,0.6465798045602605
0.5004875963918267,2337,148,721,794,0.8428874734607219,0.524092409240924,0.9404426559356137,0.6463166463166463
0.5004391933545886,2337,148,720,795,0.8430540827147401,0.5247524752475248,0.9404426559356137,0.6468673718470301
0.5001998977940533,2337,148,719,796,0.8432203389830508,0.5254125412541254,0.9404426559356137,0.6474176494509963
0.49919093708295587,2337,148,718,797,0.8433862433862434,0.526072607260726,0.9404426559356137,0.6479674796747967
0.49900292915324873,2337,148,717,798,0.8435517970401691,0.5267326732673268,0.9404426559356137,0.6485168630637952
0.4986118349582079,2337,148,716,799,0.8437170010559663,0.5273927392739274,0.9404426559356137,0.6490658001624695
0.49852094067920727,2337,148,715,800,0.8438818565400844,0.528052805280528,0.9404426559356137,0.6496142915144133
0.4982297119713908,2337,148,714,801,0.8440463645943098,0.5287128712871287,0.9404426559356137,0.6501623376623377
0.49815899962059157,2337,148,713,802,0.8442105263157895,0.5293729372937294,0.9404426559356137,0.6507099391480731
0.49759265360197275,2337,148,712,803,0.8443743427970557,0.53003300330033,0.9404426559356137,0.6512570965125709
0.4968906478318933,2337,148,711,804,0.8445378151260504,0.5306930693069307,0.9404426559356137,0.651803810295906
0.4968071365086655,2337,148,710,805,0.844700944386149,0.5313531353135313,0.9404426559356137,0.6523500810372771
0.4963785989150717,2336,149,710,805,0.8438155136268344,0.5313531353135313,0.9400402414486921,0.6520858647225597
0.49598015599027545,2335,150,710,805,0.8429319371727748,0.5313531353135313,0.9396378269617707,0.6518218623481782
0.4956911487197569,2334,151,710,805,0.8420502092050209,0.5313531353135313,0.9392354124748491,0.6515580736543909
0.4955482224223891,2333,152,710,805,0.8411703239289446,0.5313531353135313,0.9388329979879275,0.651294498381877
0.49511543162949606,2332,153,710,805,0.8402922755741128,0.5313531353135313,0.938430583501006,0.6510311362717347
0.4950803126437725,2331,154,710,805,0.8394160583941606,0.5313531353135313,0.9380281690140845,0.650767987065481
0.49500428309004246,2331,154,709,806,0.8395833333333333,0.532013201320132,0.9380281690140845,0.6513131313131313
0.494718866823322,2330,155,709,806,0.8387096774193549,0.532013201320132,0.937625754527163,0.6510500807754442
0.49437784574615495,2330,155,708,807,0.8388773388773388,0.5326732673267327,0.937625754527163,0.6515946709729511
0.49420894741739185,2330,155,707,808,0.8390446521287642,0.5333333333333333,0.937625754527163,0.6521388216303471
0.49415225453679784,2330,155,706,809,0.8392116182572614,0.533993399339934,0.937625754527163,0.6526825332795482
0.49412129238148206,2329,156,706,809,0.8383419689119171,0.533993399339934,0.9372233400402414,0.6524193548387097
0.49391551315205184,2329,156,705,810,0.8385093167701864,0.5346534653465347,0.9372233400402414,0.652962515114873
0.493755546280248,2329,156,704,811,0.8386763185108583,0.5353135313531353,0.9372233400402414,0.6535052377115229
0.49330078620297596,2328,157,704,811,0.8378099173553719,0.5353135313531353,0.93682092555332,0.653242045912203
0.4928294623108361,2327,158,704,811,0.8369453044375645,0.5353135313531353,0.9364185110663984,0.6529790660225443
0.49260608358707836,2327,158,703,812,0.8371134020618557,0.5359735973597359,0.9364185110663984,0.6535211267605634
0.4923250311579118,2326,159,703,812,0.8362512873326468,0.5359735973597359,0.9360160965794768,0.6532582461786002
0.492180740315711,2325,160,703,812,0.8353909465020576,0.5359735973597359,0.9356136820925554,0.6529955770004021
0.4919437789654432,2325,160,702,813,0.8355601233299075,0.5366336633663367,0.9356136820925554,0.6535369774919614
0.49184242262584255,2324,161,702,813,0.8347022587268994,0.5366336633663367,0.9352112676056338,0.6532744073925271
0.4915401114973173,2324,161,701,814,0.8348717948717949,0.5372937293729373,0.9352112676056338,0.6538152610441768
0.49153137512123846,2323,162,701,814,0.8340163934426229,0.5372937293729373,0.9348088531187123,0.653552790044159
0.49143012136093017,2323,162,700,815,0.834186284544524,0.5379537953795379,0.9348088531187123,0.6540930979133226
0.49091225471330346,2323,162,699,816,0.8343558282208589,0.5386138613861386,0.9348088531187123,0.6546329723225031
0.4906393543859969,2323,162,698,817,0.8345250255362615,0.5392739273927393,0.9348088531187123,0.6551724137931034
0.48974447651157077,2323,162,697,818,0.8346938775510204,0.5399339933993399,0.9348088531187123,0.6557114228456914
0.48912461123368967,2323,162,696,819,0.8348623853211009,0.5405940594059406,0.9348088531187123,0.65625
0.489013972595208,2322,163,696,819,0.8340122199592668,0.5405940594059406,0.9344064386317907,0.6559871846215458
0.4889578865210843,2322,163,695,820,0.8341810783316378,0.5412541254125413,0.9344064386317907,0.6565252201761409
0.48892878961831476,2322,163,694,821,0.834349593495935,0.5419141914191419,0.9344064386317907,0.657062825130052
0.48855479475520924,2322,163,693,822,0.8345177664974619,0.5425742574257426,0.9344064386317907,0.6576
0.4884365450362076,2322,163,692,823,0.834685598377282,0.5432343234323432,0.9344064386317907,0.6581367453018793
0.48830770317539,2322,163,691,824,0.8348530901722391,0.5438943894389439,0.9344064386317907,0.6586730615507594
0.4880083766276969,2322,163,690,825,0.8350202429149798,0.5445544554455446,0.9344064386317907,0.6592089492608869
0.4878302048222131,2322,163,689,826,0.8351870576339737,0.5452145214521452,0.9344064386317907,0.6597444089456869
0.4875550466849949,2322,163,688,827,0.8353535353535354,0.5458745874587458,0.9344064386317907,0.6602794411177645
0.4871360662599079,2321,164,688,827,0.834510595358224,0.5458745874587458,0.9340040241448692,0.6600159616919393
0.48612628978065836,2321,164,687,828,0.8346774193548387,0.5465346534653466,0.9340040241448692,0.6605504587155964
0.48605997319273303,2321,164,686,829,0.8348439073514602,0.5471947194719472,0.9340040241448692,0.6610845295055822
0.4860508550196379,2320,165,686,829,0.8340040241448692,0.5471947194719472,0.9336016096579477,0.6608210442407334
0.48543264514830337,2319,166,686,829,0.8331658291457287,0.5471947194719472,0.9331991951710261,0.6605577689243027
0.4852289132334794,2319,166,685,830,0.8333333333333334,0.5478547854785478,0.9331991951710261,0.6610911987256073
0.48519010982567723,2318,167,685,830,0.8324974924774323,0.5478547854785478,0.9327967806841047,0.660828025477707
0.4851703130817757,2318,167,684,831,0.8326653306613226,0.5485148514851486,0.9327967806841047,0.6613609231993633
0.4850788215792701,2318,167,683,832,0.8328328328328328,0.5491749174917492,0.9327967806841047,0.6618933969769292
0.48475346868542923,2317,168,683,832,0.832,0.5491749174917492,0.9323943661971831,0.6616302186878728
0.484564057692406,2317,168,682,833,0.8321678321678322,0.5498349834983498,0.9323943661971831,0.6621621621621622
0.4840698540352721,2316,169,682,833,0.8313373253493014,0.5498349834983498,0.9319919517102616,0.6618990862137465
0.48340261690885633,2316,169,681,834,0.8315054835493519,0.5504950495049505,0.9319919517102616,0.6624305003971406
0.48319299793442505,2316,169,680,835,0.8316733067729084,0.5511551155115512,0.9319919517102616,0.6629614926558158
0.48313615396989745,2315,170,680,835,0.8308457711442786,0.5511551155115512,0.93158953722334,0.6626984126984127
0.48310284542175813,2315,170,679,836,0.831013916500994,0.5518151815181518,0.93158953722334,0.6632288774295915
0.48277479141454405,2315,170,678,837,0.8311817279046674,0.5524752475247525,0.93158953722334,0.6637589214908802
0.48267481142391677,2315,170,677,838,0.8313492063492064,0.5531353135313531,0.93158953722334,0.6642885453824812
0.48245451609371365,2315,170,676,839,0.8315163528245788,0.5537953795379538,0.93158953722334,0.6648177496038035
0.48230323594853197,2315,170,675,840,0.8316831683168316,0.5544554455445545,0.93158953722334,0.6653465346534654
0.4820972347156724,2314,171,675,840,0.8308605341246291,0.5544554455445545,0.9311871227364185,0.665083135391924
0.4815048183200835,2313,172,675,840,0.8300395256916996,0.5544554455445545,0.930784708249497,0.6648199445983379
0.48112885313977366,2312,173,675,840,0.8292201382033564,0.5544554455445545,0.9303822937625754,0.6645569620253164
0.48105959269904036,2311,174,675,840,0.8284023668639053,0.5544554455445545,0.929979879275654,0.66429418742586
0.4805086902656924,2311,174,674,841,0.8285714285714286,0.5551155115511551,0.929979879275654,0.6648221343873518
0.4804238413277243,2311,174,673,842,0.8287401574803149,0.5557755775577558,0.929979879275654,0.6653496641643619
0.4802989298453368,2311,174,672,843,0.8289085545722714,0.5564356435643565,0.929979879275654,0.6658767772511849
0.4800770006290165,2311,174,671,844,0.8290766208251473,0.5570957095709571,0.929979879275654,0.6664034741413344
0.479766508666159,2311,174,670,845,0.8292443572129539,0.5577557755775577,0.929979879275654,0.6669297553275454
0.47909679525612525,2311,174,669,846,0.8294117647058824,0.5584158415841585,0.929979879275654,0.6674556213017752
0.47909470019848993,2311,174,668,847,0.8295788442703232,0.5590759075907591,0.929979879275654,0.667981072555205
0.4787584781442947,2311,174,667,848,0.8297455968688845,0.5597359735973597,0.929979879275654,0.668506109578242
0.4784518727576245,2311,174,666,849,0.8299120234604106,0.5603960396039604,0.929979879275654,0.6690307328605201
0.4783272893307221,2311,174,665,850,0.830078125,0.5610561056105611,0.929979879275654,0.6695549428909019
0.4778100114624388,2311,174,664,851,0.8302439024390244,0.5617161716171617,0.929979879275654,0.6700787401574804
0.4772599633486522,2310,175,664,851,0.8294346978557505,0.5617161716171617,0.9295774647887324,0.669815033451397
0.4767472080637205,2310,175,663,852,0.8296007789678675,0.5623762376237624,0.9295774647887324,0.6703383162863886
0.47670516825901077,2310,175,662,853,0.8297665369649806,0.563036303630363,0.9295774647887324,0.6708611875737318
0.47653725127936514,2310,175,661,854,0.8299319727891157,0.5636963696369637,0.9295774647887324,0.6713836477987422
0.47653428137212256,2310,175,660,855,0.8300970873786407,0.5643564356435643,0.9295774647887324,0.6719056974459725
0.476498792524975,2310,175,659,856,0.8302618816682832,0.565016501650165,0.9295774647887324,0.6724273369992144
0.47641431862299016,2309,176,659,856,0.8294573643410853,0.565016501650165,0.9291750503018109,0.6721633294071456
0.47639634266989966,2309,176,658,857,0.829622458857696,0.5656765676567657,0.9291750503018109,0.6726844583987441
0.4762625337295882,2309,176,657,858,0.8297872340425532,0.5663366336633663,0.9291750503018109,0.6732051785013731
0.47625180755563623,2308,177,657,858,0.8289855072463768,0.5663366336633663,0.9287726358148893,0.6729411764705883
0.47617724492066676,2308,177,656,859,0.8291505791505791,0.566996699669967,0.9287726358148893,0.6734613876911015
0.4761593715787859,2308,177,655,860,0.8293153326904532,0.5676567656765676,0.9287726358148893,0.6739811912225705
0.47593462571565415,2307,178,655,860,0.8285163776493256,0.5676567656765676,0.9283702213279678,0.6737171954563259
0.47591525062529866,2307,178,654,861,0.8286814244465832,0.5683168316831683,0.9283702213279678,0.6742364917776038
0.47588648075534884,2307,178,653,862,0.8288461538461539,0.568976897689769,0.9283702213279678,0.6747553816046967
0.47530939751978224,2307,178,652,863,0.8290105667627281,0.5696369636963696,0.9283702213279678,0.6752738654147105
0.47530486105498054,2306,179,652,863,0.8282149712092131,0.5696369636963696,0.9279678068410463,0.6750097770825185
0.47529511773324373,2305,180,652,863,0.8274209012464045,0.5696369636963696,0.9275653923541247,0.674745895230649
0.4750539171568212,2305,180,651,864,0.8275862068965517,0.5702970297029702,0.9275653923541247,0.675263774912075
0.47425362409229704,2305,180,650,865,0.8277511961722488,0.570957095709571,0.9275653923541247,0.67578125
0.4741207145685516,2304,181,650,865,0.8269598470363289,0.570957095709571,0.9271629778672033,0.6755173760249903
0.4736991792096802,2304,181,649,866,0.8271251193887297,0.5716171617161716,0.9271629778672033,0.6760343481654957
0.47353596628276884,2303,182,649,866,0.8263358778625954,0.5716171617161716,0.9267605633802817,0.6757705813499805
0.47347113996704965,2302,183,649,866,0.8255481410867492,0.5716171617161716,0.9263581488933602,0.6755070202808112
0.47342502473710035,2302,183,648,867,0.8257142857142857,0.5722772277227722,0.9263581488933602,0.6760233918128655
0.4734097081174981,2302,183,647,868,0.8258801141769743,0.572937293729373,0.9263581488933602,0.676539360872954
0.47306864287078204,2301,184,647,868,0.8250950570342205,0.572937293729373,0.9259557344064386,0.6762758083365796
0.4721347065627655,2301,184,646,869,0.8252611585944919,0.5735973597359736,0.9259557344064386,0.676791277258567
0.4720351727178421,2300,185,646,869,0.8244781783681214,0.5735973597359736,0.9255533199195171,0.6765278318411834
0.4717522983298082,2299,186,646,869,0.8236966824644549,0.5735973597359736,0.9251509054325956,0.6762645914396888
0.4715325410690111,2299,186,645,870,0.8238636363636364,0.5742574257425742,0.9251509054325956,0.676779463243874
0.4710337150064708,2299,186,644,871,0.8240302743614002,0.574917491749175,0.9251509054325956,0.6772939346811819
0.4708264552219201,2298,187,644,871,0.8232514177693762,0.574917491749175,0.924748490945674,0.6770307034589973
0.4707495985725395,2298,187,643,872,0.8234183191690274,0.5755775577557756,0.924748490945674,0.6775446775446775
0.47058191024441937,2297,188,643,872,0.8226415094339623,0.5755775577557756,0.9243460764587526,0.6772815533980583
0.4703456949484666,2296,189,643,872,0.82186616399623,0.5755775577557756,0.923943661971831,0.6770186335403726
0.47031423048546744,2295,190,643,872,0.8210922787193974,0.5755775577557756,0.9235412474849095,0.676755917733799
0.470095253395333,2294,191,643,872,0.8203198494825964,0.5755775577557756,0.9231388329979879,0.6764934057408845
0.4699922714143872,2294,191,642,873,0.8204887218045113,0.5762376237623762,0.9231388329979879,0.6770065917022101
0.4699803264848296,2294,191,641,874,0.8206572769953052,0.5768976897689769,0.9231388329979879,0.6775193798449612
0.46976324830123123,2294,191,640,875,0.8208255159474672,0.5775577557755776,0.9231388329979879,0.6780317706315382
0.46968454518459407,2293,192,640,875,0.8200562324273665,0.5775577557755776,0.9227364185110664,0.6777691711851278
0.46961042353916677,2293,192,639,876,0.8202247191011236,0.5782178217821782,0.9227364185110664,0.6782810685249709
0.46938018263713405,2293,192,638,877,0.8203928905519177,0.5788778877887789,0.9227364185110664,0.6787925696594427
0.4687195774900929,2292,193,638,877,0.819626168224299,0.5788778877887789,0.9223340040241449,0.6785299806576403
0.46863036075034953,2292,193,637,878,0.8197945845004668,0.5795379537953795,0.9223340040241449,0.6790409899458624
0.46855856417946806,2292,193,636,879,0.8199626865671642,0.5801980198019802,0.9223340040241449,0.6795516041747197
0.4682560787829567,2292,193,635,880,0.8201304753028891,0.5808580858085809,0.9223340040241449,0.6800618238021638
0.46755493530442455,2292,193,634,881,0.8202979515828678,0.5815181518151815,0.9223340040241449,0.6805716492854383
0.46752180333359983,2292,193,633,882,0.8204651162790698,0.5821782178217821,0.9223340040241449,0.6810810810810811
0.4673015912505131,2292,193,632,883,0.820631970260223,0.5828382838283829,0.9223340040241449,0.6815901196449248
0.46721081872674536,2292,193,631,884,0.8207985143918292,0.5834983498349835,0.9223340040241449,0.6820987654320988
0.4668701697038685,2292,193,630,885,0.8209647495361782,0.5841584158415841,0.9223340040241449,0.6826070188970305
0.46676712608665194,2292,193,629,886,0.8211306765523633,0.5848184818481849,0.9223340040241449,0.6831148804934464
0.466574296980876,2291,194,629,886,0.8203703703703704,0.5848184818481849,0.9219315895372233,0.6828516377649325
0.4664880556265001,2291,194,628,887,0.820536540240518,0.5854785478547855,0.9219315895372233,0.6833590138674884
0.4660288426112163,2290,195,628,887,0.8197781885397413,0.5854785478547855,0.9215291750503019,0.6830958798613785
0.4656712390710598,2290,195,627,888,0.8199445983379502,0.5861386138613861,0.9215291750503019,0.6836027713625866
0.4656605255911801,2290,195,626,889,0.8201107011070111,0.5867986798679868,0.9215291750503019,0.6841092727972297
0.46511314998327835,2290,195,625,890,0.8202764976958525,0.5874587458745875,0.9215291750503019,0.6846153846153846
0.4649530117502934,2290,195,624,891,0.8204419889502762,0.5881188118811881,0.9215291750503019,0.6851211072664359
0.4645360873389388,2290,195,623,892,0.8206071757129715,0.5887788778877888,0.9215291750503019,0.6856264411990777
0.4644000425733401,2290,195,622,893,0.8207720588235294,0.5894389438943894,0.9215291750503019,0.6861313868613139
0.4643343119839592,2289,196,622,893,0.820018365472911,0.5894389438943894,0.9211267605633803,0.6858678955453149
0.46428876467515257,2288,197,622,893,0.8192660550458716,0.5894389438943894,0.9207243460764587,0.6856046065259117
0.46385349556259836,2288,197,621,894,0.8194317140238313,0.5900990099009901,0.9207243460764587,0.6861089792785878
0.463816024311529,2287,198,621,894,0.8186813186813187,0.5900990099009901,0.9203219315895372,0.6858457997698504
0.4631194325820514,2286,199,621,894,0.817932296431839,0.5900990099009901,0.9199195171026157,0.6855828220858896
0.46210218299763633,2285,200,621,894,0.8171846435100548,0.5900990099009901,0.9195171026156942,0.6853200459946339
0.46205225776868103,2284,201,621,894,0.8164383561643835,0.5900990099009901,0.9191146881287726,0.6850574712643678
0.4619576934349903,2284,201,620,895,0.8166058394160584,0.5907590759075908,0.9191146881287726,0.6855610877058598
0.4617987720183991,2284,201,619,896,0.8167730173199635,0.5914191419141914,0.9191146881287726,0.6860643185298622
0.4610821352159862,2284,201,618,897,0.8169398907103825,0.592079207920792,0.9191146881287726,0.6865671641791045
0.46107417368259945,2284,201,617,898,0.8171064604185623,0.5927392739273928,0.9191146881287726,0.6870696250956388
0.4608205096485698,2284,201,616,899,0.8172727272727273,0.5933993399339934,0.9191146881287726,0.6875717017208413
0.4608172328081852,2284,201,615,900,0.8174386920980926,0.594059405940594,0.9191146881287726,0.6880733944954128
0.46004546767777715,2284,201,614,901,0.8176043557168784,0.5947194719471948,0.9191146881287726,0.688574703859381
0.4598948347045749,2283,202,614,901,0.8168631006346329,0.5947194719471948,0.9187122736418512,0.6883116883116883
0.45919744415330066,2283,202,613,902,0.8170289855072463,0.5953795379537954,0.9187122736418512,0.6888125238640702
0.4591595947455762,2283,202,612,903,0.8171945701357466,0.596039603960396,0.9187122736418512,0.6893129770992367
0.4590646846632404,2283,202,611,904,0.8173598553345389,0.5966996699669967,0.9187122736418512,0.6898130484547883
0.45887305305516163,2283,202,610,905,0.8175248419150858,0.5973597359735974,0.9187122736418512,0.6903127383676583
0.4582974436363859,2282,203,610,905,0.8167870036101083,0.5973597359735974,0.9183098591549296,0.6900495615707205
0.4579522112308309,2282,203,609,906,0.8169522091974752,0.598019801980198,0.9183098591549296,0.6905487804878049
0.45770459237340494,2281,204,609,906,0.8162162162162162,0.598019801980198,0.917907444668008,0.6902857142857143
0.4573986553632137,2280,205,609,906,0.8154815481548154,0.598019801980198,0.9175050301810865,0.69002284843869
0.4573151459688878,2279,206,609,906,0.814748201438849,0.598019801980198,0.917102615694165,0.6897601827179292
0.45719701809576224,2279,206,608,907,0.8149146451033243,0.5986798679867987,0.917102615694165,0.6902587519025876
0.45685097687621595,2278,207,608,907,0.8141831238779175,0.5986798679867987,0.9167002012072435,0.6899961962723469
0.4562699160576768,2278,207,607,908,0.8143497757847533,0.5993399339933994,0.9167002012072435,0.6904942965779468
0.4561983003364721,2277,208,607,908,0.8136200716845878,0.5993399339933994,0.9162977867203219,0.6902318510072216
0.4561641346294791,2277,208,606,909,0.8137869292748433,0.6,0.9162977867203219,0.6907294832826748
0.45611375780648616,2276,209,606,909,0.8130590339892666,0.6,0.9158953722334005,0.6904671477402203
0.45602493983518316,2275,210,606,909,0.8123324396782842,0.6,0.9154929577464789,0.6902050113895216
0.4556309133226418,2275,210,605,910,0.8125,0.6006600660066007,0.9154929577464789,0.6907020872865275
0.45551618418542006,2274,211,605,910,0.8117752007136485,0.6006600660066007,0.9150905432595573,0.6904400606980273
0.4555130633596168,2273,212,605,910,0.8110516934046346,0.6006600660066007,0.9146881287726358,0.6901782328403488
0.4554380671281262,2273,212,604,911,0.811219946571683,0.6013201320132013,0.9146881287726358,0.690674753601213
0.455325122571221,2272,213,604,911,0.8104982206405694,0.6013201320132013,0.9142857142857143,0.6904130352406215
0.4552052827565542,2272,213,603,912,0.8106666666666666,0.601980198019802,0.9142857142857143,0.6909090909090909
0.4552007119863713,2272,213,602,913,0.8108348134991119,0.6026402640264027,0.9142857142857143,0.691404770920106
0.45505516231213355,2271,214,602,913,0.8101153504880213,0.6026402640264027,0.9138832997987928,0.6911430734292203
0.4549798113854281,2271,214,601,914,0.8102836879432624,0.6033003300330033,0.9138832997987928,0.6916382898221718
0.45435876626141425,2271,214,600,915,0.8104517271922055,0.6039603960396039,0.9138832997987928,0.6921331316187594
0.45430618291764896,2270,215,600,915,0.8097345132743363,0.6039603960396039,0.9134808853118712,0.6918714555765595
0.454275682341669,2270,215,599,916,0.8099027409372237,0.6046204620462046,0.9134808853118712,0.6923658352229781
0.4542595277294241,2270,215,598,917,0.8100706713780919,0.6052805280528053,0.9134808853118712,0.6928598413298074
0.4541082458145014,2269,216,598,917,0.8093556928508385,0.6052805280528053,0.9130784708249498,0.6925981873111783
0.45398444167529345,2269,216,597,918,0.8095238095238095,0.6059405940594059,0.9130784708249498,0.6930917327293318
0.45371687072864253,2268,217,597,918,0.8088105726872247,0.6059405940594059,0.9126760563380282,0.6928301886792453
0.45352985018969766,2267,218,597,918,0.8080985915492958,0.6059405940594059,0.9122736418511066,0.6925688419464353
0.45339260016466065,2267,218,596,919,0.8082673702726473,0.6066006600660065,0.9122736418511066,0.6930618401206636
0.45317940118964506,2266,219,596,919,0.8075571177504394,0.6066006600660065,0.9118712273641851,0.6928006030908406
0.4527160694732171,2266,219,595,920,0.8077260755048288,0.6072607260726073,0.9118712273641851,0.693293142426526
0.4525563326778065,2266,219,594,921,0.8078947368421052,0.6079207920792079,0.9118712273641851,0.6937853107344633
0.4524430507464625,2265,220,594,921,0.8071866783523225,0.6079207920792079,0.9114688128772636,0.6935240963855421
0.4519846998037403,2265,220,593,922,0.8073555166374781,0.6085808580858085,0.9114688128772636,0.6940158073014678
0.4516824186329553,2265,220,592,923,0.8075240594925635,0.6092409240924093,0.9114688128772636,0.6945071482317532
0.45166423814742584,2265,220,591,924,0.8076923076923077,0.6099009900990099,0.9114688128772636,0.6949981195938323
0.4515358582904369,2264,221,591,924,0.8069868995633188,0.6099009900990099,0.9110663983903421,0.6947368421052632
0.45146279793840693,2263,222,591,924,0.806282722513089,0.6099009900990099,0.9106639839034205,0.6944757609921083
0.4511124818901533,2262,223,591,924,0.8055797733217088,0.6099009900990099,0.9102615694164989,0.6942148760330579
0.451071475873966,2261,224,591,924,0.8048780487804879,0.6099009900990099,0.9098591549295775,0.6939541870071348
0.4510414274767351,2260,225,591,924,0.804177545691906,0.6099009900990099,0.9094567404426559,0.6936936936936937
0.4509935736093785,2260,225,590,925,0.8043478260869565,0.6105610561056105,0.9094567404426559,0.6941838649155723
0.4509930536203341,2259,226,590,925,0.8036490008688097,0.6105610561056105,0.9090543259557344,0.6939234808702176
0.45076922599602154,2259,226,589,926,0.8038194444444444,0.6112211221122112,0.9090543259557344,0.6944131983502062
0.4503391956403242,2259,226,588,927,0.8039895923677364,0.6118811881188119,0.9090543259557344,0.6949025487256372
0.4498392681792374,2259,226,587,928,0.804159445407279,0.6125412541254125,0.9090543259557344,0.695391532409142
0.4497413928358485,2258,227,587,928,0.8034632034632034,0.6125412541254125,0.9086519114688129,0.6951310861423221
0.44960332427408173,2257,228,587,928,0.8027681660899654,0.6125412541254125,0.9082494969818914,0.6948708348932984
0.44927152996556285,2257,228,586,929,0.8029386343993086,0.6132013201320132,0.9082494969818914,0.6953592814371258
0.4492397798394416,2257,228,585,930,0.8031088082901554,0.6138613861386139,0.9082494969818914,0.6958473625140292
0.44923130125057487,2257,228,584,931,0.8032786885245902,0.6145214521452145,0.9082494969818914,0.6963350785340314
0.4489694256482639,2256,229,584,931,0.8025862068965517,0.6145214521452145,0.9078470824949698,0.6960747663551402
0.44849030063798095,2255,230,584,931,0.801894918173988,0.6145214521452145,0.9074446680080482,0.695814648729447
0.4483622791724343,2254,231,584,931,0.8012048192771084,0.6145214521452145,0.9070422535211268,0.6955547254389242
0.44835438411394524,2254,231,583,932,0.8013757523645744,0.6151815181518152,0.9070422535211268,0.6960418222554144
0.44819800089840867,2254,231,582,933,0.8015463917525774,0.6158415841584158,0.9070422535211268,0.696528555431131
0.44815885382798104,2253,232,582,933,0.8008583690987124,0.6158415841584158,0.9066398390342052,0.6962686567164179
0.44749881358895854,2252,233,582,933,0.8001715265866209,0.6158415841584158,0.9062374245472837,0.6960089518836255
0.44726722950878545,2252,233,581,934,0.8003427592116538,0.6165016501650165,0.9062374245472837,0.6964951528709918
0.44721478857995994,2252,233,580,935,0.800513698630137,0.6171617161716172,0.9062374245472837,0.6969809914275065
0.44690609955431304,2252,233,579,936,0.8006843455945253,0.6178217821782178,0.9062374245472837,0.6974664679582713
0.4468217917092419,2252,233,578,937,0.8008547008547009,0.6184818481848184,0.9062374245472837,0.697951582867784
0.4465903196279802,2251,234,578,937,0.8001707941929974,0.6184818481848184,0.9058350100603622,0.6976917349218168
0.44655965794397173,2251,234,577,938,0.8003412969283277,0.6191419141914192,0.9058350100603622,0.6981764049125418
0.44628340899542157,2250,235,577,938,0.7996589940323956,0.6191419141914192,0.9054325955734407,0.6979166666666666
0.4461474239873112,2249,236,577,938,0.7989778534923339,0.6191419141914192,0.9050301810865191,0.6976571216065451
0.4461443430479433,2248,237,577,938,0.7982978723404255,0.6191419141914192,0.9046277665995975,0.6973977695167286
0.446061433397074,2248,237,576,939,0.798469387755102,0.6198019801980198,0.9046277665995975,0.6978818283166109
0.44594350796764803,2247,238,576,939,0.7977909940526763,0.6198019801980198,0.9042253521126761,0.6976225854383358
0.4458942752137885,2247,238,575,940,0.797962648556876,0.6204620462046204,0.9042253521126761,0.6981062012625325
0.4457510886882008,2246,239,575,940,0.7972858354537744,0.6204620462046204,0.9038229376257545,0.6978470675575352
0.4455017169872773,2245,240,575,940,0.7966101694915254,0.6204620462046204,0.903420523138833,0.6975881261595547
0.44528292724903934,2244,241,575,940,0.7959356477561389,0.6204620462046204,0.9030181086519115,0.6973293768545994
0.44508851006896577,2243,242,575,940,0.7952622673434856,0.6204620462046204,0.90261569416499,0.6970708194289952
0.44461956197431857,2242,243,575,940,0.7945900253592562,0.6204620462046204,0.9022132796780684,0.6968124536693847
0.44459860365262044,2242,243,574,941,0.7947635135135135,0.6211221122112212,0.9022132796780684,0.6972952945535383
0.4441578662472692,2242,243,573,942,0.7949367088607595,0.6217821782178218,0.9022132796780684,0.6977777777777778
0.44413273008194837,2241,244,573,942,0.7942664418212478,0.6217821782178218,0.9018108651911468,0.6975194372454646
0.44363947947968996,2240,245,573,942,0.793597304128054,0.6217821782178218,0.9014084507042254,0.6972612879348631
0.44359980189168835,2239,246,573,942,0.7929292929292929,0.6217821782178218,0.9010060362173038,0.6970033296337403
0.44347750712986067,2239,246,572,943,0.7931034482758621,0.6224422442244224,0.9010060362173038,0.6974852071005917
0.44345069956977007,2239,246,571,944,0.7932773109243697,0.6231023102310231,0.9010060362173038,0.6979667282809612
0.443398204643114,2238,247,571,944,0.7926112510495382,0.6231023102310231,0.9006036217303823,0.6977087952697709
0.4433542510514878,2237,248,571,944,0.7919463087248322,0.6231023102310231,0.9002012072434608,0.6974510528260066
0.4433197101981723,2237,248,570,945,0.7921207041072925,0.6237623762376238,0.9002012072434608,0.6979320531757754
0.4424866480395488,2237,248,569,946,0.7922948073701842,0.6244224422442244,0.9002012072434608,0.6984126984126984
0.44233661350867476,2237,248,568,947,0.792468619246862,0.6250825082508251,0.9002012072434608,0.6988929889298893
0.4418982259367949,2236,249,568,947,0.7918060200668896,0.6250825082508251,0.8997987927565393,0.698635189966802
0.4415880714856141,2235,250,568,947,0.7911445279866333,0.6250825082508251,0.8993963782696177,0.698377581120944
0.44151524884100707,2234,251,568,947,0.7904841402337228,0.6250825082508251,0.8989939637826961,0.6981201621820863
0.44125838547000656,2234,251,567,948,0.7906588824020017,0.6257425742574257,0.8989939637826961,0.6985998526160648
0.441092743283021,2233,252,567,948,0.79,0.6257425742574257,0.8985915492957747,0.6983425414364641
0.4409919106939431,2232,253,567,948,0.7893422148209825,0.6257425742574257,0.8981891348088531,0.6980854197349042
0.4408762146633076,2232,253,566,949,0.7895174708818635,0.6264026402640264,0.8981891348088531,0.6985645933014354
0.44077631570456693,2232,253,565,950,0.7896924355777224,0.6270627062706271,0.8981891348088531,0.6990434142752023
0.4405095115404242,2231,254,565,950,0.7890365448504983,0.6270627062706271,0.8977867203219316,0.6987863184994483
0.44032521903999405,2230,255,565,950,0.7883817427385892,0.6270627062706271,0.89738430583501,0.6985294117647058
0.4402580019057259,2230,255,564,951,0.7885572139303483,0.6277227722772277,0.89738430583501,0.6990077177508269
0.4395718113755496,2229,256,564,951,0.7879038939519469,0.6277227722772277,0.8969818913480885,0.6987509184423218
0.4390693405932717,2229,256,563,952,0.7880794701986755,0.6283828382838283,0.8969818913480885,0.699228791773779
0.43887625159519805,2228,257,563,952,0.7874276261373035,0.6283828382838283,0.896579476861167,0.6989720998531571
0.43864553315687194,2228,257,562,953,0.7876033057851239,0.6290429042904291,0.896579476861167,0.6994495412844036
0.4381548381161966,2227,258,562,953,0.786952931461602,0.6290429042904291,0.8961770623742454,0.6991929567131328
0.43788370014240335,2226,259,562,953,0.7863036303630363,0.6290429042904291,0.895774647887324,0.6989365603226989
0.43782370518439173,2226,259,561,954,0.786479802143446,0.6297029702970297,0.895774647887324,0.6994134897360704
0.43770242030189566,2225,260,561,954,0.785831960461285,0.6297029702970297,0.8953722334004024,0.6991572004397215
0.43751752474607275,2225,260,560,955,0.7860082304526749,0.6303630363036303,0.8953722334004024,0.6996336996336996
0.4374138371285989,2224,261,560,955,0.7853618421052632,0.6303630363036303,0.8949698189134809,0.6993775173928963
0.4367783334472411,2223,262,560,955,0.7847165160230074,0.6303630363036303,0.8945674044265594,0.6991215226939971
0.43677311150820086,2222,263,560,955,0.784072249589491,0.6303630363036303,0.8941649899396378,0.698865715331138
0.4364215279331717,2221,264,560,955,0.7834290401968826,0.6303630363036303,0.8937625754527163,0.6986100950987564
0.43640938530495105,2220,265,560,955,0.7827868852459017,0.6303630363036303,0.8933601609657947,0.6983546617915904
0.43626974632799764,2219,266,560,955,0.7821457821457821,0.6303630363036303,0.8929577464788733,0.6980994152046783
0.43617788976096317,2219,266,559,956,0.7823240589198036,0.6310231023102311,0.8929577464788733,0.6985750822067958
0.43603773081576813,2218,267,559,956,0.7816843826655765,0.6310231023102311,0.8925553319919517,0.6983199415631848
0.4357757337418756,2217,268,559,956,0.7810457516339869,0.6310231023102311,0.8921529175050302,0.6980649872216137
0.43571616903847776,2217,268,558,957,0.7812244897959184,0.6316831683168317,0.8921529175050302,0.6985401459854015
0.4355035389265966,2217,268,557,958,0.7814029363784666,0.6323432343234323,0.8921529175050302,0.6990149580445093
0.43541877308799326,2217,268,556,959,0.7815810920945395,0.633003300330033,0.8921529175050302,0.6994894237782641
0.43537388090089396,2216,269,556,959,0.7809446254071661,0.633003300330033,0.8917505030181087,0.6992344148742253
0.4353616433628976,2215,270,556,959,0.7803091944670464,0.633003300330033,0.8913480885311871,0.6989795918367347
0.43520275314628654,2215,270,555,960,0.7804878048780488,0.6336633663366337,0.8913480885311871,0.6994535519125683
0.4349767367296259,2214,271,555,960,0.7798537774167343,0.6336633663366337,0.8909456740442656,0.6991988346686089
0.43485692883381577,2214,271,554,961,0.7800324675324676,0.6343234323432343,0.8909456740442656,0.6996723698580269
0.43483133955502884,2214,271,553,962,0.7802108678021087,0.634983498349835,0.8909456740442656,0.7001455604075691
0.4340984658026885,2214,271,552,963,0.7803889789303079,0.6356435643564357,0.8909456740442656,0.7006184066933431
0.43404979003715416,2213,272,552,963,0.7797570850202429,0.6356435643564357,0.890543259557344,0.7003636363636364
0.4338726981869931,2213,272,551,964,0.7799352750809061,0.6363036303630363,0.890543259557344,0.7008360596146855
0.43339196779425343,2213,272,550,965,0.7801131770412287,0.636963696369637,0.890543259557344,0.7013081395348837
0.433221410851523,2213,272,549,966,0.7802907915993538,0.6376237623762376,0.890543259557344,0.7017798764983654
0.43309674013531774,2212,273,549,966,0.7796610169491526,0.6376237623762376,0.8901408450704226,0.7015250544662309
0.4328171342148855,2212,273,548,967,0.7798387096774193,0.6382838283828383,0.8901408450704226,0.7019963702359346
0.432793440133431,2211,274,548,967,0.7792103142626914,0.6382838283828383,0.889738430583501,0.7017416545718432
0.43278819564416193,2210,275,548,967,0.7785829307568438,0.6382838283828383,0.8893360160965795,0.7014871236851651
0.432524744469866,2209,276,548,967,0.7779565567176187,0.6382838283828383,0.888933601609658,0.7012327773749093
0.4321144618419051,2208,277,548,967,0.7773311897106109,0.6382838283828383,0.8885311871227364,0.700978615440377
0.43207033077227747,2207,278,548,967,0.7767068273092369,0.6382838283828383,0.8881287726358149,0.7007246376811594
0.43201893673478736,2207,278,547,968,0.7768860353130016,0.638943894389439,0.8881287726358149,0.701195219123506
0.43200964653144674,2206,279,547,968,0.7762630312750601,0.638943894389439,0.8877263581488933,0.7009413468501087
0.4318951423805807,2206,279,546,969,0.7764423076923077,0.6396039603960396,0.8877263581488933,0.7014115092290988
0.43187456821638753,2206,279,545,970,0.77662129703763,0.6402640264026402,0.8877263581488933,0.7018813314037626
0.4313197448122072,2206,279,544,971,0.7768,0.640924092409241,0.8877263581488933,0.7023508137432188
0.43127602968167555,2205,280,544,971,0.7761790567545963,0.640924092409241,0.8873239436619719,0.7020968908170644
0.4312477399546797,2204,281,544,971,0.7755591054313099,0.640924092409241,0.8869215291750503,0.7018431514275388
0.4310631480593907,2204,281,543,972,0.7757382282521947,0.6415841584158416,0.8869215291750503,0.7023121387283237
0.4309140281508847,2203,282,543,972,0.7751196172248804,0.6415841584158416,0.8865191146881287,0.7020585048754063
0.4308842635780856,2203,282,542,973,0.7752988047808765,0.6422442244224422,0.8865191146881287,0.7025270758122744
0.4306939902205373,2202,283,542,973,0.7746815286624203,0.6422442244224422,0.8861167002012073,0.7022735474557922
0.4306055637431516,2202,283,541,974,0.7748607796340493,0.642904290429043,0.8861167002012073,0.7027417027417028
0.4300969309226544,2202,283,540,975,0.775039745627981,0.6435643564356436,0.8861167002012073,0.703209520375045
0.43009477188278594,2201,284,540,975,0.7744241461477362,0.6435643564356436,0.8857142857142857,0.702956020187455
0.42996654312142063,2200,285,540,975,0.7738095238095238,0.6435643564356436,0.8853118712273642,0.7027027027027027
0.42980191912131505,2200,285,539,976,0.7739888977002379,0.6442244224422442,0.8853118712273642,0.7031700288184438
0.4295602292806343,2199,286,539,976,0.7733755942947702,0.6442244224422442,0.8849094567404426,0.7029168167086784
0.4294766828605344,2199,286,538,977,0.7735550277117973,0.6448844884488449,0.8849094567404426,0.7033837293016558
0.42944426418013404,2199,286,537,978,0.7737341772151899,0.6455445544554456,0.8849094567404426,0.7038503058654192
0.4293850369851883,2199,286,536,979,0.7739130434782608,0.6462046204620462,0.8849094567404426,0.7043165467625899
0.42925959602580055,2199,286,535,980,0.7740916271721959,0.6468646864686468,0.8849094567404426,0.7047824523552679
0.42918177800406604,2198,287,535,980,0.7734806629834254,0.6468646864686468,0.8845070422535212,0.7045291157440691
0.42896295663063644,2197,288,535,980,0.7728706624605678,0.6468646864686468,0.8841046277665996,0.7042759611929572
0.42875710893488145,2197,288,534,981,0.7730496453900709,0.6475247524752475,0.8841046277665996,0.7047413793103449
0.42869560583718547,2197,288,533,982,0.7732283464566929,0.6481848184818482,0.8841046277665996,0.7052064631956912
0.4286321109945435,2197,288,532,983,0.7734067663257278,0.6488448844884488,0.8841046277665996,0.7056712132089017
0.4283675586524341,2196,289,532,983,0.7727987421383647,0.6488448844884488,0.883702213279678,0.7054180121994976
0.427778614755431,2195,290,532,983,0.772191673212883,0.6488448844884488,0.8832997987927566,0.7051649928263989
0.42765598475931826,2194,291,532,983,0.771585557299843,0.6488448844884488,0.882897384305835,0.7049121548942273
0.4275380909982036,2193,292,532,983,0.7709803921568628,0.6488448844884488,0.8824949698189135,0.7046594982078853
0.42751197016538756,2192,293,532,983,0.7703761755485894,0.6488448844884488,0.8820925553319919,0.7044070225725546
0.4271492529856633,2191,294,532,983,0.7697729052466719,0.6488448844884488,0.8816901408450705,0.7041547277936963
0.4267374587955709,2191,294,531,984,0.7699530516431925,0.6495049504950495,0.8816901408450705,0.7046186895810956
0.42645349400065463,2190,295,531,984,0.7693510555121188,0.6495049504950495,0.8812877263581489,0.7043664996420902
0.42625765392847115,2190,295,530,985,0.76953125,0.6501650165016502,0.8812877263581489,0.7048300536672629
0.42622314277189294,2189,296,530,985,0.7689305230288837,0.6501650165016502,0.8808853118712273,0.7045779685264664
0.42557853043762855,2189,296,529,986,0.7691107644305772,0.6508250825082508,0.8808853118712273,0.7050411154808723
0.4251373342259383,2189,296,528,987,0.769290724863601,0.6514851485148515,0.8808853118712273,0.7055039313795568
0.42511350393971,2189,296,527,988,0.7694704049844237,0.6521452145214521,0.8808853118712273,0.705966416577349
0.42504287212503794,2189,296,526,989,0.7696498054474709,0.6528052805280528,0.8808853118712273,0.7064285714285714
0.4249561435534338,2188,297,526,989,0.7690513219284604,0.6528052805280528,0.8804828973843059,0.7061763655837201
0.42491107741814205,2188,297,525,990,0.7692307692307693,0.6534653465346535,0.8804828973843059,0.7066381156316917
0.42490448732229924,2188,297,524,991,0.7694099378881988,0.6541254125412541,0.8804828973843059,0.7070995362112023
0.42465599183096947,2188,297,523,992,0.769588828549263,0.6547854785478547,0.8804828973843059,0.7075606276747504
0.42464851830087735,2188,297,522,993,0.7697674418604651,0.6554455445544555,0.8804828973843059,0.7080213903743315
0.4241969377656029,2188,297,521,994,0.7699457784663052,0.6561056105610561,0.8804828973843059,0.7084818246614397
0.4241153209588221,2187,298,521,994,0.7693498452012384,0.6561056105610561,0.8800804828973843,0.7082294264339152
0.42398773104879084,2187,298,520,995,0.7695282289249806,0.6567656765676567,0.8800804828973843,0.7086894586894587
0.42387965983425596,2186,299,520,995,0.7689335394126738,0.6567656765676567,0.8796780684104628,0.708437166251335
0.42369156418475046,2185,300,520,995,0.7683397683397684,0.6567656765676567,0.8792756539235412,0.708185053380783
0.42346598584903034,2184,301,520,995,0.7677469135802469,0.6567656765676567,0.8788732394366198,0.7079331198861615
0.4230644719750948,2183,302,520,995,0.7671549730146492,0.6567656765676567,0.8784708249496982,0.7076813655761024
0.4228859885063714,2183,302,519,996,0.7673343605546995,0.6574257425742575,0.8784708249496982,0.708140774973338
0.42273051898560554,2183,302,518,997,0.7675134719014627,0.6580858085808581,0.8784708249496982,0.7085998578535891
0.42270922669040445,2183,302,517,998,0.7676923076923077,0.6587458745874587,0.8784708249496982,0.7090586145648312
0.4226733292076479,2183,302,516,999,0.7678708685626441,0.6594059405940594,0.8784708249496982,0.7095170454545454
0.42264867692857927,2182,303,516,999,0.7672811059907834,0.6594059405940594,0.8780684104627766,0.7092651757188498
0.42236484900165633,2182,303,515,1000,0.7674597083653109,0.6600660066006601,0.8780684104627766,0.7097232079489
0.42201740158036094,2181,304,515,1000,0.7668711656441718,0.6600660066006601,0.8776659959758552,0.7094714437743881
0.4219990482815247,2180,305,515,1000,0.7662835249042146,0.6600660066006601,0.8772635814889336,0.7092198581560284
0.42197648147664796,2179,306,515,1000,0.7656967840735069,0.6600660066006601,0.8768611670020121,0.7089684509039348
0.42188509004405045,2179,306,514,1001,0.7658760520275439,0.6607260726072607,0.8768611670020121,0.7094259390503189
0.42186434019539587,2179,306,513,1002,0.7660550458715596,0.6613861386138614,0.8768611670020121,0.7098831030818279
0.4214783830749182,2178,307,513,1002,0.7654698242933538,0.6613861386138614,0.8764587525150905,0.7096317280453258
0.42104794139344537,2177,308,513,1002,0.7648854961832061,0.6613861386138614,0.8760563380281691,0.7093805309734513
0.4209479871968354,2176,309,513,1002,0.7643020594965675,0.6613861386138614,0.8756539235412475,0.7091295116772823
0.4207818466495115,2175,310,513,1002,0.7637195121951219,0.6613861386138614,0.8752515090543259,0.7088786699681642
0.42074793508565317,2174,311,513,1002,0.7631378522467631,0.6613861386138614,0.8748490945674045,0.7086280056577087
0.4204998296598715,2173,312,513,1002,0.7625570776255708,0.6613861386138614,0.8744466800804829,0.7083775185577943
0.4200845203081624,2173,312,512,1003,0.7627376425855513,0.662046204620462,0.8744466800804829,0.7088339222614841
0.420065599062355,2172,313,512,1003,0.7621580547112462,0.662046204620462,0.8740442655935614,0.7085835393853762
0.41989408913587123,2171,314,512,1003,0.7615793470007594,0.662046204620462,0.8736418511066398,0.7083333333333334
0.41972666092881206,2170,315,512,1003,0.7610015174506829,0.662046204620462,0.8732394366197183,0.708083303918108
0.41956319322465035,2169,316,512,1003,0.7604245640636846,0.662046204620462,0.8728370221327968,0.707833450952717
0.41943770371091843,2168,317,512,1003,0.7598484848484849,0.662046204620462,0.8724346076458752,0.7075837742504409
0.41903235513093,2167,318,512,1003,0.7592732778198334,0.662046204620462,0.8720321931589538,0.7073342736248237
0.41901498524548103,2166,319,512,1003,0.7586989409984871,0.662046204620462,0.8716297786720322,0.7070849488896722
0.4189676268738346,2165,320,512,1003,0.7581254724111867,0.662046204620462,0.8712273641851107,0.7068357998590556
0.41895852017306984,2165,320,511,1004,0.7583081570996979,0.6627062706270627,0.8712273641851107,0.7072912997534343
0.41885317540829176,2164,321,511,1004,0.7577358490566037,0.6627062706270627,0.8708249496981891,0.7070422535211267
0.4187180115916313,2163,322,511,1004,0.7571644042232277,0.6627062706270627,0.8704225352112676,0.7067933826117564
0.41866890536944207,2162,323,511,1004,0.7565938206480783,0.6627062706270627,0.8700201207243461,0.7065446868402533
0.4183824696114352,2162,323,510,1005,0.7567771084337349,0.6633663366336634,0.8700201207243461,0.7069996482588815
0.4183211503721359,2161,324,510,1005,0.7562076749435666,0.6633663366336634,0.8696177062374245,0.7067510548523207
0.41830258493972716,2161,324,509,1006,0.7563909774436091,0.664026402640264,0.8696177062374245,0.7072056239015817
0.4182623409716079,2160,325,509,1006,0.7558226897069872,0.664026402640264,0.869215291750503,0.7069571328179901
0.4177027498682407,2160,325,508,1007,0.756006006006006,0.6646864686468646,0.869215291750503,0.7074113101510362
0.41761459277911556,2160,325,507,1008,0.7561890472618155,0.6653465346534654,0.869215291750503,0.7078651685393258
0.41732167735981324,2159,326,507,1008,0.7556221889055472,0.6653465346534654,0.8688128772635815,0.7076167076167076
0.4172870166543385,2159,326,506,1009,0.7558052434456929,0.666006600660066,0.8688128772635815,0.7080701754385965
0.41700669497418175,2158,327,506,1009,0.7552395209580839,0.666006600660066,0.86841046277666,0.7078218169063486
0.41679665333363847,2158,327,505,1010,0.7554225878833208,0.6666666666666666,0.86841046277666,0.7082748948106592
0.41667859029818594,2157,328,505,1010,0.7548579970104634,0.6666666666666666,0.8680080482897384,0.7080266386260077
0.4164509847143758,2157,328,504,1011,0.7550410754294249,0.6673267326732674,0.8680080482897384,0.708479327259986
0.41601869851164525,2157,328,503,1012,0.755223880597015,0.667986798679868,0.8680080482897384,0.7089316987740806
0.4159237503913422,2156,329,503,1012,0.7546607009694258,0.667986798679868,0.8676056338028169,0.7086834733893558
0.41576607930963966,2155,330,503,1012,0.7540983606557377,0.667986798679868,0.8672032193158954,0.7084354217710885
0.4154926432039961,2154,331,503,1012,0.7535368577810871,0.667986798679868,0.8668008048289738,0.708187543736879
0.41537711097499175,2153,332,503,1012,0.7529761904761905,0.667986798679868,0.8663983903420523,0.707939839104582
0.4152617969814262,2152,333,503,1012,0.7524163568773234,0.667986798679868,0.8659959758551308,0.7076923076923077
0.4148757334683502,2151,334,503,1012,0.7518573551263001,0.667986798679868,0.8655935613682093,0.7074449493184202
0.4146646089404595,2151,334,502,1013,0.7520415738678545,0.6686468646864686,0.8655935613682093,0.7078965758211041
0.4146270735525253,2150,335,502,1013,0.7514836795252225,0.6686468646864686,0.8651911468812877,0.7076493188962627
0.41412600482242296,2150,335,501,1014,0.7516679021497406,0.6693069306930693,0.8651911468812877,0.7081005586592178
0.4137862427400211,2149,336,501,1014,0.7511111111111111,0.6693069306930693,0.8647887323943662,0.7078534031413612
0.41359055804659706,2148,337,501,1014,0.7505551443375278,0.6693069306930693,0.8643863179074447,0.7076064200976971
0.41358630600899043,2148,337,500,1015,0.7507396449704142,0.66996699669967,0.8643863179074447,0.7080572026508546
0.4135130358341541,2147,338,500,1015,0.7501847745750185,0.66996699669967,0.8639839034205231,0.7078103207810321
0.41305934805700123,2147,338,499,1016,0.7503692762186115,0.6706270627062706,0.8639839034205231,0.7082607180202161
0.4130444933901874,2146,339,499,1016,0.7498154981549815,0.6706270627062706,0.8635814889336016,0.7080139372822299
0.41263714731858664,2145,340,499,1016,0.7492625368731564,0.6706270627062706,0.8631790744466801,0.7077673284569836
0.41247226031421086,2144,341,499,1016,0.7487103905674282,0.6706270627062706,0.8627766599597585,0.7075208913649025
0.41201358362229273,2144,341,498,1017,0.7488954344624448,0.6712871287128713,0.8627766599597585,0.7079707622694048
0.41165182136346457,2144,341,497,1018,0.7490802060338484,0.671947194719472,0.8627766599597585,0.708420320111343
0.4115978493570784,2143,342,497,1018,0.7485294117647059,0.671947194719472,0.862374245472837,0.7081739130434782
0.41148727024926435,2142,343,497,1018,0.7479794268919912,0.671947194719472,0.8619718309859155,0.7079276773296245
0.411383113500075,2142,343,496,1019,0.7481644640234949,0.6726072607260726,0.8619718309859155,0.7083767813694821
0.4112346974645212,2141,344,496,1019,0.7476155539251651,0.6726072607260726,0.861569416498994,0.7081306462821404
0.4112217223843752,2140,345,496,1019,0.7470674486803519,0.6726072607260726,0.8611670020120724,0.707884682181313
0.4111307234517378,2139,346,496,1019,0.7465201465201465,0.6726072607260726,0.860764587525151,0.7076388888888889
0.4109353830840501,2138,347,496,1019,0.7459736456808199,0.6726072607260726,0.8603621730382294,0.7073932662270045
0.4107690076434755,2138,347,495,1020,0.7461594732991953,0.6732673267326733,0.8603621730382294,0.7078417765440667
0.410745526584968,2137,348,495,1020,0.7456140350877193,0.6732673267326733,0.8599597585513078,0.7075962539021852
0.41062691480829155,2136,349,495,1020,0.7450693937180424,0.6732673267326733,0.8595573440643863,0.7073509015256588
0.410618532982265,2136,349,494,1021,0.7452554744525547,0.6739273927392739,0.8595573440643863,0.7077989601386482
0.41055107987218886,2136,349,493,1022,0.7454412837345004,0.6745874587458746,0.8595573440643863,0.7082467082467082
0.41026049734230696,2135,350,493,1022,0.7448979591836735,0.6745874587458746,0.8591549295774648,0.7080013855213024
0.41008342857889796,2134,351,493,1022,0.7443554260742898,0.6745874587458746,0.8587525150905433,0.7077562326869806
0.409949108029844,2133,352,493,1022,0.7438136826783115,0.6745874587458746,0.8583501006036217,0.7075112495673244
0.409902707188996,2133,352,492,1023,0.744,0.6752475247524753,0.8583501006036217,0.7079584775086505
0.4096530123245196,2132,353,492,1023,0.7434593023255814,0.6752475247524753,0.8579476861167002,0.7077135939121412
0.4095148116794158,2132,353,491,1024,0.7436456063907044,0.6759075907590759,0.8579476861167002,0.7081604426002767
0.4094000736774516,2132,353,490,1025,0.7438316400580551,0.6765676567656765,0.8579476861167002,0.708606982371241
0.409050729013896,2131,354,490,1025,0.7432922407541697,0.6765676567656765,0.8575452716297787,0.7083621285418107
0.4089323442085751,2130,355,490,1025,0.7427536231884058,0.6765676567656765,0.8571428571428571,0.7081174438687392
0.40871595607721944,2129,356,490,1025,0.7422157856625634,0.6765676567656765,0.8567404426559356,0.7078729281767956
0.408438204380534,2129,356,489,1026,0.7424023154848046,0.6772277227722773,0.8567404426559356,0.7083189506385916
0.40836446232832135,2128,357,489,1026,0.7418655097613883,0.6772277227722773,0.856338028169014,0.7080745341614907
0.40836098846245855,2128,357,488,1027,0.7420520231213873,0.6778877887788779,0.856338028169014,0.7085201793721974
0.40814016767197514,2127,358,488,1027,0.7415162454873646,0.6778877887788779,0.8559356136820926,0.7082758620689655
0.40785982864422937,2126,359,488,1027,0.740981240981241,0.6778877887788779,0.855533199195171,0.708031713202344
0.4077239487379413,2126,359,487,1028,0.7411679884643114,0.6785478547854785,0.855533199195171,0.7084769124741558
0.40769897877713157,2125,360,487,1028,0.7406340057636888,0.6785478547854785,0.8551307847082495,0.7082328625559766
0.407509559630563,2125,360,486,1029,0.7408207343412527,0.6792079207920793,0.8551307847082495,0.7086776859504132
0.40738360970782844,2125,360,485,1030,0.7410071942446043,0.6798679867986799,0.8551307847082495,0.7091222030981067
0.4071061638245614,2124,361,485,1030,0.7404744787922358,0.6798679867986799,0.854728370221328,0.7088781830695113
0.40709245080912976,2124,361,484,1031,0.7406609195402298,0.6805280528052805,0.854728370221328,0.7093223254213966
0.40654074658594413,2124,361,483,1032,0.7408470926058865,0.6811881188118812,0.854728370221328,0.7097661623108665
0.4064456328062767,2123,362,483,1032,0.7403156384505022,0.6811881188118812,0.8543259557344064,0.7095221725678927
0.40636838530843955,2122,363,483,1032,0.7397849462365591,0.6811881188118812,0.8539235412474849,0.709278350515464
0.4062829435239204,2122,363,482,1033,0.7399713467048711,0.6818481848184819,0.8539235412474849,0.709721745104775
0.4056946647977812,2122,363,481,1034,0.7401574803149606,0.6825082508250825,0.8539235412474849,0.7101648351648352
0.4056713622785308,2121,364,481,1034,0.7396280400572246,0.6825082508250825,0.8535211267605634,0.7099210435976656
0.40565273224025444,2120,365,481,1034,0.7390993566833453,0.6825082508250825,0.8531187122736419,0.7096774193548387
0.4054596325483637,2119,366,481,1034,0.7385714285714285,0.6825082508250825,0.8527162977867203,0.7094339622641509
0.4053731654385879,2118,367,481,1034,0.7380442541042113,0.6825082508250825,0.8523138832997988,0.7091906721536351
0.4050814751403692,2118,367,480,1035,0.7382310984308131,0.6831683168316832,0.8523138832997988,0.7096331847788824
0.4050221188723935,2117,368,480,1035,0.7377049180327869,0.6831683168316832,0.8519114688128773,0.7093899931459904
0.40487894565888005,2116,369,480,1035,0.7371794871794872,0.6831683168316832,0.8515090543259557,0.7091469681397738
0.404852745567239,2116,369,479,1036,0.7373665480427046,0.6838283828382838,0.8515090543259557,0.7095890410958904
0.40471952914893905,2116,369,478,1037,0.7375533428165008,0.6844884488448845,0.8515090543259557,0.7100308113659706
0.4046496301518582,2115,370,478,1037,0.7370291400142146,0.6844884488448845,0.8511066398390342,0.7097878165639973
0.404437744301411,2115,370,477,1038,0.7372159090909091,0.6851485148514852,0.8511066398390342,0.7102292165583305
0.40399368304243366,2115,370,476,1039,0.7374024130589071,0.6858085808580858,0.8511066398390342,0.7106703146374829
0.4037316664039989,2114,371,476,1039,0.7368794326241135,0.6858085808580858,0.8507042253521127,0.7104273504273504
0.40365610972784327,2113,372,476,1039,0.7363571934798016,0.6858085808580858,0.8503018108651912,0.7101845522898155
0.40355731243342174,2113,372,475,1040,0.7365439093484419,0.6864686468646864,0.8503018108651912,0.7106252135292108
0.4033972351929369,2113,372,474,1041,0.7367303609341825,0.6871287128712872,0.8503018108651912,0.7110655737704918
0.40316870642523556,2112,373,474,1041,0.7362093352192363,0.6871287128712872,0.8498993963782696,0.7108228064185729
0.4031683325939312,2111,374,474,1041,0.7356890459363957,0.6871287128712872,0.849496981891348,0.710580204778157
0.4030733504272817,2110,375,474,1041,0.7351694915254238,0.6871287128712872,0.8490945674044266,0.7103377686796315
0.40299302544090065,2109,376,474,1041,0.7346506704304869,0.6871287128712872,0.848692152917505,0.7100954979536153
0.40279370193238595,2108,377,474,1041,0.734132581100141,0.6871287128712872,0.8482897384305835,0.709853392430958
0.40264086759953305,2108,377,473,1042,0.7343199436222692,0.6877887788778878,0.8482897384305835,0.7102931152010906
0.402381890242237,2108,377,472,1043,0.7345070422535211,0.6884488448844884,0.8482897384305835,0.710732538330494
0.40187144039657147,2107,378,472,1043,0.7339901477832512,0.6884488448844884,0.847887323943662,0.7104904632152589
0.4018263720213976,2106,379,472,1043,0.7334739803094233,0.6884488448844884,0.8474849094567405,0.7102485529451822
0.40175261905434156,2105,380,472,1043,0.7329585382993675,0.6884488448844884,0.8470824949698189,0.7100068073519401
0.40138575062549187,2104,381,472,1043,0.7324438202247191,0.6884488448844884,0.8466800804828973,0.7097652262674379
0.4013361034396263,2103,382,472,1043,0.7319298245614035,0.6884488448844884,0.8462776659959759,0.7095238095238096
0.4013339672769928,2102,383,472,1043,0.7314165497896213,0.6884488448844884,0.8458752515090543,0.7092825569534172
0.40090456810302394,2101,384,472,1043,0.7309039943938332,0.6884488448844884,0.8454728370221328,0.7090414683888511
0.40081355816823955,2101,384,471,1044,0.7310924369747899,0.689108910891089,0.8454728370221328,0.709480122324159
0.40039580953976334,2100,385,471,1044,0.7305808257522743,0.689108910891089,0.8450704225352113,0.7092391304347826
0.40027805264021427,2099,386,471,1044,0.73006993006993,0.689108910891089,0.8446680080482898,0.7089983022071308
0.4002568259350615,2099,386,470,1045,0.7302585604472397,0.6897689768976898,0.8446680080482898,0.7094365241004752
0.40016716162827226,2099,386,469,1046,0.7304469273743017,0.6904290429042904,0.8446680080482898,0.7098744485917883
0.40011367875026993,2099,386,468,1047,0.7306350314026517,0.691089108910891,0.8446680080482898,0.7103120759837178
0.399928263880652,2099,386,467,1048,0.7308228730822873,0.6917491749174918,0.8446680080482898,0.7107494065785012
0.3998974804238848,2098,387,467,1048,0.7303135888501742,0.6917491749174918,0.8442655935613682,0.7105084745762712
0.3997770437699533,2098,387,466,1049,0.7305013927576601,0.6924092409240924,0.8442655935613682,0.7109454422229753
0.39974462791303633,2098,387,465,1050,0.7306889352818372,0.693069306930693,0.8442655935613682,0.7113821138211383
0.3997187324675045,2097,388,465,1050,0.7301808066759388,0.693069306930693,0.8438631790744466,0.7111412123264477
0.3986948268712721,2096,389,465,1050,0.729673384294649,0.693069306930693,0.8434607645875252,0.7109004739336493
0.39867651285400557,2095,390,465,1050,0.7291666666666666,0.693069306930693,0.8430583501006036,0.7106598984771574
0.39862147721400815,2095,390,464,1051,0.7293546148507981,0.6937293729372938,0.8430583501006036,0.7110960757780784
0.3984451628824939,2094,391,464,1051,0.7288488210818308,0.6937293729372938,0.8426559356136821,0.7108555968887386
0.3984389688142528,2094,391,463,1052,0.729036729036729,0.6943894389438944,0.8426559356136821,0.711291413116971
0.39833502257708414,2093,392,463,1052,0.7285318559556787,0.6943894389438944,0.8422535211267606,0.711051030753633
0.3982367064691395,2092,393,463,1052,0.7280276816608997,0.6943894389438944,0.8418511066398391,0.7108108108108108
0.39782970433545195,2091,394,463,1052,0.7275242047026279,0.6943894389438944,0.8414486921529175,0.7105707531239446
0.39769537741538313,2090,395,463,1052,0.7270214236351071,0.6943894389438944,0.8410462776659959,0.7103308575286968
0.39758923253298395,2090,395,462,1053,0.7272099447513812,0.695049504950495,0.8410462776659959,0.7107661154235572
0.3975553247761862,2089,396,462,1053,0.7267080745341615,0.695049504950495,0.8406438631790745,0.7105263157894737
0.3974365980445024,2088,397,462,1053,0.7262068965517241,0.695049504950495,0.8402414486921529,0.7102866779089376
0.39742112417179043,2088,397,461,1054,0.7263955892487939,0.6957095709570957,0.8402414486921529,0.7107215104517869
0.39716660818768273,2087,398,461,1054,0.7258953168044077,0.6957095709570957,0.8398390342052314,0.7104819683181665
0.3971556998471482,2086,399,461,1054,0.7253957329662767,0.6957095709570957,0.8394366197183099,0.7102425876010782
0.3967739772740381,2086,399,460,1055,0.7255845942228336,0.6963696369636964,0.8394366197183099,0.7106769956214214
0.39652529716522983,2085,400,460,1055,0.7250859106529209,0.6963696369636964,0.8390342052313883,0.7104377104377104
0.39650624989759076,2084,401,460,1055,0.7245879120879121,0.6963696369636964,0.8386317907444668,0.7101985863345674
0.3964447802810877,2083,402,460,1055,0.7240905971173645,0.6963696369636964,0.8382293762575452,0.7099596231493943
0.39631705099241943,2083,402,459,1056,0.7242798353909465,0.697029702970297,0.8382293762575452,0.7103935418768921
0.3958703772724644,2083,402,458,1057,0.7244688142563399,0.6976897689768977,0.8382293762575452,0.710827168796234
0.3958488406495508,2083,402,457,1058,0.7246575342465753,0.6983498349834983,0.8382293762575452,0.7112605042016806
0.39584448870137606,2083,402,456,1059,0.7248459958932238,0.699009900990099,0.8382293762575452,0.7116935483870968
0.395279603074572,2083,402,455,1060,0.7250341997264022,0.6996699669966997,0.8382293762575452,0.7121263016459523
0.39522250959986055,2082,403,455,1060,0.7245386192754614,0.6996699669966997,0.8378269617706238,0.7118871725990598
0.3952002452966862,2081,404,455,1060,0.7240437158469946,0.6996699669966997,0.8374245472837022,0.711648204095334
0.39511066655125,2080,405,455,1060,0.7235494880546075,0.6996699669966997,0.8370221327967807,0.7114093959731543
0.3950133214105685,2079,406,455,1060,0.723055934515689,0.6996699669966997,0.8366197183098592,0.711170748071117
0.3948543293497359,2079,406,454,1061,0.7232447171097478,0.7003300330033003,0.8366197183098592,0.7116029510395707
0.39462980429875194,2078,407,454,1061,0.7227520435967303,0.7003300330033003,0.8362173038229376,0.7113643982567884
0.39427472264371183,2077,408,454,1061,0.7222600408441117,0.7003300330033003,0.8358148893360161,0.7111260053619303
0.39392509579562557,2076,409,454,1061,0.7217687074829932,0.7003300330033003,0.8354124748490945,0.7108877721943049
0.39388698674228806,2076,409,453,1062,0.7219578518014956,0.700990099009901,0.8354124748490945,0.7113194909578031
0.39377756250990353,2075,410,453,1062,0.7214673913043478,0.700990099009901,0.8350100603621731,0.7110813525276197
0.3936481662901589,2074,411,453,1062,0.7209775967413442,0.700990099009901,0.8346076458752515,0.7108433734939759
0.3936334561865126,2074,411,452,1063,0.7211668928086838,0.7016501650165017,0.8346076458752515,0.7112746738039478
0.39362983746744457,2073,412,452,1063,0.7206779661016949,0.7016501650165017,0.83420523138833,0.7110367892976589
0.39339301358884154,2073,412,451,1064,0.7208672086720868,0.7023102310231023,0.83420523138833,0.7114677365429622
0.39331432268163824,2073,412,450,1065,0.7210561949898443,0.7029702970297029,0.83420523138833,0.7118983957219251
0.3930148222265765,2072,413,450,1065,0.7205683355886333,0.7029702970297029,0.8338028169014085,0.7116605412629469
0.39272468776722236,2071,414,450,1065,0.7200811359026369,0.7029702970297029,0.8334004024144869,0.7114228456913828
0.3927167122829287,2070,415,450,1065,0.7195945945945946,0.7029702970297029,0.8329979879275654,0.7111853088480802
0.39257637156648895,2069,416,450,1065,0.7191087103308575,0.7029702970297029,0.8325955734406438,0.7109479305740988
0.3925383585128564,2069,416,449,1066,0.7192982456140351,0.7036303630363037,0.8325955734406438,0.711378044711378
0.3924921347204437,2068,417,449,1066,0.7188132164531356,0.7036303630363037,0.8321931589537224,0.7111407605070047
0.39187765904873684,2068,417,448,1067,0.7190026954177897,0.7042904290429043,0.8321931589537224,0.7115705235078359
0.3915975948648142,2068,417,447,1068,0.7191919191919192,0.7049504950495049,0.8321931589537224,0.712
0.3915676673773238,2068,417,446,1069,0.7193808882907133,0.7056105610561056,0.8321931589537224,0.71242919026991
0.39154334696080784,2067,418,446,1069,0.718897108271688,0.7056105610561056,0.8317907444668008,0.7121918720852765
0.3913010390195013,2066,419,446,1069,0.7184139784946236,0.7056105610561056,0.8313883299798793,0.7119547119547119
0.3910838371806859,2066,419,445,1070,0.7186030893216924,0.7062706270627063,0.8313883299798793,0.7123834886817576
0.3910586546468657,2065,420,445,1070,0.7181208053691275,0.7062706270627063,0.8309859154929577,0.7121464226289518
0.3909700117639217,2064,421,445,1070,0.7176391683433937,0.7062706270627063,0.8305835010060362,0.7119095143047239
0.39028555000610493,2064,421,444,1071,0.717828418230563,0.7069306930693069,0.8305835010060362,0.712337878284004
0.38999542162929357,2063,422,444,1071,0.7173476222371065,0.7069306930693069,0.8301810865191147,0.7121010638297872
0.38965600118271726,2063,422,443,1072,0.7175368139223561,0.7075907590759076,0.8301810865191147,0.7125290794283815
0.389402413492458,2062,423,443,1072,0.717056856187291,0.7075907590759076,0.8297786720321931,0.7122923588039867
0.3893473451230009,2061,424,443,1072,0.7165775401069518,0.7075907590759076,0.8293762575452717,0.7120557954168051
0.388933332200459,2061,424,442,1073,0.7167668670674683,0.7082508250825083,0.8293762575452717,0.7124833997343958
0.3888829021010532,2060,425,442,1073,0.7162883845126836,0.7082508250825083,0.8289738430583501,0.7122469299701294
0.38875091105305626,2059,426,442,1073,0.7158105403602402,0.7082508250825083,0.8285714285714286,0.7120106171201062
0.3885998985366353,2058,427,442,1073,0.7153333333333334,0.7082508250825083,0.828169014084507,0.7117744610281924
0.3885120661415192,2058,427,441,1074,0.715522984676882,0.7089108910891089,0.828169014084507,0.7122015915119363
0.38825655137288534,2057,428,441,1074,0.715046604527297,0.7089108910891089,0.8277665995975855,0.711965528670865
0.38821116035423736,2056,429,441,1074,0.7145708582834331,0.7089108910891089,0.827364185110664,0.7117296222664016
0.38816922886252914,2056,429,440,1075,0.7147606382978723,0.7095709570957096,0.827364185110664,0.7121563431599868
0.38779977488232503,2055,430,440,1075,0.7142857142857143,0.7095709570957096,0.8269617706237424,0.7119205298013245
0.3875705859137021,2054,431,440,1075,0.7138114209827358,0.7095709570957096,0.826559356136821,0.7116848725587553
0.38753706605233934,2053,432,440,1075,0.7133377571333775,0.7095709570957096,0.8261569416498994,0.7114493712772998
0.38730226737147067,2052,433,440,1075,0.7128647214854111,0.7095709570957096,0.8257545271629778,0.7112140258021833
0.38725162412419983,2052,433,439,1076,0.7130550033134526,0.7102310231023102,0.8257545271629778,0.7116402116402116
0.38705624282923773,2051,434,439,1076,0.7125827814569536,0.7102310231023102,0.8253521126760563,0.7114049586776859
0.3869067377465234,2050,435,439,1076,0.7121111846459298,0.7102310231023102,0.8249496981891348,0.7111698612029081
0.3868634888455541,2049,436,439,1076,0.7116402116402116,0.7102310231023102,0.8245472837022133,0.7109349190617773
0.3866948881792807,2048,437,439,1076,0.7111698612029081,0.7102310231023102,0.8241448692152917,0.7107001321003963
0.38639197677185677,2047,438,439,1076,0.7107001321003963,0.7102310231023102,0.8237424547283703,0.7104655001650709
0.38599619069282887,2046,439,439,1076,0.7102310231023102,0.7102310231023102,0.8233400402414487,0.7102310231023102
0.38595313134615106,2045,440,439,1076,0.7097625329815304,0.7102310231023102,0.8229376257545271,0.7099967007588255
0.3859035270111309,2044,441,439,1076,0.7092946605141727,0.7102310231023102,0.8225352112676056,0.7097625329815304
0.3858950957046776,2043,442,439,1076,0.7088274044795784,0.7102310231023102,0.8221327967806841,0.7095285196175404
0.3858520267037532,2042,443,439,1076,0.7083607636603029,0.7102310231023102,0.8217303822937626,0.7092946605141727
0.38566411899130104,2042,443,438,1077,0.7085526315789473,0.7108910891089109,0.8217303822937626,0.7097199341021416
0.3856321590637712,2041,444,438,1077,0.7080867850098619,0.7108910891089109,0.821327967806841,0.7094861660079052
0.38542915890181273,2040,445,438,1077,0.7076215505913273,0.7108910891089109,0.8209255533199196,0.7092525518603885
0.3852321255714589,2040,445,437,1078,0.7078135259356533,0.7115511551155116,0.8209255533199196,0.7096774193548387
0.38519947917408554,2040,445,436,1079,0.708005249343832,0.7122112211221122,0.8209255533199196,0.7101020072392235
0.38517692566793715,2039,446,436,1079,0.7075409836065574,0.7122112211221122,0.820523138832998,0.7098684210526316
0.38504153333284935,2039,446,435,1080,0.7077326343381389,0.7128712871287128,0.820523138832998,0.7102926668858928
0.38489282829645916,2039,446,434,1081,0.7079240340537001,0.7135313531353136,0.820523138832998,0.7107166337935569
0.38485213169294874,2038,447,434,1081,0.7074607329842932,0.7135313531353136,0.8201207243460764,0.710483075911929
0.38421701969052807,2037,448,434,1081,0.7069980379332897,0.7135313531353136,0.819718309859155,0.7102496714848883
0.38412381341674273,2036,449,434,1081,0.7065359477124183,0.7135313531353136,0.8193158953722334,0.7100164203612479
0.3840098740344867,2035,450,434,1081,0.7060744611365121,0.7135313531353136,0.8189134808853119,0.7097833223900197
0.3838383900953568,2034,451,434,1081,0.7056135770234987,0.7135313531353136,0.8185110663983903,0.7095503774204135
0.383808878301902,2034,451,433,1082,0.7058056099151989,0.7141914191419142,0.8185110663983903,0.7099737532808399
0.38379691328750953,2034,451,432,1083,0.7059973924380704,0.7148514851485148,0.8185110663983903,0.7103968514266973
0.3837435658950204,2034,451,431,1084,0.7061889250814333,0.7155115511551156,0.8185110663983903,0.7108196721311475
0.3837163132012652,2033,452,431,1084,0.7057291666666666,0.7155115511551156,0.8181086519114689,0.7105866928875778
0.38354018506079113,2032,453,431,1084,0.7052700065061809,0.7155115511551156,0.8177062374245473,0.7103538663171691
0.38349497869757265,2031,454,431,1084,0.7048114434330299,0.7155115511551156,0.8173038229376257,0.7101211922698984
0.38320740928161945,2030,455,431,1084,0.7043534762833008,0.7155115511551156,0.8169014084507042,0.7098886705959397
0.3828879345273584,2029,456,431,1084,0.7038961038961039,0.7155115511551156,0.8164989939637827,0.7096563011456628
0.3828783899100135,2028,457,431,1084,0.7034393251135627,0.7155115511551156,0.8160965794768612,0.7094240837696335
0.38278708616605644,2027,458,431,1084,0.7029831387808041,0.7155115511551156,0.8156941649899396,0.709192018318613
0.3827354337717878,2026,459,431,1084,0.7025275437459495,0.7155115511551156,0.815291750503018,0.7089601046435579
0.3826772635770111,2025,460,431,1084,0.7020725388601037,0.7155115511551156,0.8148893360160966,0.7087283425956195
0.382474939568292,2024,461,431,1084,0.7016181229773463,0.7155115511551156,0.814486921529175,0.7084967320261438
0.3823327543156238,2023,462,431,1084,0.7011642949547219,0.7155115511551156,0.8140845070422535,0.7082652727866711
0.38218049373382673,2022,463,431,1084,0.7007110536522301,0.7155115511551156,0.813682092555332,0.7080339647289353
0.3821555868363299,2021,464,431,1084,0.7002583979328165,0.7155115511551156,0.8132796780684105,0.7078028077048645
0.3821385362592965,2020,465,431,1084,0.6998063266623629,0.7155115511551156,0.8128772635814889,0.7075718015665796
0.3819508252819004,2019,466,431,1084,0.6993548387096774,0.7155115511551156,0.8124748490945674,0.7073409461663948
0.38179705540147635,2018,467,431,1084,0.6989039329464861,0.7155115511551156,0.8120724346076459,0.7071102413568167
0.3812601974415366,2018,467,430,1085,0.6990979381443299,0.7161716171617162,0.8120724346076459,0.7075317900228236
0.3812046932523652,2017,468,430,1085,0.6986477784932389,0.7161716171617162,0.8116700201207243,0.7073011734028684
0.3810883005435017,2016,469,430,1085,0.6981981981981982,0.7161716171617162,0.8112676056338028,0.7070707070707071
0.3810563133034643,2015,470,430,1085,0.6977491961414791,0.7161716171617162,0.8108651911468813,0.7068403908794788
0.38104682713425886,2014,471,430,1085,0.6973007712082262,0.7161716171617162,0.8104627766599598,0.7066102246825139
0.38058072550343625,2014,471,429,1086,0.697495183044316,0.7168316831683168,0.8104627766599598,0.70703125
0.3803884582539766,2013,472,429,1086,0.6970474967907574,0.7168316831683168,0.8100603621730382,0.7068011714936544
0.38030487190496914,2012,473,429,1086,0.6966003848620911,0.7168316831683168,0.8096579476861167,0.7065712426805465
0.38026434655570773,2011,474,429,1086,0.6961538461538461,0.7168316831683168,0.8092555331991952,0.7063414634146341
0.38023227542304566,2011,474,428,1087,0.6963484945547725,0.7174917491749175,0.8092555331991952,0.7067620286085826
0.38015206806838114,2010,475,428,1087,0.6959026888604354,0.7174917491749175,0.8088531187122736,0.7065323366915827
0.3800575924733723,2009,476,428,1087,0.6954574536148432,0.7174917491749175,0.8084507042253521,0.7063027940220923
0.37964719945942677,2008,477,428,1087,0.6950127877237852,0.7174917491749175,0.8080482897384306,0.7060734004546931
0.379566394845749,2007,478,428,1087,0.6945686900958467,0.7174917491749175,0.8076458752515091,0.7058441558441558
0.3793950169498018,2007,478,427,1088,0.6947637292464879,0.7181518151815182,0.8076458752515091,0.706264199935086
0.3791877714624683,2006,479,427,1088,0.6943203573707721,0.7181518151815182,0.8072434607645875,0.7060350421804024
0.37914716141880933,2006,479,426,1089,0.6945153061224489,0.7188118811881188,0.8072434607645875,0.7064547518650665
0.3791412954209225,2005,480,426,1089,0.6940726577437859,0.7188118811881188,0.806841046277666,0.7062256809338522
0.37910754239737754,2004,481,426,1089,0.6936305732484076,0.7188118811881188,0.8064386317907445,0.7059967585089141
0.3790155477077443,2004,481,425,1090,0.6938255887969447,0.7194719471947195,0.8064386317907445,0.7064160725858717
0.3780232081627185,2003,482,425,1090,0.693384223918575,0.7194719471947195,0.8060362173038229,0.7061872367994817
0.3777602098503458,2002,483,425,1090,0.6929434202161475,0.7194719471947195,0.8056338028169014,0.7059585492227979
0.37771813522376807,2002,483,424,1091,0.693138500635324,0.7201320132013201,0.8056338028169014,0.7063774684363872
0.3777007866372094,2002,483,423,1092,0.6933333333333334,0.7207920792079208,0.8056338028169014,0.7067961165048544
0.3776669891662301,2001,484,423,1092,0.6928934010152284,0.7207920792079208,0.8052313883299799,0.7065674538984148
0.377593754878779,2000,485,423,1092,0.6924540266328472,0.7207920792079208,0.8048289738430584,0.7063389391979301
0.3774459542952987,1999,486,423,1092,0.6920152091254753,0.7207920792079208,0.8044265593561368,0.7061105722599418
0.3770999012586797,1998,487,423,1092,0.6915769474350855,0.7207920792079208,0.8040241448692153,0.7058823529411765
0.3770498824229904,1998,487,422,1093,0.6917721518987342,0.7214521452145215,0.8040241448692153,0.7063004846526656
0.37695283637785776,1997,488,422,1093,0.6913345983554712,0.7214521452145215,0.8036217303822938,0.7060723514211886
0.37678813136036643,1996,489,422,1093,0.690897597977244,0.7214521452145215,0.8032193158953722,0.7058443655150145
0.37663086872516016,1995,490,422,1093,0.6904611497157296,0.7214521452145215,0.8028169014084507,0.7056165267914783
0.37662342057568554,1995,490,421,1094,0.6906565656565656,0.7221122112211221,0.8028169014084507,0.7060342045821233
0.37646675093756726,1995,490,420,1095,0.6908517350157729,0.7227722772277227,0.8028169014084507,0.7064516129032258
0.3764661824403183,1994,491,420,1095,0.6904161412358134,0.7227722772277227,0.8024144869215292,0.7062237987745889
0.37638276679151256,1993,492,420,1095,0.6899810964083176,0.7227722772277227,0.8020120724346076,0.7059961315280464
0.37636544761043994,1992,493,420,1095,0.6895465994962217,0.7227722772277227,0.8016096579476861,0.705768611021592
0.37601147133460433,1992,493,419,1096,0.6897419760855884,0.7234323432343235,0.8016096579476861,0.7061855670103093
0.376009212210095,1991,494,419,1096,0.6893081761006289,0.7234323432343235,0.8012072434607646,0.7059581320450886
0.37558503160930673,1990,495,419,1096,0.688874921433061,0.7234323432343235,0.8008048289738431,0.7057308435286542
0.3754880001307249,1990,495,418,1097,0.6890703517587939,0.7240924092409241,0.8008048289738431,0.7061474090762794
0.37521844164457285,1989,496,418,1097,0.6886377903327056,0.7240924092409241,0.8004024144869215,0.7059202059202059
0.37452716498971816,1988,497,418,1097,0.6882057716436637,0.7240924092409241,0.8,0.7056931489224831
0.3744298182269436,1987,498,418,1097,0.6877742946708464,0.7240924092409241,0.7995975855130785,0.7054662379421222
0.3744230997242699,1987,498,417,1098,0.6879699248120301,0.7247524752475247,0.7995975855130785,0.7058823529411765
0.3742979261789904,1987,498,416,1099,0.6881653099561679,0.7254125412541255,0.7995975855130785,0.7062982005141388
0.37423145885362774,1986,499,416,1099,0.6877346683354193,0.7254125412541255,0.7991951710261569,0.7060713138451654
0.37413846069694084,1986,499,415,1100,0.6879299562226392,0.7260726072607261,0.7991951710261569,0.7064868336544637
0.3738649141210929,1985,500,415,1100,0.6875,0.7260726072607261,0.7987927565392354,0.7062600321027287
0.37383830608158075,1985,500,414,1101,0.6876951905059338,0.7267326732673267,0.7987927565392354,0.7066752246469833
0.37382227361874326,1985,500,413,1102,0.6878901373283396,0.7273927392739274,0.7987927565392354,0.7070901507860122
0.37371161789465046,1984,501,413,1102,0.6874610106051154,0.7273927392739274,0.7983903420523139,0.7068633739576652
0.37369724238107654,1983,502,413,1102,0.6870324189526185,0.7273927392739274,0.7979879275653924,0.7066367425456878
0.3736081097790173,1982,503,413,1102,0.6866043613707166,0.7273927392739274,0.7975855130784708,0.7064102564102565
0.3735687044349245,1982,503,412,1103,0.686799501867995,0.7280528052805281,0.7975855130784708,0.7068247356616469
0.37354499698012184,1982,503,411,1104,0.686994399502178,0.7287128712871287,0.7975855130784708,0.7072389493914157
0.3734321148452106,1981,504,411,1104,0.6865671641791045,0.7287128712871287,0.7971830985915493,0.7070124879923151
0.37340585287558126,1981,504,410,1105,0.6867619639527657,0.7293729372937293,0.7971830985915493,0.7074263764404609
0.3733675319733827,1980,505,410,1105,0.6863354037267081,0.7293729372937293,0.7967806841046278,0.7072
0.37332941445881257,1980,505,409,1106,0.686530105524519,0.73003300330033,0.7967806841046278,0.7076135636596289
0.3731180583032675,1979,506,409,1106,0.6861042183622829,0.73003300330033,0.7963782696177062,0.7073872721458266
0.373056543407015,1978,507,409,1106,0.6856788592684439,0.73003300330033,0.7959758551307847,0.7071611253196931
0.3727864261488554,1977,508,409,1106,0.6852540272614622,0.73003300330033,0.7955734406438632,0.7069351230425056
0.3723912626343836,1976,509,409,1106,0.6848297213622291,0.73003300330033,0.7951710261569417,0.7067092651757189
0.37237185601505646,1975,510,409,1106,0.6844059405940595,0.73003300330033,0.7947686116700201,0.7064835515809645
0.3723486272829569,1975,510,408,1107,0.6846011131725418,0.7306930693069307,0.7947686116700201,0.7068965517241379
0.37234236305676105,1974,511,408,1107,0.6841779975278122,0.7306930693069307,0.7943661971830986,0.7066709224385573
0.37220942830644116,1974,511,407,1108,0.6843730697961705,0.7313531353135313,0.7943661971830986,0.7070835992342055
0.3718881856979884,1973,512,407,1108,0.6839506172839506,0.7313531353135313,0.7939637826961771,0.7068580542264753
0.37149378886087786,1972,513,407,1108,0.6835286859962986,0.7313531353135313,0.7935613682092555,0.7066326530612245
0.3714467017638463,1972,513,406,1109,0.6837237977805178,0.732013201320132,0.7935613682092555,0.7070449474019764
0.3713620166018987,1971,514,406,1109,0.6833025261860751,0.732013201320132,0.793158953722334,0.7068196303377948
0.3710807722374784,1970,515,406,1109,0.6828817733990148,0.732013201320132,0.7927565392354124,0.7065944568333864
0.370336964346423,1970,515,405,1110,0.683076923076923,0.7326732673267327,0.7927565392354124,0.7070063694267515
0.37001797208921616,1969,516,405,1110,0.6826568265682657,0.7326732673267327,0.792354124748491,0.7067812798471824
0.3698761004884367,1968,517,405,1110,0.6822372464658881,0.7326732673267327,0.7919517102615694,0.7065563335455124
0.36896129211828416,1967,518,405,1110,0.6818181818181818,0.7326732673267327,0.7915492957746478,0.7063315303849825
0.3685711628373294,1967,518,404,1111,0.6820135052179251,0.7333333333333333,0.7915492957746478,0.7067430025445293
0.3684920282989904,1967,518,403,1112,0.6822085889570552,0.733993399339934,0.7915492957746478,0.707154213036566
0.368160036612916,1967,518,402,1113,0.6824034334763949,0.7346534653465346,0.7915492957746478,0.7075651621106167
0.36811490564783916,1967,518,401,1114,0.6825980392156863,0.7353135313531353,0.7915492957746478,0.7079758500158881
0.3680141001082865,1966,519,401,1114,0.6821800367421923,0.7353135313531353,0.7911468812877264,0.7077509529860229
0.367690449020955,1965,520,401,1114,0.6817625458996328,0.7353135313531353,0.7907444668008048,0.7075261987932677
0.36732785830405384,1965,520,400,1115,0.6819571865443425,0.735973597359736,0.7907444668008048,0.707936507936508
0.3672906355930532,1964,521,400,1115,0.6815403422982885,0.735973597359736,0.7903420523138833,0.707711837511901
0.36714610206965215,1963,522,400,1115,0.6811240073304826,0.735973597359736,0.7899396378269617,0.7074873096446701
0.3669215843442085,1962,523,400,1115,0.6807081807081807,0.735973597359736,0.7895372233400403,0.7072629241991754
0.3667243777690195,1961,524,400,1115,0.6802928615009152,0.735973597359736,0.7891348088531187,0.7070386810399493
0.3666050007470817,1960,525,400,1115,0.6798780487804879,0.735973597359736,0.7887323943661971,0.7068145800316957
0.3665388187500298,1960,525,399,1116,0.680073126142596,0.7366336633663366,0.7887323943661971,0.7072243346007605
0.3664673783955132,1960,525,398,1117,0.6802679658952497,0.7372937293729372,0.7887323943661971,0.7076338295850491
0.366226530828453,1959,526,398,1117,0.6798539257455873,0.7372937293729372,0.7883299798792757,0.707409753008233
0.36621793118508184,1958,527,398,1117,0.6794403892944039,0.7372937293729372,0.7879275653923541,0.7071858182969294
0.36610344591975397,1957,528,398,1117,0.6790273556231003,0.7372937293729372,0.7875251509054326,0.7069620253164557
0.3659987403572317,1957,528,397,1118,0.6792223572296476,0.737953795379538,0.7875251509054326,0.707371085099652
0.3656506503505671,1956,529,397,1118,0.678809957498482,0.737953795379538,0.787122736418511,0.7071473750790639
0.3655303800701958,1955,530,397,1118,0.6783980582524272,0.737953795379538,0.7867203219315896,0.7069238065128043
0.36538844303504503,1955,530,396,1119,0.6785930867192238,0.7386138613861386,0.7867203219315896,0.7073324905183312
0.3651752973953547,1955,530,395,1120,0.6787878787878788,0.7392739273927392,0.7867203219315896,0.707740916271722
0.3651258753230091,1954,531,395,1120,0.6783767413688674,0.7392739273927392,0.786317907444668,0.7075173720783323
0.36509076947045066,1954,531,394,1121,0.6785714285714286,0.73993399339934,0.786317907444668,0.7079254815282602
0.3650186753341753,1954,531,393,1122,0.6787658802177858,0.7405940594059406,0.786317907444668,0.7083333333333334
0.36488249279870494,1953,532,393,1122,0.6783555018137848,0.7405940594059406,0.7859154929577464,0.7081098138213947
0.3648793964863152,1953,532,392,1123,0.6785498489425982,0.7412541254125412,0.7859154929577464,0.7085173501577287
0.3648605399942207,1953,532,391,1124,0.678743961352657,0.7419141914191419,0.7859154929577464,0.7089246294544308
0.3647998809740189,1952,533,391,1124,0.6783343391671696,0.7419141914191419,0.785513078470825,0.7087011349306431
0.3647096014316478,1952,533,390,1125,0.6785283474065139,0.7425742574257426,0.785513078470825,0.7091080995902931
0.36470406108762327,1951,534,390,1125,0.6781193490054249,0.7425742574257426,0.7851106639839034,0.7088846880907372
0.3645688303502445,1950,535,390,1125,0.677710843373494,0.7425742574257426,0.7847082494969819,0.7086614173228346
0.3645432488122943,1949,536,390,1125,0.6773028296207104,0.7425742574257426,0.7843058350100603,0.7084382871536524
0.3644938475916469,1948,537,390,1125,0.6768953068592057,0.7425742574257426,0.7839034205231389,0.7082152974504249
0.364162053721723,1947,538,390,1125,0.6764882742032472,0.7425742574257426,0.7835010060362173,0.7079924480805538
0.36410642152028866,1947,538,389,1126,0.6766826923076923,0.7432343234323432,0.7835010060362173,0.7083988675684177
0.3640337949642441,1946,539,389,1126,0.6762762762762763,0.7432343234323432,0.7830985915492957,0.7081761006289308
0.36398523762564705,1946,539,388,1127,0.6764705882352942,0.7438943894389439,0.7830985915492957,0.7085822068531908
0.363869281654881,1945,540,388,1127,0.6760647870425914,0.7438943894389439,0.7826961770623743,0.7083595223130107
0.3637535861125735,1945,540,387,1128,0.6762589928057554,0.7445544554455445,0.7826961770623743,0.708765315739868
0.36347648222074125,1945,540,386,1129,0.6764529658478131,0.7452145214521452,0.7826961770623743,0.7091708542713567
0.3632367218336549,1944,541,386,1129,0.6760479041916168,0.7452145214521452,0.7822937625754527,0.7089481946624804
0.36320248876776495,1943,542,386,1129,0.6756433273488929,0.7452145214521452,0.7818913480885312,0.7087256748273697
0.36317388682192425,1942,543,386,1129,0.6752392344497608,0.7452145214521452,0.7814889336016096,0.7085032946344525
0.36307744158327304,1942,543,385,1130,0.675433353257621,0.7458745874587459,0.7814889336016096,0.7089084065244667
0.36292867177049826,1941,544,385,1130,0.6750298685782556,0.7458745874587459,0.7810865191146882,0.7086861084979618
0.36281794453381355,1941,544,384,1131,0.6752238805970149,0.7465346534653465,0.7810865191146882,0.7090909090909091
0.36277603286765114,1940,545,384,1131,0.6748210023866349,0.7465346534653465,0.7806841046277666,0.708868693199624
0.36275845588202066,1939,546,384,1131,0.6744186046511628,0.7465346534653465,0.780281690140845,0.7086466165413534
0.36259041116797625,1939,546,383,1132,0.6746126340882003,0.7471947194719472,0.780281690140845,0.7090510491700595
0.36237195526151317,1939,546,382,1133,0.6748064324002382,0.7478547854785479,0.780281690140845,0.7094552285535379
0.3623354964167399,1939,546,381,1134,0.675,0.7485148514851485,0.780281690140845,0.7098591549295775
0.3621060286338717,1938,547,381,1134,0.6745984533016062,0.7485148514851485,0.7798792756539236,0.7096370463078848
0.36210090833240105,1937,548,381,1134,0.6741973840665874,0.7485148514851485,0.779476861167002,0.7094150766343447
0.3620001353100128,1937,548,380,1135,0.6743909685086156,0.7491749174917491,0.779476861167002,0.7098186366479049
0.3618930541837893,1937,548,379,1136,0.6745843230403801,0.7498349834983499,0.779476861167002,0.7102219443576118
0.3618815583227021,1936,549,379,1136,0.6741839762611276,0.7498349834983499,0.7790744466800805,0.71
0.3616487737504907,1935,550,379,1136,0.6737841043890866,0.7498349834983499,0.778672032193159,0.7097781943142768
0.3616013238061614,1934,551,379,1136,0.6733847065797274,0.7498349834983499,0.7782696177062374,0.7095565271705184
0.36107559026491526,1933,552,379,1136,0.6729857819905213,0.7498349834983499,0.7778672032193159,0.7093349984389635
0.36088210587916325,1933,552,378,1137,0.6731793960923623,0.7504950495049505,0.7778672032193159,0.7097378277153558
0.3608751165270997,1933,552,377,1138,0.6733727810650888,0.7511551155115511,0.7778672032193159,0.7101404056162246
0.36075639675149584,1932,553,377,1138,0.6729745712596097,0.7511551155115511,0.7774647887323943,0.7099189020586401
0.36057739706740694,1932,553,376,1139,0.6731678486997635,0.7518151815181519,0.7774647887323943,0.7103211724352978
0.36034461714278615,1931,554,376,1139,0.6727702303603071,0.7518151815181519,0.7770623742454729,0.7100997506234414
0.3597272101210506,1930,555,376,1139,0.6723730814639906,0.7518151815181519,0.7766599597585513,0.709878466812091
0.3596480089489328,1930,555,375,1140,0.672566371681416,0.7524752475247525,0.7766599597585513,0.7102803738317757
0.35904422625812205,1929,556,375,1140,0.6721698113207547,0.7524752475247525,0.7762575452716298,0.7100591715976331
0.35895828526111695,1928,557,375,1140,0.6717737183264585,0.7524752475247525,0.7758551307847082,0.709838107098381
0.358947962016176,1927,558,375,1140,0.6713780918727915,0.7524752475247525,0.7754527162977867,0.7096171802054155
0.3589267320722948,1927,558,374,1141,0.6715715126545027,0.7531353135313531,0.7754527162977867,0.7100186683260734
0.35847502038686974,1926,559,374,1141,0.6711764705882353,0.7531353135313531,0.7750503018108652,0.7097978227060653
0.3580653545713486,1925,560,374,1141,0.6707818930041153,0.7531353135313531,0.7746478873239436,0.7095771144278606
0.3578241050643565,1924,561,374,1141,0.6703877790834313,0.7531353135313531,0.7742454728370222,0.709356543363382
0.35775423500293785,1923,562,374,1141,0.6699941280093952,0.7531353135313531,0.7738430583501006,0.709136109384711
0.3576997392560327,1922,563,374,1141,0.6696009389671361,0.7531353135313531,0.7734406438631791,0.7089158123640882
0.3576428362233034,1921,564,374,1141,0.669208211143695,0.7531353135313531,0.7730382293762575,0.7086956521739131
0.35728891840193927,1920,565,374,1141,0.6688159437280188,0.7531353135313531,0.772635814889336,0.7084756286867433
0.35705536591370773,1919,566,374,1141,0.6684241359109548,0.7531353135313531,0.7722334004024145,0.7082557417752948
0.35691776943009074,1918,567,374,1141,0.6680327868852459,0.7531353135313531,0.7718309859154929,0.7080359913124418
0.35687536334063286,1917,568,374,1141,0.6676418958455237,0.7531353135313531,0.7714285714285715,0.7078163771712159
0.3567165314764587,1916,569,374,1141,0.6672514619883041,0.7531353135313531,0.7710261569416499,0.7075968992248062
0.35644603005961073,1915,570,374,1141,0.6668614845119814,0.7531353135313531,0.7706237424547284,0.7073775573465592
0.3561480998055885,1915,570,373,1142,0.6670560747663551,0.7537953795379538,0.7706237424547284,0.7077781220948249
0.35614296299296405,1914,571,373,1142,0.6666666666666666,0.7537953795379538,0.7702213279678068,0.7075588599752168
0.3560857814141674,1913,572,373,1142,0.6662777129521587,0.7537953795379538,0.7698189134808853,0.707339733663673
0.3559845651590069,1913,572,372,1143,0.6664723032069971,0.7544554455445545,0.7698189134808853,0.7077399380804954
0.35580196959313604,1912,573,372,1143,0.666083916083916,0.7544554455445545,0.7694164989939638,0.7075208913649025
0.3555980135900807,1911,574,372,1143,0.6656959813628421,0.7544554455445545,0.7690140845070422,0.7073019801980198
0.3555588822804689,1911,574,371,1144,0.6658905704307334,0.7551155115511551,0.7690140845070422,0.7077018249304052
0.3548785863712474,1911,574,370,1145,0.6660849331006399,0.7557755775577558,0.7690140845070422,0.7081014223871367
0.354627352542278,1910,575,370,1145,0.6656976744186046,0.7557755775577558,0.7686116700201208,0.7078825347758887
0.35455925209358036,1910,575,369,1146,0.6658919233004067,0.7564356435643564,0.7686116700201208,0.7082818294190358
0.35436321439716806,1910,575,368,1147,0.6660859465737514,0.7570957095709571,0.7686116700201208,0.7086808773555762
0.3542895901634265,1909,576,368,1147,0.665699361578642,0.7570957095709571,0.7682092555331992,0.7084620135886349
0.35426597775716007,1909,576,367,1148,0.665893271461717,0.7577557755775578,0.7682092555331992,0.7088607594936709
0.3542509794305621,1909,576,366,1149,0.6660869565217391,0.7584158415841584,0.7682092555331992,0.7092592592592593
0.35396743605793646,1908,577,366,1149,0.6657010428736964,0.7584158415841584,0.7678068410462776,0.709040419623573
0.3538544816318084,1907,578,366,1149,0.6653155761436016,0.7584158415841584,0.7674044265593561,0.7088217149907464
0.3537913459869591,1907,578,365,1150,0.6655092592592593,0.759075907590759,0.7674044265593561,0.7092198581560284
0.35354640999334974,1906,579,365,1150,0.6651243493348756,0.759075907590759,0.7670020120724346,0.7090012330456227
0.35336138844024817,1905,580,365,1150,0.6647398843930635,0.759075907590759,0.7665995975855131,0.7087827426810478
0.3533333561223899,1904,581,365,1150,0.6643558636626228,0.759075907590759,0.7661971830985915,0.7085643869377696
0.3532670530813837,1903,582,365,1150,0.663972286374134,0.759075907590759,0.7657947686116701,0.7083461656914074
0.35321540830847437,1903,582,364,1151,0.6641661858049625,0.7597359735973598,0.7657947686116701,0.708743842364532
0.3530882784306452,1902,583,364,1151,0.6637831603229527,0.7597359735973598,0.7653923541247485,0.7085257002154509
0.35299765388892457,1901,584,364,1151,0.6634005763688761,0.7597359735973598,0.7649899396378269,0.7083076923076923
0.35290849239376565,1900,585,364,1151,0.6630184331797235,0.7597359735973598,0.7645875251509054,0.7080898185173793
0.35287591214119834,1899,586,364,1151,0.662636729994243,0.7597359735973598,0.7641851106639839,0.7078720787207872
0.3528319727055594,1898,587,364,1151,0.6622554660529344,0.7597359735973598,0.7637826961770624,0.7076544727943437
0.3527168140921992,1897,588,364,1151,0.6618746405980449,0.7597359735973598,0.7633802816901408,0.7074370006146281
0.3525644837561996,1896,589,364,1151,0.6614942528735632,0.7597359735973598,0.7629778672032194,0.7072196620583717
0.3523351685315576,1895,590,364,1151,0.6611143021252154,0.7597359735973598,0.7625754527162978,0.707002457002457
0.3521847687449196,1894,591,364,1151,0.6607347876004592,0.7597359735973598,0.7621730382293762,0.7067853853239178
0.3520490175499771,1893,592,364,1151,0.6603557085484796,0.7597359735973598,0.7617706237424547,0.7065684468999386
0.3519248685403192,1892,593,364,1151,0.6599770642201835,0.7597359735973598,0.7613682092555332,0.7063516416078551
0.3518362602154346,1892,593,363,1152,0.6601719197707736,0.7603960396039604,0.7613682092555332,0.7067484662576687
0.35171822660983076,1891,594,363,1152,0.6597938144329897,0.7603960396039604,0.7609657947686117,0.7065317387304508
0.3515559549295284,1890,595,363,1152,0.6594161419576416,0.7603960396039604,0.7605633802816901,0.7063151440833845
0.3515389144502707,1889,596,363,1152,0.6590389016018307,0.7603960396039604,0.7601609657947687,0.7060986821942997
0.35148476055314326,1889,596,362,1153,0.6592338479130933,0.761056105610561,0.7601609657947687,0.7064950980392157
0.35146974985669643,1888,597,362,1153,0.6588571428571428,0.761056105610561,0.7597585513078471,0.7062787136294028
0.35131230769467675,1887,598,362,1153,0.6584808680753855,0.761056105610561,0.7593561368209255,0.706062461726883
0.3512934516361887,1886,599,362,1153,0.6581050228310502,0.761056105610561,0.758953722334004,0.7058463422099786
0.35113631783306487,1885,600,362,1153,0.6577296063890473,0.761056105610561,0.7585513078470825,0.7056303549571603
0.3509780460330227,1884,601,362,1153,0.6573546180159635,0.761056105610561,0.758148893360161,0.7054144998470481
0.3509679420302874,1883,602,362,1153,0.656980056980057,0.761056105610561,0.7577464788732394,0.7051987767584098
0.3509436272186308,1882,603,362,1153,0.6566059225512528,0.761056105610561,0.757344064386318,0.704983185570162
0.3509022965075567,1881,604,362,1153,0.6562322140011383,0.761056105610561,0.7569416498993964,0.7047677261613692
0.3508024879443113,1880,605,362,1153,0.6558589306029579,0.761056105610561,0.7565392354124748,0.7045523984112435
0.35073714488788943,1879,606,362,1153,0.6554860716316089,0.761056105610561,0.7561368209255533,0.7043372021991448
0.3506397932166132,1879,606,361,1154,0.6556818181818181,0.7617161716171618,0.7561368209255533,0.7047328244274809
0.350535783400638,1878,607,361,1154,0.6553094832481544,0.7617161716171618,0.7557344064386318,0.7045177045177046
0.35051741724006374,1877,608,361,1154,0.6549375709421112,0.7617161716171618,0.7553319919517103,0.7043027158986879
0.35041926501486403,1876,609,361,1154,0.6545660805445264,0.7617161716171618,0.7549295774647887,0.7040878584502746
0.35027003959249825,1875,610,361,1154,0.6541950113378685,0.7617161716171618,0.7545271629778671,0.703873132052455
0.34976566525170233,1874,611,361,1154,0.6538243626062323,0.7617161716171618,0.7541247484909457,0.7036585365853658
0.3496588879777475,1874,611,360,1155,0.6540203850509626,0.7623762376237624,0.7541247484909457,0.7040536421822615
0.34964448847733726,1873,612,360,1155,0.6536502546689303,0.7623762376237624,0.7537223340040241,0.7038391224862889
0.349581098609899,1873,612,359,1156,0.6538461538461539,0.763036303630363,0.7537223340040241,0.7042339323789217
0.34954290794628035,1873,612,358,1157,0.6540418315432448,0.7636963696369637,0.7537223340040241,0.7046285018270402
0.34934803648223856,1872,613,358,1157,0.6536723163841808,0.7636963696369637,0.7533199195171026,0.70441400304414
0.34926477318434523,1871,614,358,1157,0.6533032185206098,0.7636963696369637,0.7529175050301811,0.704199634814364
0.3488964158752005,1870,615,358,1157,0.6529345372460497,0.7636963696369637,0.7525150905432596,0.703985397018558
0.34886996383539565,1869,616,358,1157,0.652566271855612,0.7636963696369637,0.752112676056338,0.7037712895377128
0.34849748256074786,1869,616,357,1158,0.6527621195039459,0.7643564356435644,0.752112676056338,0.7041653998175738
0.3484471822483494,1869,616,356,1159,0.6529577464788733,0.765016501650165,0.752112676056338,0.7045592705167173
0.34824380962492385,1868,617,356,1159,0.6525900900900901,0.765016501650165,0.7517102615694164,0.7043451838347007
0.34813982684078965,1867,618,356,1159,0.6522228474957794,0.765016501650165,0.751307847082495,0.704131227217497
0.34808284032735426,1867,618,355,1160,0.6524184476940382,0.7656765676567657,0.751307847082495,0.7045247494685697
0.3477149565939301,1866,619,355,1160,0.6520517144463182,0.7656765676567657,0.7509054325955734,0.7043108682452944
0.34760651922543173,1865,620,355,1160,0.651685393258427,0.7656765676567657,0.7505030181086519,0.7040971168437026
0.34752580353037843,1864,621,355,1160,0.6513194834362718,0.7656765676567657,0.7501006036217304,0.7038834951456311
0.34733383714331,1863,622,355,1160,0.6509539842873177,0.7656765676567657,0.7496981891348089,0.7036700030330604
0.3472990732916884,1862,623,355,1160,0.6505888951205833,0.7656765676567657,0.7492957746478873,0.7034566403881141
0.3472914412859284,1861,624,355,1160,0.6502242152466368,0.7656765676567657,0.7488933601609657,0.7032434070930585
0.3470693212672685,1861,624,354,1161,0.6504201680672269,0.7663366336633664,0.7488933601609657,0.7036363636363636
0.3470597358890431,1861,624,353,1162,0.6506159014557671,0.766996699669967,0.7488933601609657,0.7040290820963344
0.3470200248326113,1860,625,353,1162,0.6502518186905428,0.766996699669967,0.7484909456740443,0.7038158691701999
0.3466331421983041,1860,625,352,1163,0.6504474272930649,0.7676567656765677,0.7484909456740443,0.7042082954889495
0.3465867245363131,1859,626,352,1163,0.6500838457238681,0.7676567656765677,0.7480885311871227,0.7039951573849879
0.3464922871854688,1858,627,352,1163,0.6497206703910614,0.7676567656765677,0.7476861167002012,0.7037821482602118
0.3462119434575213,1858,627,351,1164,0.6499162479061976,0.7683168316831683,0.7476861167002012,0.7041742286751361
0.3461715078134884,1858,627,350,1165,0.6501116071428571,0.768976897689769,0.7476861167002012,0.7045660719685516
0.346124622374287,1857,628,350,1165,0.6497490239821528,0.768976897689769,0.7472837022132797,0.7043530834340992
0.34605939398095287,1856,629,350,1165,0.649386845039019,0.768976897689769,0.7468812877263582,0.7041402236325174
0.3460190238518904,1855,630,350,1165,0.649025069637883,0.768976897689769,0.7464788732394366,0.7039274924471299
0.3460014353517233,1854,631,350,1165,0.6486636971046771,0.768976897689769,0.746076458752515,0.7037148897614014
0.3459392834224,1853,632,350,1165,0.6483027267668336,0.768976897689769,0.7456740442655936,0.7035024154589372
0.3457548844886447,1852,633,350,1165,0.6479421579532815,0.768976897689769,0.745271629778672,0.7032900694234833
0.3457235930894499,1851,634,350,1165,0.6475819899944414,0.768976897689769,0.7448692152917505,0.7030778515389258
0.3457028802117256,1850,635,350,1165,0.6472222222222223,0.768976897689769,0.744466800804829,0.702865761689291
0.34569420202869633,1849,636,350,1165,0.6468628539700166,0.768976897689769,0.7440643863179075,0.7026537997587454
0.34564977579636924,1848,637,350,1165,0.646503884572697,0.768976897689769,0.7436619718309859,0.7024419656315948
0.34560963837826514,1847,638,350,1165,0.6461453133666112,0.768976897689769,0.7432595573440643,0.7022302591922845
0.3455432794087782,1846,639,350,1165,0.6457871396895787,0.768976897689769,0.7428571428571429,0.7020186803253993
0.34543814721990196,1845,640,350,1165,0.6454293628808865,0.768976897689769,0.7424547283702213,0.7018072289156626
0.3451480408521711,1844,641,350,1165,0.6450719822812846,0.768976897689769,0.7420523138832998,0.7015959048479373
0.3450248598726183,1843,642,350,1165,0.6447149972329829,0.768976897689769,0.7416498993963783,0.7013847080072245
0.34501353830352643,1842,643,350,1165,0.644358407079646,0.768976897689769,0.7412474849094567,0.7011736382786639
0.3448963408068667,1841,644,350,1165,0.6440022111663902,0.768976897689769,0.7408450704225352,0.7009626955475331
0.3447184667421976,1840,645,350,1165,0.643646408839779,0.768976897689769,0.7404426559356136,0.7007518796992481
0.34436686705951364,1839,646,350,1165,0.6432909994478189,0.768976897689769,0.7400402414486922,0.7005411906193626
0.34430402292602935,1839,646,349,1166,0.6434878587196468,0.7696369636963697,0.7400402414486922,0.700931770363691
0.34401295311993013,1838,647,349,1166,0.6431329288472145,0.7696369636963697,0.7396378269617706,0.7007211538461539
0.34398598162704935,1837,648,349,1166,0.6427783902976847,0.7696369636963697,0.7392354124748491,0.700510663863022
0.34384725689336176,1836,649,349,1166,0.6424242424242425,0.7696369636963697,0.7388329979879276,0.7003003003003003
0.3437895036922652,1836,649,348,1167,0.6426211453744494,0.7702970297029703,0.7388329979879276,0.7006904833383368
0.34377389166130223,1836,649,347,1168,0.6428178315905339,0.7709570957095709,0.7388329979879276,0.7010804321728692
0.34358593599877324,1836,649,346,1169,0.643014301430143,0.7716171617161716,0.7388329979879276,0.7014701470147015
0.3434267019211917,1835,650,346,1169,0.6426608026388125,0.7716171617161716,0.738430583501006,0.7012597480503899
0.34332304941312286,1834,651,346,1169,0.6423076923076924,0.7716171617161716,0.7380281690140845,0.7010494752623688
0.3433167600829933,1833,652,346,1169,0.641954969796815,0.7716171617161716,0.737625754527163,0.7008393285371702
0.3431760528863441,1833,652,345,1170,0.6421514818880352,0.7722772277227723,0.737625754527163,0.7012286484866647
0.342921786144638,1832,653,345,1170,0.6417992320351069,0.7722772277227723,0.7372233400402415,0.701018573996405
0.34263888782837193,1831,654,345,1170,0.6414473684210527,0.7722772277227723,0.7368209255533199,0.7008086253369272
0.3420812292941286,1830,655,345,1170,0.6410958904109589,0.7722772277227723,0.7364185110663984,0.7005988023952096
0.3418991512332938,1829,656,345,1170,0.6407447973713034,0.7722772277227723,0.7360160965794769,0.7003891050583657
0.3417118330970425,1828,657,345,1170,0.6403940886699507,0.7722772277227723,0.7356136820925553,0.7001795332136446
0.3416942961099742,1827,658,345,1170,0.6400437636761488,0.7722772277227723,0.7352112676056338,0.6999700867484295
0.3413483415493169,1827,658,344,1171,0.6402405686167304,0.7729372937293729,0.7352112676056338,0.7003588516746412
0.34121107945499873,1826,659,344,1171,0.6398907103825137,0.7729372937293729,0.7348088531187122,0.7001494768310912
0.3410090630449204,1825,660,344,1171,0.6395412342981978,0.7729372937293729,0.7344064386317908,0.6999402271368799
0.3405770769540643,1824,661,344,1171,0.6391921397379913,0.7729372937293729,0.7340040241448692,0.6997311024798327
0.3404355166889166,1823,662,344,1171,0.6388434260774686,0.7729372937293729,0.7336016096579477,0.6995221027479092
0.3400434317286728,1823,662,343,1172,0.6390403489640131,0.7735973597359735,0.7336016096579477,0.6999104210212004
0.3399813463933324,1822,663,343,1172,0.638692098092643,0.7735973597359735,0.7331991951710262,0.6997014925373134
0.33996242104575536,1822,663,342,1173,0.6388888888888888,0.7742574257425743,0.7331991951710262,0.7000895255147717
0.3396920188074108,1821,664,342,1173,0.6385410996189439,0.7742574257425743,0.7327967806841046,0.6998806682577565
0.33968071994799237,1820,665,342,1173,0.6381936887921654,0.7742574257425743,0.7323943661971831,0.6996719355800776
0.33962497177595274,1819,666,342,1173,0.6378466557911908,0.7742574257425743,0.7319919517102615,0.6994633273703041
0.33952158493605183,1819,666,341,1174,0.6380434782608696,0.7749174917491749,0.7319919517102615,0.6998509687034277
0.3392192118971193,1818,667,341,1174,0.6376969038565997,0.7749174917491749,0.7315895372233401,0.699642431466031
0.3391851602564576,1817,668,341,1174,0.6373507057546145,0.7749174917491749,0.7311871227364185,0.699434018468871
0.33917838366239667,1817,668,340,1175,0.6375474769397721,0.7755775577557755,0.7311871227364185,0.6998213222156046
0.338947701207379,1816,669,340,1175,0.6372017353579176,0.7755775577557755,0.7307847082494969,0.6996129800535874
0.3389046232358671,1815,670,340,1175,0.6368563685636857,0.7755775577557755,0.7303822937625755,0.6994047619047619
0.3388300095134404,1815,670,339,1176,0.6370530877573131,0.7762376237623763,0.7303822937625755,0.6997917286521869
0.3387520799613402,1815,670,338,1177,0.6372495939361126,0.7768976897689769,0.7303822937625755,0.7001784651992862
0.3386747394234499,1814,671,338,1177,0.6369047619047619,0.7768976897689769,0.7299798792756539,0.6999702646446625
0.33863850207642754,1813,672,338,1177,0.6365603028664143,0.7768976897689769,0.7295774647887324,0.6997621878715814
0.3384927637561163,1813,672,337,1178,0.6367567567567568,0.7775577557755775,0.7295774647887324,0.700148588410104
0.3382485986651972,1812,673,337,1178,0.6364127498649379,0.7775577557755775,0.7291750503018108,0.6999405822935235
0.33815821702893195,1812,673,336,1179,0.6366090712742981,0.7782178217821782,0.7291750503018108,0.7003267003267003
0.3380930187720503,1811,674,336,1179,0.6362655153804642,0.7782178217821782,0.7287726358148894,0.7001187648456056
0.3380206634510554,1810,675,336,1179,0.6359223300970874,0.7782178217821782,0.7283702213279678,0.6999109528049866
0.33789740827344467,1809,676,336,1179,0.6355795148247978,0.7782178217821782,0.7279678068410462,0.6997032640949555
0.3378173298446704,1808,677,336,1179,0.6352370689655172,0.7782178217821782,0.7275653923541248,0.699495698605755
0.3376324967339381,1807,678,336,1179,0.6348949919224556,0.7782178217821782,0.7271629778672032,0.699288256227758
0.3374533535328024,1806,679,336,1179,0.6345532831001076,0.7782178217821782,0.7267605633802817,0.6990809368514675
0.33726266790177095,1806,679,335,1180,0.6347498655190963,0.7788778877887789,0.7267605633802817,0.6994665085951393
0.3372431972129988,1805,680,335,1180,0.6344086021505376,0.7788778877887789,0.7263581488933601,0.6992592592592592
0.3371798837458738,1804,681,335,1180,0.6340677055346587,0.7788778877887789,0.7259557344064387,0.6990521327014217
0.3370062586383907,1803,682,335,1180,0.6337271750805585,0.7788778877887789,0.7255533199195171,0.6988451288125556
0.33675869697827,1802,683,335,1180,0.6333870101986044,0.7788778877887789,0.7251509054325955,0.6986382474837182
0.33636161265387343,1801,684,335,1180,0.6330472103004292,0.7788778877887789,0.7247484909456741,0.6984314886060965
0.33602970596561366,1801,684,334,1181,0.6332439678284182,0.7795379537953795,0.7247484909456741,0.6988165680473373
0.3358761613727586,1800,685,334,1181,0.6329046087888531,0.7795379537953795,0.7243460764587525,0.6986098787341023
0.33583099903617863,1800,685,333,1182,0.6331012319228709,0.7801980198019802,0.7243460764587525,0.6989946777054997
0.3357284683264623,1800,685,332,1183,0.6332976445396146,0.7808580858085808,0.7243460764587525,0.699379249187112
0.335591341933228,1799,686,332,1183,0.6329588014981273,0.7808580858085808,0.723943661971831,0.6991725768321513
0.3355600628048938,1798,687,332,1183,0.6326203208556149,0.7808580858085808,0.7235412474849094,0.6989660265878878
0.3354021323020038,1797,688,332,1183,0.6322822020309995,0.7808580858085808,0.723138832997988,0.6987595983461311
0.3353485190501797,1796,689,332,1183,0.6319444444444444,0.7808580858085808,0.7227364185110664,0.698553291998819
0.3352579753936525,1795,690,332,1183,0.6316070475173519,0.7808580858085808,0.7223340040241448,0.6983471074380165
0.3351050740098455,1794,691,332,1183,0.6312700106723586,0.7808580858085808,0.7219315895372234,0.6981410445559162
0.3350808917091619,1793,692,332,1183,0.6309333333333333,0.7808580858085808,0.7215291750503018,0.6979351032448378
0.33500805441757964,1792,693,332,1183,0.6305970149253731,0.7808580858085808,0.7211267605633803,0.697729283397228
0.3346869303477942,1791,694,332,1183,0.6302610548748002,0.7808580858085808,0.7207243460764587,0.6975235849056604
0.33461302291969036,1790,695,332,1183,0.6299254526091587,0.7808580858085808,0.7203219315895373,0.6973180076628352
0.33459722551171356,1790,695,331,1184,0.630122405534859,0.7815181518151815,0.7203219315895373,0.6977018267530937
0.3344751853159195,1789,696,331,1184,0.6297872340425532,0.7815181518151815,0.7199195171026157,0.6974963181148748
0.3343584577459617,1788,697,331,1184,0.6294524189261032,0.7815181518151815,0.7195171026156941,0.6972909305064782
0.3343492204050905,1788,697,330,1185,0.6296493092454836,0.7821782178217822,0.7195171026156941,0.6976744186046512
0.33434266304490695,1787,698,330,1185,0.6293149229952204,0.7821782178217822,0.7191146881287727,0.6974690994702767
0.33433683397740155,1786,699,330,1185,0.6289808917197452,0.7821782178217822,0.7187122736418511,0.6972639011473963
0.33422236064579064,1786,699,329,1186,0.6291777188328912,0.7828382838283828,0.7187122736418511,0.6976470588235294
0.33415149145509154,1785,700,329,1186,0.6288441145281018,0.7828382838283828,0.7183098591549296,0.6974419288444575
0.334121106956179,1784,701,329,1186,0.6285108638049814,0.7828382838283828,0.717907444668008,0.6972369194591417
0.3341034417990554,1783,702,329,1186,0.628177966101695,0.7828382838283828,0.7175050301810865,0.6970320305612695
0.33406559189929225,1782,703,329,1186,0.6278454208575966,0.7828382838283828,0.717102615694165,0.6968272620446534
0.3340054431532782,1782,703,328,1187,0.6280423280423281,0.7834983498349835,0.717102615694165,0.6972099853157122
0.3339014191608251,1782,703,327,1188,0.6282390269698572,0.7841584158415842,0.717102615694165,0.6975924838520259
0.3338039383636876,1781,704,327,1188,0.627906976744186,0.7841584158415842,0.7167002012072434,0.697387731141767
0.33378922368155667,1780,705,327,1188,0.6275752773375595,0.7841584158415842,0.716297786720322,0.6971830985915493
0.33368862488571727,1779,706,327,1188,0.6272439281942978,0.7841584158415842,0.7158953722334004,0.6969785860956292
0.3336278433466004,1778,707,327,1188,0.6269129287598945,0.7841584158415842,0.7154929577464789,0.6967741935483871
0.3334905995564275,1778,707,326,1189,0.6271097046413502,0.7848184818481848,0.7154929577464789,0.6971562591615362
0.3331747106069698,1777,708,326,1189,0.6267791249341065,0.7848184818481848,0.7150905432595573,0.6969519343493552
0.3331098359996731,1776,709,326,1189,0.6264488935721813,0.7848184818481848,0.7146881287726358,0.6967477292704366
0.3330894073350124,1776,709,325,1190,0.6266456029489205,0.7854785478547854,0.7146881287726358,0.6971294669009959
0.3330769155929251,1775,710,325,1190,0.6263157894736842,0.7854785478547854,0.7142857142857143,0.6969253294289898
0.33299916096076526,1775,710,324,1191,0.6265123619147817,0.7861386138613862,0.7142857142857143,0.6973067915690867
0.3328920316440378,1775,710,323,1192,0.6267087276550999,0.7867986798679868,0.7142857142857143,0.697688030436055
0.332572296398635,1774,711,323,1192,0.626379400945875,0.7867986798679868,0.7138832997987927,0.6974839087185488
0.3325112915130809,1773,712,323,1192,0.6260504201680672,0.7867986798679868,0.7134808853118713,0.6972799064053817
0.3324613263656243,1772,713,323,1192,0.6257217847769029,0.7867986798679868,0.7130784708249497,0.6970760233918128
0.3322327780836425,1771,714,323,1192,0.6253934942287513,0.7867986798679868,0.7126760563380282,0.6968722595732242
0.33219201907913176,1771,714,322,1193,0.6255899318300996,0.7874587458745874,0.7126760563380282,0.6972530683810637
0.3321915855911739,1770,715,322,1193,0.6252620545073375,0.7874587458745874,0.7122736418511066,0.6970493718959977
0.33180961824566463,1769,716,322,1193,0.6249345206914615,0.7874587458745874,0.7118712273641851,0.6968457943925234
0.33147786564602344,1769,716,321,1194,0.625130890052356,0.7881188118811882,0.7118712273641851,0.6972262773722627
0.3313652180192864,1768,717,321,1194,0.6248037676609105,0.7881188118811882,0.7114688128772636,0.6970227670753065
0.3313360509506623,1767,718,321,1194,0.6244769874476988,0.7881188118811882,0.711066398390342,0.6968193755471258
0.3312904126378489,1766,719,321,1194,0.6241505488761108,0.7881188118811882,0.7106639839034206,0.6966161026837806
0.3312825875647872,1765,720,321,1194,0.6238244514106583,0.7881188118811882,0.710261569416499,0.6964129483814523
0.33127286755441887,1764,721,321,1194,0.6234986945169713,0.7881188118811882,0.7098591549295775,0.6962099125364432
0.33124805363960014,1764,721,320,1195,0.6236951983298539,0.7887788778877888,0.7098591549295775,0.6965899154765375
0.33122205301655605,1764,721,319,1196,0.6238914971309337,0.7894389438943894,0.7098591549295775,0.696969696969697
0.3311386181355465,1764,721,318,1197,0.6240875912408759,0.7900990099009901,0.7098591549295775,0.6973492572094379
0.3306918177219036,1763,722,318,1197,0.6237623762376238,0.7900990099009901,0.7094567404426559,0.697146185206756
0.33043544963302185,1762,723,318,1197,0.6234375,0.7900990099009901,0.7090543259557344,0.6969432314410481
0.33043103206692864,1761,724,318,1197,0.6231129619989588,0.7900990099009901,0.7086519114688129,0.6967403958090803
0.3304063074186356,1760,725,318,1197,0.6227887617065556,0.7900990099009901,0.7082494969818913,0.6965376782077393
0.33038600191902867,1759,726,318,1197,0.6224648985959438,0.7900990099009901,0.7078470824949699,0.6963350785340314
0.3300142407030526,1759,726,317,1198,0.6226611226611226,0.7907590759075908,0.7078470824949699,0.6967141610933411
0.3300019157254353,1758,727,317,1198,0.6223376623376623,0.7907590759075908,0.7074446680080483,0.6965116279069767
0.32985718805465286,1757,728,317,1198,0.6220145379023884,0.7907590759075908,0.7070422535211267,0.6963092124382447
0.32968911096716036,1757,728,316,1199,0.6222106901920083,0.7914191419141914,0.7070422535211267,0.6966879721092388
0.3296273581677879,1756,729,316,1199,0.6218879668049793,0.7914191419141914,0.7066398390342052,0.6964856230031949
0.3296041860154608,1755,730,316,1199,0.6215655780196994,0.7914191419141914,0.7062374245472837,0.6962833914053427
0.3295851075623089,1755,730,315,1200,0.6217616580310881,0.7920792079207921,0.7062374245472837,0.6966618287373004
0.32953699423837646,1754,731,315,1200,0.6214396685655101,0.7920792079207921,0.7058350100603622,0.6964596633778294
0.3293673193748178,1754,731,314,1201,0.6216356107660456,0.7927392739273927,0.7058350100603622,0.696837829997099
0.3289285948764646,1754,731,313,1202,0.6218313502327988,0.7933993399339934,0.7058350100603622,0.697215777262181
0.32872788379238005,1753,732,313,1202,0.6215098241985523,0.7933993399339934,0.7054325955734406,0.697013627138301
0.3287231714752963,1752,733,313,1202,0.6211886304909561,0.7933993399339934,0.7050301810865192,0.6968115942028985
0.3285880599103896,1752,733,312,1203,0.6213842975206612,0.7940594059405941,0.7050301810865192,0.6971892205157926
0.32851867207737384,1751,734,312,1203,0.6210635002581312,0.7940594059405941,0.7046277665995976,0.6969872537659328
0.3284204705347244,1750,735,312,1203,0.6207430340557275,0.7940594059405941,0.704225352112676,0.6967854039965248
0.32835598219966866,1749,736,312,1203,0.6204228984012378,0.7940594059405941,0.7038229376257545,0.6965836711059641
0.3282792448918339,1748,737,312,1203,0.6201030927835052,0.7940594059405941,0.703420523138833,0.6963820549927641
0.32827908466764516,1748,737,311,1204,0.6202988150437918,0.7947194719471947,0.703420523138833,0.6967592592592593
0.3282699988915218,1747,738,311,1204,0.619979402677652,0.7947194719471947,0.7030181086519115,0.6965577089962395
0.32824500773331716,1746,739,311,1204,0.6196603190941843,0.7947194719471947,0.7026156941649899,0.6963562753036437
0.32819098306062466,1745,740,311,1204,0.6193415637860082,0.7947194719471947,0.7022132796780685,0.6961549580803701
0.3280828392232716,1745,740,310,1205,0.6195372750642674,0.7953795379537953,0.7022132796780685,0.6965317919075145
0.3279782185244428,1744,741,310,1205,0.619218910585817,0.7953795379537953,0.7018108651911469,0.6963305403062698
0.3279121579627608,1743,742,310,1205,0.6189008731381612,0.7953795379537953,0.7014084507042253,0.6961294049682265
0.32791150951125003,1742,743,310,1205,0.6185831622176592,0.7953795379537953,0.7010060362173038,0.6959283857926654
0.3274328301770875,1741,744,310,1205,0.6182657773217034,0.7953795379537953,0.7006036217303823,0.6957274826789839
0.32743127140975764,1741,744,309,1206,0.6184615384615385,0.7960396039603961,0.7006036217303823,0.6961038961038961
0.3271625553574546,1740,745,309,1206,0.6181445412608918,0.7960396039603961,0.7002012072434608,0.6959030582804385
0.3271605057547393,1740,745,308,1207,0.6183401639344263,0.7966996699669967,0.7002012072434608,0.6962792039226997
0.32686194748945996,1739,746,308,1207,0.6180235535074244,0.7966996699669967,0.6997987927565392,0.696078431372549
0.3268213430138043,1739,746,307,1208,0.6182190378710338,0.7973597359735973,0.6997987927565392,0.6964543095993082
0.3268151248738622,1738,747,307,1208,0.6179028132992327,0.7973597359735973,0.6993963782696178,0.6962536023054755
0.3267196936838839,1737,748,307,1208,0.6175869120654397,0.7973597359735973,0.6989939637826962,0.6960530106597522
0.3267158988011553,1736,749,307,1208,0.6172713336739908,0.7973597359735973,0.6985915492957746,0.695852534562212
0.3266269900183136,1735,750,307,1208,0.616956077630235,0.7973597359735973,0.6981891348088531,0.6956521739130435
0.32654604470726684,1734,751,307,1208,0.6166411434405309,0.7973597359735973,0.6977867203219316,0.6954519286125503
0.3262833480838645,1734,751,306,1209,0.6168367346938776,0.7980198019801981,0.6977867203219316,0.6958273381294964
0.3259182667912409,1733,752,306,1209,0.6165221825599184,0.7980198019801981,0.6973843058350101,0.6956271576524741
0.3258116975227806,1732,753,306,1209,0.6162079510703364,0.7980198019801981,0.6969818913480885,0.6954270923209663
0.3258111628530364,1731,754,306,1209,0.6158940397350994,0.7980198019801981,0.6965794768611671,0.6952271420356527
0.325769395904865,1731,754,305,1210,0.6160896130346232,0.7986798679867987,0.6965794768611671,0.6956021845357861
0.325750468485345,1731,754,304,1211,0.6162849872773537,0.7993399339933993,0.6965794768611671,0.6959770114942528
0.3255600264046835,1730,755,304,1211,0.615971515768057,0.7993399339933993,0.6961770623742455,0.6957770755530021
0.32538718802507577,1729,756,304,1211,0.6156583629893239,0.7993399339933993,0.6957746478873239,0.6955772544514647
0.32536209606923594,1728,757,304,1211,0.6153455284552846,0.7993399339933993,0.6953722334004024,0.6953775480907264
0.32533876881414836,1727,758,304,1211,0.6150330116810564,0.7993399339933993,0.6949698189134809,0.6951779563719862
0.3250159926675487,1726,759,304,1211,0.6147208121827411,0.7993399339933993,0.6945674044265594,0.6949784791965566
0.32487789814938134,1725,760,304,1211,0.6144089294774226,0.7993399339933993,0.6941649899396378,0.6947791164658634
0.3248479799168693,1724,761,304,1211,0.6140973630831643,0.7993399339933993,0.6937625754527162,0.6945798680814453
0.3243333686914463,1723,762,304,1211,0.6137861125190066,0.7993399339933993,0.6933601609657948,0.6943807339449541
0.32430493978967256,1722,763,304,1211,0.6134751773049646,0.7993399339933993,0.6929577464788732,0.6941817139581542
0.324054260411221,1721,764,304,1211,0.6131645569620253,0.7993399339933993,0.6925553319919517,0.6939828080229227
0.32365727994453347,1720,765,304,1211,0.6128542510121457,0.7993399339933993,0.6921529175050302,0.693784016041249
0.32360704412332825,1719,766,304,1211,0.6125442589782498,0.7993399339933993,0.6917505030181087,0.6935853379152348
0.3235841487184528,1718,767,304,1211,0.6122345803842265,0.7993399339933993,0.6913480885311871,0.6933867735470942
0.3234265922069844,1717,768,304,1211,0.6119252147549268,0.7993399339933993,0.6909456740442655,0.6931883228391529
0.3230930912903796,1716,769,304,1211,0.6116161616161616,0.7993399339933993,0.6905432595573441,0.6929899856938484
0.3230546175644309,1715,770,304,1211,0.6113074204946997,0.7993399339933993,0.6901408450704225,0.6927917620137299
0.3229501301673344,1714,771,304,1211,0.6109989909182644,0.7993399339933993,0.689738430583501,0.6925936517014584
0.3228414678470096,1713,772,304,1211,0.610690872415532,0.7993399339933993,0.6893360160965795,0.6923956546598056
0.322819184503777,1712,773,304,1211,0.610383064516129,0.7993399339933993,0.688933601609658,0.6921977707916548
0.3227194404118805,1711,774,304,1211,0.6100755667506297,0.7993399339933993,0.6885311871227364,0.692
0.32271749022101376,1710,775,304,1211,0.6097683786505539,0.7993399339933993,0.6881287726358148,0.6918023421879463
0.32246567953074295,1709,776,304,1211,0.6094614997483644,0.7993399339933993,0.6877263581488934,0.6916047972587093
0.3224002468243644,1709,776,303,1212,0.6096579476861167,0.8,0.6877263581488934,0.6919783043105909
0.32224772042623223,1708,777,303,1212,0.6093514328808446,0.8,0.6873239436619718,0.6917808219178082
0.32220866260239134,1708,777,302,1213,0.6095477386934673,0.8006600660066007,0.6873239436619718,0.692154065620542
0.32209770353922157,1707,778,302,1213,0.6092415871421396,0.8006600660066007,0.6869215291750503,0.6919566457501426
0.3220076506298476,1706,779,302,1213,0.6089357429718876,0.8006600660066007,0.6865191146881288,0.6917593384659253
0.3220014978859746,1706,779,301,1214,0.6091319618665328,0.8013201320132013,0.6865191146881288,0.6921322690992018
0.32171596051623375,1706,779,300,1215,0.6093279839518556,0.801980198019802,0.6865191146881288,0.6925049871758335
0.32155200894531144,1706,779,299,1216,0.6095238095238096,0.8026402640264027,0.6865191146881288,0.6928774928774929
0.32141661961185314,1705,780,299,1216,0.6092184368737475,0.8026402640264027,0.6861167002012073,0.6926801481059527
0.3210918094753349,1704,781,299,1216,0.6089133700550826,0.8026402640264027,0.6857142857142857,0.6924829157175398
0.3207319616045556,1703,782,299,1216,0.6086086086086087,0.8026402640264027,0.6853118712273641,0.6922857956162823
0.3205499891179117,1702,783,299,1216,0.608304152076038,0.8026402640264027,0.6849094567404427,0.6920887877063175
0.3205156456236209,1701,784,299,1216,0.608,0.8026402640264027,0.6845070422535211,0.6918918918918919
0.3202687058618759,1700,785,299,1216,0.607696151924038,0.8026402640264027,0.6841046277665996,0.6916951080773607
0.32019987638531977,1699,786,299,1216,0.6073926073926074,0.8026402640264027,0.6837022132796781,0.691498436167188
0.32018657529988553,1698,787,299,1216,0.6070893659510734,0.8026402640264027,0.6832997987927565,0.6913018760659465
0.32017316269515345,1697,788,299,1216,0.6067864271457086,0.8026402640264027,0.682897384305835,0.6911054276783177
0.320115159959205,1697,788,298,1217,0.6069825436408978,0.8033003300330033,0.682897384305835,0.6914772727272728
0.3201087035367201,1697,788,297,1218,0.6071784646061814,0.803960396039604,0.682897384305835,0.6918489065606361
0.31998977666430406,1696,789,297,1218,0.6068759342301944,0.803960396039604,0.6824949698189134,0.6916524701873935
0.3199149027876807,1695,790,297,1218,0.6065737051792829,0.803960396039604,0.682092555331992,0.6914561453306841
0.31982310223159954,1694,791,297,1218,0.6062717770034843,0.803960396039604,0.6816901408450704,0.6912599318955732
0.3197297507547471,1693,792,297,1218,0.6059701492537314,0.803960396039604,0.6812877263581489,0.691063829787234
0.3196931420805677,1692,793,297,1218,0.6056688214818499,0.803960396039604,0.6808853118712274,0.6908678389109473
0.3194626591570438,1691,794,297,1218,0.6053677932405567,0.803960396039604,0.6804828973843058,0.6906719591721009
0.3194621270926803,1691,794,296,1219,0.6055638350720318,0.8046204620462046,0.6804828973843058,0.6910430839002267
0.31912962954555774,1690,795,296,1219,0.6052631578947368,0.8046204620462046,0.6800804828973843,0.69084726551431
0.31895635951043955,1689,796,296,1219,0.6049627791563276,0.8046204620462046,0.6796780684104627,0.6906515580736544
0.3188310516689749,1688,797,296,1219,0.6046626984126984,0.8046204620462046,0.6792756539235413,0.6904559614839989
0.3187233286773927,1687,798,296,1219,0.6043629152206247,0.8046204620462046,0.6788732394366197,0.6902604756511891
0.3187226604412315,1686,799,296,1219,0.6040634291377601,0.8046204620462046,0.6784708249496982,0.6900651004811774
0.31871078595413593,1685,800,296,1219,0.6037642397226349,0.8046204620462046,0.6780684104627767,0.6898698358800226
0.3186678742636671,1684,801,296,1219,0.6034653465346534,0.8046204620462046,0.6776659959758551,0.6896746817538897
0.31864966920010385,1683,802,296,1219,0.6031667491340921,0.8046204620462046,0.6772635814889336,0.6894796380090498
0.31840847836108593,1682,803,296,1219,0.602868447082097,0.8046204620462046,0.676861167002012,0.6892847045518802
0.3182723882371591,1681,804,296,1219,0.6025704399406822,0.8046204620462046,0.6764587525150906,0.6890898812888637
0.3182464471465585,1680,805,296,1219,0.6022727272727273,0.8046204620462046,0.676056338028169,0.6888951681265895
0.3182076222541572,1680,805,295,1220,0.6024691358024692,0.8052805280528053,0.676056338028169,0.6892655367231638
0.31818083436904876,1680,805,294,1221,0.6026653504442251,0.805940594059406,0.676056338028169,0.6896356961310365
0.31809667299868766,1679,806,294,1221,0.6023680315737543,0.805940594059406,0.6756539235412475,0.6894409937888198
0.3179799234637693,1678,807,294,1221,0.6020710059171598,0.805940594059406,0.675251509054326,0.6892464013547841
0.317616196644457,1677,808,294,1221,0.6017742730409068,0.805940594059406,0.6748490945674044,0.6890519187358917
0.317493155065041,1676,809,294,1221,0.6014778325123152,0.805940594059406,0.6744466800804829,0.6888575458392101
0.31723331063188875,1675,810,294,1221,0.6011816838995568,0.805940594059406,0.6740442655935613,0.688663282571912
0.3172253341937929,1674,811,294,1221,0.6008858267716536,0.805940594059406,0.6736418511066399,0.6884691288412743
0.3171869333708637,1673,812,294,1221,0.6005902606984752,0.805940594059406,0.6732394366197183,0.6882750845546787
0.31710769554459156,1672,813,294,1221,0.6002949852507374,0.805940594059406,0.6728370221327968,0.6880811496196112
0.31706709292729734,1671,814,294,1221,0.6,0.805940594059406,0.6724346076458753,0.6878873239436619
0.3167658089214593,1670,815,294,1221,0.599705304518664,0.805940594059406,0.6720321931589537,0.6876936074345255
0.3163690882597918,1669,816,294,1221,0.5994108983799705,0.805940594059406,0.6716297786720322,0.6875
0.31634607053325553,1668,817,294,1221,0.599116781157998,0.805940594059406,0.6712273641851106,0.6873065015479877
0.316249999724466,1668,817,293,1222,0.5993133889161354,0.8066006600660066,0.6712273641851106,0.6876758581879572
0.31624508037190896,1667,818,293,1222,0.5990196078431372,0.8066006600660066,0.6708249496981892,0.6874824191279888
0.3162366085782155,1667,818,292,1223,0.5992160705536502,0.8072607260726072,0.6708249496981892,0.68785151856018
0.31621015378249867,1666,819,292,1223,0.598922624877571,0.8072607260726072,0.6704225352112676,0.6876581388810795
0.3162098642237304,1666,819,291,1224,0.5991189427312775,0.807920792079208,0.6704225352112676,0.688026981450253
0.3162065572919678,1666,819,290,1225,0.5993150684931506,0.8085808580858086,0.6704225352112676,0.688395616746277
0.316150775100382,1665,820,290,1225,0.5990220048899756,0.8085808580858086,0.670020120724346,0.6882022471910112
0.3161286785047992,1664,821,290,1225,0.5987292277614858,0.8085808580858086,0.6696177062374246,0.6880089862398203
0.316106229428762,1663,822,290,1225,0.5984367366878358,0.8085808580858086,0.669215291750503,0.6878158338012352
0.31605723458429,1662,823,290,1225,0.59814453125,0.8085808580858086,0.6688128772635815,0.68762278978389
0.31604356091234054,1661,824,290,1225,0.5978526110297706,0.8085808580858086,0.6684104627766599,0.6874298540965208
0.3157625822327052,1661,824,289,1226,0.5980487804878049,0.8092409240924092,0.6684104627766599,0.6877980364656382
0.3157142386594721,1660,825,289,1226,0.5977571916138469,0.8092409240924092,0.6680080482897385,0.6876051598429613
0.31558059250072423,1659,826,289,1226,0.5974658869395711,0.8092409240924092,0.6676056338028169,0.687412391365293
0.3154302634965274,1658,827,289,1226,0.5971748660496834,0.8092409240924092,0.6672032193158953,0.6872197309417041
0.31541923788500414,1657,828,289,1226,0.5968841285296982,0.8092409240924092,0.6668008048289739,0.6870271784813673
0.31541598835374385,1656,829,289,1226,0.5965936739659368,0.8092409240924092,0.6663983903420523,0.6868347338935574
0.3154053907162627,1655,830,289,1226,0.5963035019455253,0.8092409240924092,0.6659959758551308,0.6866423970876505
0.3153468239298751,1654,831,289,1226,0.5960136120563928,0.8092409240924092,0.6655935613682092,0.6864501679731243
0.31534558827192727,1654,831,288,1227,0.5962099125364432,0.80990099009901,0.6655935613682092,0.6868178001679262
0.3152284581261526,1654,831,287,1228,0.5964060223409422,0.8105610561056106,0.6655935613682092,0.6871852266368215
0.31516472983890736,1654,831,286,1229,0.5966019417475729,0.8112211221122112,0.6655935613682092,0.6875524475524476
0.3150235273525075,1653,832,286,1229,0.5963124696749151,0.8112211221122112,0.6651911468812878,0.6873601789709173
0.3150028317450854,1652,833,286,1229,0.596023278370514,0.8112211221122112,0.6647887323943662,0.6871680178920884
0.31491507338774144,1652,833,285,1230,0.5962190984003878,0.8118811881188119,0.6647887323943662,0.6875349357182784
0.3148577623009659,1651,834,285,1230,0.5959302325581395,0.8118811881188119,0.6643863179074446,0.6873428331936295
0.3148549030716508,1650,835,285,1230,0.5956416464891041,0.8118811881188119,0.6639839034205232,0.6871508379888268
0.314792062123306,1649,836,285,1230,0.5953533397870281,0.8118811881188119,0.6635814889336016,0.6869589500139626
0.31479084374850913,1648,837,285,1230,0.5950653120464441,0.8118811881188119,0.6631790744466801,0.6867671691792295
0.31478968311052263,1647,838,285,1230,0.5947775628626693,0.8118811881188119,0.6627766599597585,0.6865754953949205
0.3146110296669789,1646,839,285,1230,0.5944900918318028,0.8118811881188119,0.6623742454728371,0.6863839285714286
0.3144331973670132,1645,840,285,1230,0.5942028985507246,0.8118811881188119,0.6619718309859155,0.6861924686192469
0.3141350329626584,1644,841,285,1230,0.5939159826170932,0.8118811881188119,0.6615694164989939,0.6860011154489682
0.31396902794604264,1644,841,284,1231,0.5941119691119691,0.8125412541254126,0.6615694164989939,0.6863674379704489
0.31383572532860904,1643,842,284,1231,0.5938253738543174,0.8125412541254126,0.6611670020120725,0.6861761426978819
0.3138336402532133,1642,843,284,1231,0.5935390549662488,0.8125412541254126,0.6607645875251509,0.6859849540261911
0.3137190962812383,1642,843,283,1232,0.5937349397590361,0.8132013201320132,0.6607645875251509,0.6863509749303621
0.31334152566378637,1642,843,282,1233,0.5939306358381503,0.8138613861386138,0.6607645875251509,0.6867167919799498
0.3131943520339238,1641,844,282,1233,0.5936446798266731,0.8138613861386138,0.6603621730382294,0.6865256124721604
0.31315470160407155,1640,845,282,1233,0.5933589990375361,0.8138613861386138,0.6599597585513078,0.686334539382132
0.31311480731779684,1639,846,282,1233,0.5930735930735931,0.8138613861386138,0.6595573440643863,0.6861435726210351
0.3130833802887136,1638,847,282,1233,0.5927884615384615,0.8138613861386138,0.6591549295774648,0.6859527121001391
0.31294461785897276,1637,848,282,1233,0.5925036040365209,0.8138613861386138,0.6587525150905432,0.685761957730812
0.3127601418906204,1637,848,281,1234,0.5926993275696446,0.8145214521452145,0.6587525150905432,0.6861273283291632
0.31266021142341716,1637,848,280,1235,0.5928948631781085,0.8151815181518152,0.6587525150905432,0.6864924958310172
0.31262120865284115,1637,848,279,1236,0.5930902111324377,0.8158415841584158,0.6587525150905432,0.6868574604056682
0.31241269979027514,1636,849,279,1236,0.5928057553956835,0.8158415841584158,0.6583501006036218,0.6866666666666666
0.31239693986731965,1636,849,278,1237,0.5930009587727708,0.8165016501650165,0.6583501006036218,0.6870313801721744
0.31237801790466313,1635,850,278,1237,0.5927168183996167,0.8165016501650165,0.6579476861167002,0.6868406440866185
0.3122782631974761,1634,851,278,1237,0.5924329501915708,0.8165016501650165,0.6575452716297787,0.6866500138773245
0.31226292800504607,1634,851,277,1238,0.5926280516993777,0.8171617161716171,0.6575452716297787,0.6870144284128746
0.3122408727045591,1633,852,277,1238,0.5923444976076555,0.8171617161716171,0.6571428571428571,0.6868238557558946
0.3121990339276116,1632,853,277,1238,0.5920612147297943,0.8171617161716171,0.6567404426559356,0.6866333887964503
0.3121361086367586,1631,854,277,1238,0.5917782026768642,0.8171617161716171,0.6563380281690141,0.6864430274466315
0.311944751728314,1631,854,276,1239,0.5919732441471572,0.8178217821782178,0.6563380281690141,0.6868070953436807
0.31183901332594977,1630,855,276,1239,0.5916905444126075,0.8178217821782178,0.6559356136820925,0.686616791354946
0.3116963460836009,1629,856,276,1239,0.5914081145584725,0.8178217821782178,0.6555331991951711,0.686426592797784
0.3115622313909649,1628,857,276,1239,0.5911259541984732,0.8178217821782178,0.6551307847082495,0.6862364995846026
0.31150426113347474,1627,858,276,1239,0.5908440629470673,0.8178217821782178,0.654728370221328,0.686046511627907
0.31136726623114575,1626,859,276,1239,0.590562440419447,0.8178217821782178,0.6543259557344064,0.685856628840299
0.31135300917049175,1625,860,276,1239,0.5902810862315389,0.8178217821782178,0.6539235412474849,0.685666851134477
0.31127254343219624,1624,861,276,1239,0.59,0.8178217821782178,0.6535211267605634,0.6854771784232365
0.3112417059107302,1623,862,276,1239,0.589719181342218,0.8178217821782178,0.6531187122736418,0.6852876106194691
0.3112015047761328,1622,863,276,1239,0.5894386298763082,0.8178217821782178,0.6527162977867204,0.6850981476361626
0.31108753010280804,1622,863,275,1240,0.5896338563956253,0.8184818481848185,0.6527162977867204,0.685461580983969
0.3110845772609699,1621,864,275,1240,0.5893536121673004,0.8184818481848185,0.6523138832997988,0.6852721746338768
0.3110042432712374,1621,864,274,1241,0.5895486935866984,0.8191419141914191,0.6523138832997988,0.6856353591160221
0.31094032131153215,1620,865,274,1241,0.5892687559354226,0.8191419141914191,0.6519114688128773,0.6854460093896714
0.31090994761365365,1619,866,274,1241,0.5889890840056953,0.8191419141914191,0.6515090543259557,0.6852567642186638
0.31087119331776075,1619,866,273,1242,0.5891840607210627,0.8198019801980198,0.6515090543259557,0.6856196522219156
0.31083079147004616,1618,867,273,1242,0.5889046941678521,0.8198019801980198,0.6511066398390342,0.6854304635761589
0.3106258498794044,1618,867,272,1243,0.5890995260663507,0.8204620462046205,0.6511066398390342,0.6857931034482758
0.3106240571564616,1618,867,271,1244,0.5892941733775462,0.8211221122112211,0.6511066398390342,0.6861555432984004
0.3106182594202353,1617,868,271,1244,0.5890151515151515,0.8211221122112211,0.6507042253521127,0.6859663633857183
0.3105698779776587,1616,869,271,1244,0.5887363937529578,0.8211221122112211,0.6503018108651911,0.6857772877618522
0.31053498234506144,1615,870,271,1244,0.5884578997161779,0.8211221122112211,0.6498993963782697,0.6855883163405897
0.3105222579233294,1615,870,270,1245,0.5886524822695035,0.8217821782178217,0.6498993963782697,0.6859504132231405
0.3105056646202008,1615,870,269,1246,0.5888468809073724,0.8224422442244225,0.6498993963782697,0.6863123106582208
0.3103758895598961,1614,871,269,1246,0.5885687293339632,0.8224422442244225,0.6494969818913481,0.6861233480176211
0.31021323155854874,1613,872,269,1246,0.5882908404154863,0.8224422442244225,0.6490945674044266,0.6859344894026975
0.3101411626026431,1613,872,268,1247,0.5884851344974045,0.8231023102310231,0.6490945674044266,0.686296092460099
0.3099249479132233,1612,873,268,1247,0.5882075471698113,0.8231023102310231,0.648692152917505,0.6861072902338377
0.3098277759498094,1611,874,268,1247,0.5879302215935879,0.8231023102310231,0.6482897384305835,0.6859185918591859
0.3097637441790531,1610,875,268,1247,0.5876531573986805,0.8231023102310231,0.647887323943662,0.6857299972504811
0.3096359016229296,1610,875,267,1248,0.587847385774847,0.8237623762376237,0.647887323943662,0.6860912589334799
0.3095769815862084,1610,875,266,1249,0.5880414312617702,0.8244224422442245,0.647887323943662,0.6864523220665018
0.3093723799597074,1609,876,266,1249,0.587764705882353,0.8244224422442245,0.6474849094567404,0.6862637362637363
0.3093145821900797,1608,877,266,1249,0.5874882408278457,0.8244224422442245,0.647082494969819,0.6860752540510848
0.30923503416850856,1607,878,266,1249,0.5872120357310766,0.8244224422442245,0.6466800804828974,0.685886875343218
0.30916971082439837,1607,878,265,1250,0.5874060150375939,0.8250825082508251,0.6466800804828974,0.6862475981334065
0.30902799329168623,1607,878,264,1251,0.5875998121183654,0.8257425742574257,0.6466800804828974,0.6866081229418222
0.30899781001552457,1606,879,264,1251,0.5873239436619718,0.8257425742574257,0.6462776659959758,0.6864197530864198
0.3089360296471336,1605,880,264,1251,0.5870483341154388,0.8257425742574257,0.6458752515090543,0.6862314865606144
0.30892609948055255,1604,881,264,1251,0.5867729831144465,0.8257425742574257,0.6454728370221328,0.6860433232794078
0.30892429143178446,1603,882,264,1251,0.5864978902953587,0.8257425742574257,0.6450704225352113,0.6858552631578947
0.3086515545885186,1603,882,263,1252,0.5866916588566073,0.8264026402640264,0.6450704225352113,0.6862154014798575
0.30863060023708433,1602,883,263,1252,0.5864168618266979,0.8264026402640264,0.6446680080482897,0.686027397260274
0.3086296785555025,1601,884,263,1252,0.5861423220973783,0.8264026402640264,0.6442655935613683,0.6858394960284854
0.30862713889505794,1600,885,263,1252,0.5858680393074404,0.8264026402640264,0.6438631790744467,0.6856516976998904
0.30854384219729064,1599,886,263,1252,0.5855940130963517,0.8264026402640264,0.6434607645875251,0.6854640021899808
0.30843171892099497,1599,886,262,1253,0.5857877512856475,0.8270627062706271,0.6434607645875251,0.685823754789272
0.30839300548896725,1598,887,262,1253,0.5855140186915888,0.8270627062706271,0.6430583501006036,0.6856361149110807
0.3083582921371387,1597,888,262,1253,0.5852405418028959,0.8270627062706271,0.6426559356136821,0.6854485776805251
0.30830045172209974,1596,889,262,1253,0.5849673202614379,0.8270627062706271,0.6422535211267606,0.6852611430133989
0.30828322456282997,1596,889,261,1254,0.5851609892673821,0.8277227722772277,0.6422535211267606,0.6856205576817933
0.3082081175233009,1596,889,260,1255,0.5853544776119403,0.8283828382838284,0.6422535211267606,0.6859797758950533
0.3080480576702091,1595,890,260,1255,0.585081585081585,0.8283828382838284,0.641851106639839,0.6857923497267759
0.3080382098652947,1594,891,260,1255,0.5848089468779124,0.8283828382838284,0.6414486921529176,0.6856050259491943
0.30735009519739975,1593,892,260,1255,0.584536562645552,0.8283828382838284,0.641046277665996,0.685417804478427
0.3072590703652038,1592,893,260,1255,0.5842644320297952,0.8283828382838284,0.6406438631790744,0.6852306852306852
0.30719137498879456,1592,893,259,1256,0.5844578873894835,0.829042904290429,0.6406438631790744,0.6855895196506551
0.3071174221748934,1591,894,259,1256,0.5841860465116279,0.829042904290429,0.6402414486921529,0.6854024556616644
0.30704965465934236,1590,895,259,1256,0.5839144583914458,0.829042904290429,0.6398390342052314,0.685215493726132
0.30693491510476373,1589,896,259,1256,0.5836431226765799,0.829042904290429,0.6394366197183099,0.6850286337605672
0.3068773772458347,1588,897,259,1256,0.5833720390153274,0.829042904290429,0.6390342052313883,0.6848418756815703
0.3068226850094299,1587,898,259,1256,0.5831012070566388,0.829042904290429,0.6386317907444669,0.6846552194058326
0.3067807391227583,1586,899,259,1256,0.582830626450116,0.829042904290429,0.6382293762575453,0.6844686648501362
0.30671533041027726,1585,900,259,1256,0.5825602968460112,0.829042904290429,0.6378269617706237,0.6842822119313539
0.3066880662054544,1584,901,259,1256,0.5822902178952248,0.829042904290429,0.6374245472837022,0.6840958605664488
0.3066438049746177,1583,902,259,1256,0.5820203892493049,0.829042904290429,0.6370221327967807,0.6839096106724748
0.3065929036946803,1582,903,259,1256,0.5817508105604446,0.829042904290429,0.6366197183098592,0.683723462166576
0.306558598515366,1581,904,259,1256,0.5814814814814815,0.829042904290429,0.6362173038229376,0.6835374149659864
0.30652674659828255,1580,905,259,1256,0.5812124016658954,0.829042904290429,0.635814889336016,0.6833514689880305
0.30647651388053165,1579,906,259,1256,0.5809435707678076,0.829042904290429,0.6354124748490946,0.6831656241501224
0.3064362058935154,1578,907,259,1256,0.5806749884419787,0.829042904290429,0.635010060362173,0.6829798803697662
0.30634553675670095,1577,908,259,1256,0.5804066543438078,0.829042904290429,0.6346076458752515,0.6827942375645556
0.30617801255183136,1576,909,259,1256,0.5801385681293303,0.829042904290429,0.63420523138833,0.6826086956521739
0.3061320804472993,1575,910,259,1256,0.579870729455217,0.829042904290429,0.6338028169014085,0.6824232545503939
0.3060327226942388,1574,911,259,1256,0.5796031379787725,0.829042904290429,0.6334004024144869,0.6822379141770777
0.30602024611884376,1573,912,259,1256,0.5793357933579336,0.829042904290429,0.6329979879275653,0.6820526744501765
0.3059968398602423,1572,913,259,1256,0.5790686952512679,0.829042904290429,0.6325955734406439,0.6818675352877307
0.3059604691320806,1571,914,259,1256,0.5788018433179724,0.829042904290429,0.6321931589537223,0.6816824966078697
0.30590595224272993,1570,915,259,1256,0.5785352372178719,0.829042904290429,0.6317907444668008,0.6814975583288118
0.3058878419217261,1569,916,259,1256,0.578268876611418,0.829042904290429,0.6313883299798793,0.6813127203688636
0.30584693902600774,1568,917,259,1256,0.5780027611596871,0.829042904290429,0.6309859154929578,0.6811279826464208
0.30577098744558173,1567,918,259,1256,0.577736890524379,0.829042904290429,0.6305835010060362,0.6809433450799675
0.30553756143906985,1567,918,258,1257,0.5779310344827586,0.8297029702970297,0.6305835010060362,0.6813008130081301
0.30547470530477366,1566,919,258,1257,0.5776654411764706,0.8297029702970297,0.6301810865191146,0.6811162286643186
0.3054619229851994,1565,920,258,1257,0.5774000918695452,0.8297029702970297,0.6297786720321932,0.680931744312026
0.3054251601627916,1564,921,258,1257,0.5771349862258953,0.8297029702970297,0.6293762575452716,0.6807473598700243
0.30536837868202604,1563,922,258,1257,0.5768701239100504,0.8297029702970297,0.6289738430583501,0.6805630752571737
0.3053431305506993,1562,923,258,1257,0.576605504587156,0.8297029702970297,0.6285714285714286,0.6803788903924222
0.30506840870403795,1561,924,258,1257,0.5763411279229711,0.8297029702970297,0.6281690140845071,0.6801948051948052
0.30468679498375634,1560,925,258,1257,0.576076993583868,0.8297029702970297,0.6277665995975855,0.680010819583446
0.30462134982440037,1559,926,258,1257,0.57581310123683,0.8297029702970297,0.6273641851106639,0.6798269334775554
0.30442793803982077,1559,926,257,1258,0.576007326007326,0.8303630363036304,0.6273641851106639,0.680183833468505
0.3042810552734628,1559,926,256,1259,0.5762013729977117,0.831023102310231,0.6273641851106639,0.6805405405405406
0.30427228289906627,1558,927,256,1259,0.5759377859103385,0.831023102310231,0.6269617706237425,0.6803566603620643
0.30424879248098524,1558,927,255,1260,0.5761316872427984,0.8316831683168316,0.6269617706237425,0.6807131280388979
0.3040513596588179,1558,927,254,1261,0.5763254113345521,0.8323432343234324,0.6269617706237425,0.6810694031866055
0.30405122145573277,1557,928,254,1261,0.5760621288259479,0.8323432343234324,0.6265593561368209,0.6808855291576674
0.3040291094281278,1556,929,254,1261,0.5757990867579909,0.8323432343234324,0.6261569416498994,0.6807017543859649
0.3038462518789732,1555,930,254,1261,0.5755362848014606,0.8323432343234324,0.6257545271629779,0.6805180787911494
0.3035694720464118,1555,930,253,1262,0.5757299270072993,0.833003300330033,0.6257545271629779,0.6808740221203129
0.30356394104164364,1554,931,253,1262,0.5754673962608299,0.833003300330033,0.6253521126760564,0.6806903991370011
0.3032161647892488,1554,931,252,1263,0.5756608933454876,0.8336633663366336,0.6253521126760564,0.6810461040711782
0.30312655040932657,1553,932,252,1263,0.5753986332574031,0.8336633663366336,0.6249496981891348,0.6808625336927224
0.30286012456008304,1552,933,252,1263,0.575136612021858,0.8336633663366336,0.6245472837022132,0.6806790622473726
0.3028094284471167,1551,934,252,1263,0.5748748293126992,0.8336633663366336,0.6241448692152918,0.6804956896551724
0.30270690532459665,1550,935,252,1263,0.5746132848043676,0.8336633663366336,0.6237424547283702,0.680312415836251
0.3025729451658161,1549,936,252,1263,0.5743519781718963,0.8336633663366336,0.6233400402414487,0.6801292407108239
0.3025278466219514,1548,937,252,1263,0.5740909090909091,0.8336633663366336,0.6229376257545272,0.6799461641991925
0.3024546921819029,1548,937,251,1264,0.5742844161744661,0.8343234323432344,0.6229376257545272,0.6803013993541442
0.30241127510702726,1547,938,251,1264,0.5740236148955495,0.8343234323432344,0.6225352112676056,0.6801183750336293
0.3023289827341131,1546,939,251,1264,0.5737630503858375,0.8343234323432344,0.6221327967806841,0.6799354491662184
0.3022961073796149,1545,940,251,1264,0.573502722323049,0.8343234323432344,0.6217303822937625,0.6797526216724926
0.3019771014694872,1544,941,251,1264,0.5732426303854875,0.8343234323432344,0.6213279678068411,0.6795698924731183
0.30149393045883993,1544,941,250,1265,0.5734360834088849,0.834983498349835,0.6213279678068411,0.679924751410911
0.30132119806630103,1544,941,249,1266,0.5736293611236973,0.8356435643564356,0.6213279678068411,0.6802794196668458
0.3013202994697183,1544,941,248,1267,0.573822463768116,0.8363036303630363,0.6213279678068411,0.6806338973945742
0.3012938129080779,1544,941,247,1268,0.5740153915799004,0.836963696369637,0.6213279678068411,0.6809881847475833
0.3012264216937627,1543,942,247,1268,0.5737556561085972,0.836963696369637,0.6209255533199195,0.6808053691275168
0.30121731132244095,1542,943,247,1268,0.5734961555857079,0.836963696369637,0.620523138832998,0.6806226516371444
0.3011805455491824,1541,944,247,1268,0.5732368896925859,0.836963696369637,0.6201207243460765,0.6804400321974778
0.30096879590017106,1540,945,247,1268,0.5729778581111613,0.836963696369637,0.6197183098591549,0.6802575107296137
0.3009687081577457,1539,946,247,1268,0.5727190605239386,0.836963696369637,0.6193158953722334,0.6800750871547332
0.3008635467868848,1538,947,247,1268,0.5724604966139955,0.836963696369637,0.6189134808853118,0.6798927613941019
0.30076426249460414,1537,948,247,1268,0.572202166064982,0.836963696369637,0.6185110663983904,0.67971053336907
0.3007627608060199,1537,948,246,1269,0.5723951285520974,0.8376237623762376,0.6185110663983904,0.680064308681672
0.3007474497638617,1536,949,246,1269,0.5721370604147881,0.8376237623762376,0.6181086519114688,0.679882132333244
0.30069423161599057,1536,949,245,1270,0.5723298783235692,0.8382838283828383,0.6181086519114688,0.6802356722013926
0.3006039766728727,1536,949,244,1271,0.5725225225225226,0.838943894389439,0.6181086519114688,0.6805890227576975
0.3005152224110833,1535,950,244,1271,0.5722647456100856,0.838943894389439,0.6177062374245473,0.680406852248394
0.3004895107250337,1534,951,244,1271,0.572007200720072,0.838943894389439,0.6173038229376258,0.6802247792346803
0.30037666068832103,1533,952,244,1271,0.5717498875393612,0.838943894389439,0.6169014084507042,0.6800428036383093
0.2998061838779733,1532,953,244,1271,0.5714928057553957,0.838943894389439,0.6164989939637827,0.679860925381118
0.2996856104760148,1531,954,244,1271,0.5712359550561797,0.838943894389439,0.6160965794768611,0.6796791443850267
0.2996475910376177,1530,955,244,1271,0.5709793351302785,0.838943894389439,0.6156941649899397,0.6794974605720395
0.2996278103974094,1529,956,244,1271,0.5707229456668164,0.838943894389439,0.6152917505030181,0.6793158738642437
0.2995462781985645,1528,957,244,1271,0.5704667863554758,0.838943894389439,0.6148893360160966,0.6791343841838098
0.29947052692994297,1527,958,244,1271,0.5702108568864962,0.838943894389439,0.6144869215291751,0.6789529914529915
0.29933190469045606,1526,959,244,1271,0.5699551569506727,0.838943894389439,0.6140845070422535,0.6787716955941255
0.2992391576026819,1525,960,244,1271,0.5696996862393545,0.838943894389439,0.613682092555332,0.6785904965296317
0.29896632331675743,1524,961,244,1271,0.5694444444444444,0.838943894389439,0.6132796780684104,0.6784093941820123
0.29884435115583763,1523,962,244,1271,0.5691894312583968,0.838943894389439,0.612877263581489,0.6782283884738527
0.2988100138424366,1522,963,244,1271,0.5689346463742166,0.838943894389439,0.6124748490945674,0.6780474793278207
0.29827095764717887,1521,964,244,1271,0.5686800894854586,0.838943894389439,0.6120724346076458,0.6778666666666666
0.29821074750079113,1520,965,244,1271,0.5684257602862254,0.838943894389439,0.6116700201207244,0.6776859504132231
0.2981864081053088,1519,966,244,1271,0.5681716584711668,0.838943894389439,0.6112676056338028,0.6775053304904051
0.29805847700084465,1519,966,243,1272,0.5683646112600537,0.8396039603960396,0.6112676056338028,0.6778577138289369
0.29805373425717746,1518,967,243,1272,0.5681107637338098,0.8396039603960396,0.6108651911468813,0.6776771443793287
0.297966261214118,1518,967,242,1273,0.5683035714285715,0.8402640264026403,0.6108651911468813,0.6780292942743009
0.29783545392864863,1517,968,242,1273,0.5680499776885319,0.8402640264026403,0.6104627766599597,0.6778487752928648
0.297692452579432,1517,968,241,1274,0.568242640499554,0.8409240924092409,0.6104627766599597,0.6782006920415224
0.2973755011521291,1516,969,241,1274,0.5679893000445831,0.8409240924092409,0.6100603621730383,0.6780202235231506
0.29728360527037706,1515,970,241,1274,0.5677361853832442,0.8409240924092409,0.6096579476861167,0.6778398510242085
0.2972059101972698,1515,970,240,1275,0.5679287305122495,0.8415841584158416,0.6096579476861167,0.6781914893617021
0.29706239981514954,1514,971,240,1275,0.5676758682101514,0.8415841584158416,0.6092555331991951,0.6780111672427546
0.29700952359494087,1513,972,240,1275,0.5674232309746329,0.8415841584158416,0.6088531187122737,0.6778309409888357
0.2969921030995064,1512,973,240,1275,0.5671708185053381,0.8415841584158416,0.6084507042253521,0.6776508105235185
0.2967327663709856,1512,973,239,1276,0.5673632725655847,0.8422442244224423,0.6084507042253521,0.6780021253985122
0.29671284628806144,1511,974,239,1276,0.5671111111111111,0.8422442244224423,0.6080482897384306,0.6778220451527225
0.2966449994412759,1510,975,239,1276,0.5668591737005775,0.8422442244224423,0.607645875251509,0.6776420605416887
0.296452986851541,1509,976,239,1276,0.566607460035524,0.8422442244224423,0.6072434607645876,0.6774621714892487
0.2963543595638285,1509,976,238,1277,0.5667998224589437,0.8429042904290429,0.6072434607645876,0.6778131634819533
0.2962032938797023,1509,976,237,1278,0.5669920141969832,0.8435643564356435,0.6072434607645876,0.6781639692226055
0.2961914641850965,1508,977,237,1278,0.5667405764966741,0.8435643564356435,0.606841046277666,0.6779840848806366
0.29612489302673456,1508,977,236,1279,0.5669326241134752,0.8442244224422443,0.606841046277666,0.6783346592415804
0.29589304106089853,1507,978,236,1279,0.5666814355338945,0.8442244224422443,0.6064386317907444,0.6781548250265111
0.29578967306277315,1506,979,236,1279,0.566430469441984,0.8442244224422443,0.606036217303823,0.6779750861383514
0.29576364588892873,1505,980,236,1279,0.5661797255422754,0.8442244224422443,0.6056338028169014,0.6777954425013248
0.29571744066485794,1504,981,236,1279,0.565929203539823,0.8442244224422443,0.6052313883299799,0.6776158940397351
0.2956678500161653,1503,982,236,1279,0.5656789031402034,0.8442244224422443,0.6048289738430583,0.6774364406779662
0.29562858894064414,1502,983,236,1279,0.5654288240495137,0.8442244224422443,0.6044265593561369,0.6772570823404819
0.29552813903927294,1501,984,236,1279,0.5651789659743703,0.8442244224422443,0.6040241448692153,0.6770778189518264
0.29548451862797864,1500,985,236,1279,0.5649293286219081,0.8442244224422443,0.6036217303822937,0.6768986504366235
0.2953721299372775,1499,986,236,1279,0.5646799116997793,0.8442244224422443,0.6032193158953723,0.6767195767195767
0.2953672276268615,1499,986,235,1280,0.5648720211827007,0.8448844884488449,0.6032193158953723,0.6770695583179053
0.29518026693021593,1498,987,235,1280,0.564622849580944,0.8448844884488449,0.6028169014084507,0.6768905341089371
0.2951530185016475,1497,988,235,1280,0.564373897707231,0.8448844884488449,0.6024144869215292,0.6767116045466561
0.2948251819479876,1496,989,235,1280,0.5641251652710445,0.8448844884488449,0.6020120724346076,0.6765327695560254
0.29479380378735454,1496,989,234,1281,0.5643171806167401,0.8455445544554455,0.6020120724346076,0.6768824306472919
0.2947453293791801,1496,989,233,1282,0.5645090268604139,0.8462046204620463,0.6020120724346076,0.6772319070258849
0.2946376295574545,1495,990,233,1282,0.5642605633802817,0.8462046204620463,0.6016096579476862,0.6770530763137048
0.29450954616104175,1494,991,233,1282,0.5640123185217774,0.8462046204620463,0.6012072434607646,0.6768743400211193
0.2944196868468886,1493,992,233,1282,0.5637642919964819,0.8462046204620463,0.600804828973843,0.6766956980733703
0.29440529137062976,1492,993,233,1282,0.5635164835164835,0.8462046204620463,0.6004024144869216,0.6765171503957783
0.2943833225545807,1491,994,233,1282,0.5632688927943761,0.8462046204620463,0.6,0.676338696913743
0.29434091743446117,1490,995,233,1282,0.5630215195432586,0.8462046204620463,0.5995975855130785,0.6761603375527426
0.2942770672657996,1489,996,233,1282,0.5627743634767339,0.8462046204620463,0.5991951710261569,0.6759820722383337
0.2941036987462569,1488,997,233,1282,0.5625274243089075,0.8462046204620463,0.5987927565392354,0.6758039008961518
0.29391597717506135,1488,997,232,1283,0.5627192982456141,0.8468646864686469,0.5987927565392354,0.6761528326745718
0.2938723166674562,1487,998,232,1283,0.5624725997369575,0.8468646864686469,0.5983903420523139,0.6759747102212855
0.2936935421459657,1486,999,232,1283,0.5622261174408414,0.8468646864686469,0.5979879275653923,0.6757966815907295
0.2935716464382376,1485,1000,232,1283,0.5619798510731494,0.8468646864686469,0.5975855130784709,0.6756187467087941
0.29354649668303895,1484,1001,232,1283,0.5617338003502627,0.8468646864686469,0.5971830985915493,0.6754409055014478
0.29345464386199405,1483,1002,232,1283,0.5614879649890591,0.8468646864686469,0.5967806841046278,0.6752631578947368
0.2934045714472105,1482,1003,232,1283,0.5612423447069116,0.8468646864686469,0.5963782696177062,0.6750855038147856
0.2933663504702434,1482,1003,231,1284,0.5614341932662877,0.8475247524752475,0.5963782696177062,0.6754339821146765
0.2933285109546235,1482,1003,230,1285,0.5616258741258742,0.8481848184818482,0.5963782696177062,0.6757822771496187
0.29320432950373426,1481,1004,230,1285,0.5613805155089558,0.8481848184818482,0.5959758551307847,0.6756046267087277
0.2931524316952289,1480,1005,230,1285,0.5611353711790393,0.8481848184818482,0.5955734406438632,0.6754270696452037
0.2931027843803705,1479,1006,230,1285,0.5608904408555216,0.8481848184818482,0.5951710261569416,0.675249605885444
0.29295925750194846,1478,1007,230,1285,0.5606457242582897,0.8481848184818482,0.5947686116700202,0.6750722353559233
0.29279296934275556,1478,1007,229,1286,0.5608373310074138,0.8488448844884489,0.5947686116700202,0.6754201680672269
0.2927710888462003,1478,1007,228,1287,0.5610287707061901,0.8495049504950495,0.5947686116700202,0.6757679180887372
0.2927576822067067,1477,1008,228,1287,0.5607843137254902,0.8495049504950495,0.5943661971830986,0.6755905511811023
0.2926655124061916,1476,1009,228,1287,0.5605400696864111,0.8495049504950495,0.5939637826961771,0.6754132773550249
0.29253003182773746,1475,1010,228,1287,0.5602960383108402,0.8495049504950495,0.5935613682092555,0.6752360965372508
0.2922615746264188,1474,1011,228,1287,0.5600522193211488,0.8495049504950495,0.593158953722334,0.6750590086546027
0.2922490693089256,1473,1012,228,1287,0.5598086124401914,0.8495049504950495,0.5927565392354125,0.67488201363398
0.2921457927741918,1472,1013,228,1287,0.5595652173913044,0.8495049504950495,0.5923541247484909,0.6747051114023591
0.292134423864649,1472,1013,227,1288,0.5597566275532377,0.8501650165016502,0.5923541247484909,0.6750524109014675
0.29209477137789186,1471,1014,227,1288,0.5595134665508253,0.8501650165016502,0.5919517102615695,0.6748755567199372
0.292029479294223,1470,1015,227,1288,0.5592705167173252,0.8501650165016502,0.5915492957746479,0.6746987951807228
0.2918840500188819,1469,1016,227,1288,0.5590277777777778,0.8501650165016502,0.5911468812877264,0.67452212621105
0.2918810992446386,1468,1017,227,1288,0.5587852494577007,0.8501650165016502,0.5907444668008048,0.6743455497382199
0.29149150120563455,1467,1018,227,1288,0.5585429314830876,0.8501650165016502,0.5903420523138833,0.6741690656896101
0.2914382246360797,1466,1019,227,1288,0.5583008235804074,0.8501650165016502,0.5899396378269618,0.673992673992674
0.2914153747834383,1465,1020,227,1288,0.5580589254766031,0.8501650165016502,0.5895372233400402,0.6738163745749411
0.2911273474336917,1465,1020,226,1289,0.5582503248159376,0.8508250825082508,0.5895372233400402,0.674163179916318
0.29111685555325917,1464,1021,226,1289,0.558008658008658,0.8508250825082508,0.5891348088531188,0.6739869281045752
0.2907393670425871,1463,1022,226,1289,0.5577672003461704,0.8508250825082508,0.5887323943661972,0.6738107684265552
0.29067037129045675,1463,1022,225,1290,0.5579584775086506,0.8514851485148515,0.5887323943661972,0.6741573033707865
0.29064369927171557,1462,1023,225,1290,0.5577172503242542,0.8514851485148515,0.5883299798792756,0.6739811912225705
0.29061957137558503,1461,1024,225,1290,0.557476231633535,0.8514851485148515,0.5879275653923541,0.6738051710629407
0.2905648586266256,1460,1025,225,1290,0.5572354211663066,0.8514851485148515,0.5875251509054326,0.6736292428198434
0.29054904136302107,1459,1026,225,1290,0.5569948186528497,0.8514851485148515,0.5871227364185111,0.6734534064212999
0.29053420996442453,1459,1026,224,1291,0.5571860164005179,0.8521452145214522,0.5871227364185111,0.6737995824634656
0.2904785446638483,1459,1026,223,1292,0.5573770491803278,0.8528052805280528,0.5871227364185111,0.6741455778763371
0.2904309583217475,1458,1027,223,1292,0.5571366968520914,0.8528052805280528,0.5867203219315895,0.6739697443922796
0.29041705202018275,1457,1028,223,1292,0.5568965517241379,0.8528052805280528,0.586317907444668,0.673794002607562
0.2904139083045967,1456,1029,223,1292,0.5566566135286515,0.8528052805280528,0.5859154929577465,0.6736183524504692
0.2903463396291884,1455,1030,223,1292,0.5564168819982773,0.8528052805280528,0.5855130784708249,0.6734427938493615
0.2902589859760018,1454,1031,223,1292,0.5561773568661214,0.8528052805280528,0.5851106639839034,0.6732673267326733
0.2901032094954454,1453,1032,223,1292,0.5559380378657487,0.8528052805280528,0.5847082494969819,0.6730919510289137
0.2900593383748561,1452,1033,223,1292,0.5556989247311828,0.8528052805280528,0.5843058350100604,0.6729166666666667
0.29001978656270966,1451,1034,223,1292,0.5554600171969045,0.8528052805280528,0.5839034205231388,0.6727414735745899
0.2896127777251909,1450,1035,223,1292,0.5552213149978513,0.8528052805280528,0.5835010060362174,0.672566371681416
0.2894350388674239,1449,1036,223,1292,0.5549828178694158,0.8528052805280528,0.5830985915492958,0.6723913609159511
0.28913488545719473,1449,1036,222,1293,0.5551738943752683,0.8534653465346534,0.5830985915492958,0.6727367325702394
0.28910148258224666,1448,1037,222,1293,0.5549356223175965,0.8534653465346534,0.5826961770623742,0.6725617685305592
0.2889805602445451,1447,1038,222,1293,0.5546975546975547,0.8534653465346534,0.5822937625754527,0.672386895475819
0.288953232577367,1446,1039,222,1293,0.5544596912521441,0.8534653465346534,0.5818913480885312,0.6722121133350663
0.2886364653875315,1445,1040,222,1293,0.554222031718817,0.8534653465346534,0.5814889336016097,0.672037422037422
0.2884132898642071,1444,1041,222,1293,0.5539845758354756,0.8534653465346534,0.5810865191146881,0.6718628215120811
0.288367198468717,1443,1042,222,1293,0.553747323340471,0.8534653465346534,0.5806841046277667,0.6716883116883117
0.288350100337178,1442,1043,222,1293,0.5535102739726028,0.8534653465346534,0.5802816901408451,0.6715138924954557
0.2883307695415655,1441,1044,222,1293,0.5532734274711169,0.8534653465346534,0.5798792756539235,0.6713395638629284
0.28831739761162617,1440,1045,222,1293,0.5530367835757057,0.8534653465346534,0.579476861167002,0.671165325720218
0.28825414096951035,1440,1045,221,1294,0.5532278751603249,0.8541254125412542,0.579476861167002,0.6715101193565127
0.2881952939385274,1439,1046,221,1294,0.552991452991453,0.8541254125412542,0.5790744466800805,0.6713359273670557
0.2881372030774414,1439,1046,220,1295,0.5531824006834686,0.8547854785478548,0.5790744466800805,0.6716804979253111
0.28808623291781504,1438,1047,220,1295,0.5529461998292058,0.8547854785478548,0.578672032193159,0.6715063520871143
0.2880809157280665,1437,1048,220,1295,0.5527102005975245,0.8547854785478548,0.5782696177062374,0.6713322965266978
0.2880521182763718,1437,1048,219,1296,0.552901023890785,0.8554455445544554,0.5782696177062374,0.6716766001554807
0.287959578816452,1436,1049,219,1296,0.5526652452025587,0.8554455445544554,0.577867203219316,0.6715025906735751
0.28795611701773205,1435,1050,219,1296,0.5524296675191815,0.8554455445544554,0.5774647887323944,0.6713286713286714
0.2878797553753203,1434,1051,219,1296,0.5521942905837239,0.8554455445544554,0.5770623742454728,0.6711548420507509
0.2876507030555807,1433,1052,219,1296,0.5519591141396933,0.8554455445544554,0.5766599597585513,0.670981102769868
0.28742321944988913,1432,1053,219,1296,0.5517241379310345,0.8554455445544554,0.5762575452716298,0.6708074534161491
0.2873071036868091,1431,1054,219,1296,0.5514893617021277,0.8554455445544554,0.5758551307847083,0.670633893919793
0.28720934388804553,1430,1055,219,1296,0.5512547851977881,0.8554455445544554,0.5754527162977867,0.6704604242110709
0.28720648589927317,1429,1056,219,1296,0.5510204081632653,0.8554455445544554,0.5750503018108651,0.6702870442203258
0.2871809450914126,1429,1056,218,1297,0.551211219719507,0.856105610561056,0.5750503018108651,0.6706308169596691
0.2871281387063004,1428,1057,218,1297,0.5509770603228548,0.856105610561056,0.5746478873239437,0.6704574825536315
0.2870938946370405,1427,1058,218,1297,0.5507430997876858,0.856105610561056,0.5742454728370221,0.6702842377260982
0.2869122164824056,1426,1059,218,1297,0.5505093378607809,0.856105610561056,0.5738430583501006,0.6701110824076466
0.2868591173979734,1425,1060,218,1297,0.5502757742893508,0.856105610561056,0.5734406438631791,0.6699380165289256
0.2866530587901919,1424,1061,218,1297,0.5500424088210347,0.856105610561056,0.5730382293762576,0.6697650400206558
0.28662861654166716,1423,1062,218,1297,0.5498092412039,0.856105610561056,0.572635814889336,0.6695921528136293
0.2863926905281481,1422,1063,218,1297,0.5495762711864407,0.856105610561056,0.5722334004024144,0.6694193548387096
0.2862969507815292,1422,1063,217,1298,0.5497670478610758,0.8567656765676568,0.5722334004024144,0.6697626418988648
0.2862873043888201,1421,1064,217,1298,0.5495342929720576,0.8567656765676568,0.571830985915493,0.6695898890895022
0.28618461362674585,1420,1065,217,1298,0.5493017350825222,0.8567656765676568,0.5714285714285714,0.669417225373904
0.28604007586195973,1419,1066,217,1298,0.5490693739424704,0.8567656765676568,0.5710261569416499,0.6692446506831657
0.2859405509559683,1418,1067,217,1298,0.5488372093023256,0.8567656765676568,0.5706237424547284,0.6690721649484536
0.2857878695167171,1417,1068,217,1298,0.5486052409129332,0.8567656765676568,0.5702213279678069,0.6688997681010049
0.28563743903650923,1417,1068,216,1299,0.5487959442332065,0.8574257425742574,0.5702213279678069,0.6692426584234931
0.28563603444636904,1417,1068,215,1300,0.5489864864864865,0.858085808580858,0.5702213279678069,0.6695853721349472
0.2852288351994347,1416,1069,215,1300,0.5487547488391726,0.858085808580858,0.5698189134808853,0.6694129763130793
0.2850113084347761,1415,1070,215,1300,0.5485232067510548,0.858085808580858,0.5694164989939637,0.6692406692406693
0.28490753225656973,1414,1071,215,1300,0.5482918599746942,0.858085808580858,0.5690140845070423,0.6690684508492023
0.2848853149993257,1413,1072,215,1300,0.5480607082630692,0.858085808580858,0.5686116700201207,0.6688963210702341
0.28487213283862994,1412,1073,215,1300,0.5478297513695743,0.858085808580858,0.5682092555331992,0.668724279835391
0.28478101215739193,1411,1074,215,1300,0.5475989890480202,0.858085808580858,0.5678068410462777,0.6685523270763692
0.28468801591301174,1410,1075,215,1300,0.5473684210526316,0.858085808580858,0.5674044265593562,0.6683804627249358
0.28468142474366864,1409,1076,215,1300,0.5471380471380471,0.858085808580858,0.5670020120724346,0.6682086867129272
0.2844562983108969,1408,1077,215,1300,0.5469078670593185,0.858085808580858,0.566599597585513,0.6680369989722508
0.2841890641287112,1407,1078,215,1300,0.5466778805719091,0.858085808580858,0.5661971830985916,0.6678653994348831
0.284130245542861,1406,1079,215,1300,0.546448087431694,0.858085808580858,0.56579476861167,0.6676938880328711
0.2840594389938629,1405,1080,215,1300,0.5462184873949579,0.858085808580858,0.5653923541247485,0.6675224646983312
0.28404202779819027,1405,1080,214,1301,0.5464090718185636,0.8587458745874588,0.5653923541247485,0.667864476386037
0.28404077972566505,1404,1081,214,1301,0.5461796809403863,0.8587458745874588,0.564989939637827,0.6676930972542982
0.28397209110552063,1403,1082,214,1301,0.5459504825849769,0.8587458745874588,0.5645875251509054,0.6675218060543868
0.2834921532356168,1402,1083,214,1301,0.5457214765100671,0.8587458745874588,0.5641851106639839,0.6673506027186458
0.28346257588029306,1401,1084,214,1301,0.5454926624737946,0.8587458745874588,0.5637826961770623,0.6671794871794872
0.2834376780776055,1400,1085,214,1301,0.5452640402347024,0.8587458745874588,0.5633802816901409,0.6670084593693925
0.28340305756682577,1399,1086,214,1301,0.5450356095517386,0.8587458745874588,0.5629778672032193,0.6668375192209124
0.2833294516601803,1399,1086,213,1302,0.5452261306532663,0.8594059405940594,0.5629778672032193,0.6671790930053805
0.283306076030277,1398,1087,213,1302,0.5449979070740896,0.8594059405940594,0.5625754527162978,0.6670081967213115
0.2829542714883874,1397,1088,213,1302,0.5447698744769874,0.8594059405940594,0.5621730382293763,0.6668373879641485
0.28270764432077466,1396,1089,213,1302,0.5445420326223338,0.8594059405940594,0.5617706237424547,0.6666666666666666
0.28268690921768086,1395,1090,213,1302,0.544314381270903,0.8594059405940594,0.5613682092555332,0.6664960327617098
0.2826605095612349,1394,1091,213,1302,0.5440869201838696,0.8594059405940594,0.5609657947686116,0.6663254861821903
0.28251882118661154,1393,1092,213,1302,0.543859649122807,0.8594059405940594,0.5605633802816902,0.6661550268610897
0.2822827857713587,1392,1093,213,1302,0.5436325678496868,0.8594059405940594,0.5601609657947686,0.6659846547314578
0.2822697642435011,1391,1094,213,1302,0.5434056761268782,0.8594059405940594,0.5597585513078471,0.6658143697264127
0.28212018265010086,1390,1095,213,1302,0.5431789737171464,0.8594059405940594,0.5593561368209256,0.6656441717791411
0.28186724646623745,1389,1096,213,1302,0.5429524603836531,0.8594059405940594,0.558953722334004,0.6654740608228981
0.2816990803907837,1388,1097,213,1302,0.5427261358899541,0.8594059405940594,0.5585513078470825,0.6653040367910067
0.2816181588207956,1387,1098,213,1302,0.5425,0.8594059405940594,0.5581488933601609,0.6651340996168582
0.2815988903134023,1386,1099,213,1302,0.5422740524781341,0.8594059405940594,0.5577464788732395,0.6649642492339122
0.2815908087670813,1386,1099,212,1303,0.5424646128226478,0.86006600660066,0.5577464788732395,0.6653050804186877
0.28150554395200766,1385,1100,212,1303,0.5422388680815647,0.86006600660066,0.5573440643863179,0.6651352730985196
0.281443457528792,1384,1101,212,1303,0.5420133111480865,0.86006600660066,0.5569416498993964,0.6649655524368462
0.2813154335603945,1384,1101,211,1304,0.5422037422037422,0.8607260726072608,0.5569416498993964,0.6653061224489796
0.28115139023588603,1383,1102,211,1304,0.541978387364921,0.8607260726072608,0.5565392354124749,0.6651364447844937
0.28108652967590314,1382,1103,211,1304,0.5417532197756544,0.8607260726072608,0.5561368209255533,0.664966853646099
0.2809665547976161,1381,1104,211,1304,0.5415282392026578,0.8607260726072608,0.5557344064386318,0.6647973489676268
0.2807740913777117,1380,1105,211,1304,0.5413034454130344,0.8607260726072608,0.5553319919517102,0.6646279306829765
0.2807554369180325,1379,1106,211,1304,0.5410788381742738,0.8607260726072608,0.5549295774647888,0.6644585987261147
0.2807252598072769,1378,1107,211,1304,0.5408544172542513,0.8607260726072608,0.5545271629778672,0.6642893530310748
0.28071393940635275,1377,1108,211,1304,0.5406301824212272,0.8607260726072608,0.5541247484909457,0.6641201935319583
0.28057796900995274,1376,1109,211,1304,0.5404061334438458,0.8607260726072608,0.5537223340040242,0.6639511201629328
0.28053298880277894,1375,1110,211,1304,0.5401822700911351,0.8607260726072608,0.5533199195171026,0.6637821328582336
0.2804743051413601,1374,1111,211,1304,0.5399585921325052,0.8607260726072608,0.5529175050301811,0.6636132315521629
0.28035862619296664,1374,1111,210,1305,0.5401490066225165,0.8613861386138614,0.5529175050301811,0.6639531925718647
0.28032566892829197,1374,1111,209,1306,0.5403392635498552,0.862046204620462,0.5529175050301811,0.6642929806714141
0.28020747463285933,1374,1111,208,1307,0.5405293631100083,0.8627062706270627,0.5529175050301811,0.6646325959827104
0.2802057939975041,1373,1112,208,1307,0.5403059115336916,0.8627062706270627,0.5525150905432595,0.6644636502287747
0.2799741434700553,1372,1113,208,1307,0.5400826446280992,0.8627062706270627,0.5521126760563381,0.6642947903430749
0.27993805715305037,1371,1114,208,1307,0.5398595621643949,0.8627062706270627,0.5517102615694165,0.6641260162601627
0.27983766378280545,1370,1115,208,1307,0.5396366639141206,0.8627062706270627,0.5513078470824949,0.6639573279146558
0.27979428803197226,1370,1115,207,1308,0.5398266611638465,0.8633663366336634,0.5513078470824949,0.6642965972574911
0.279779727054796,1370,1115,206,1309,0.540016501650165,0.864026402640264,0.5513078470824949,0.6646356943386647
0.27977421602246716,1369,1116,206,1309,0.5397938144329897,0.864026402640264,0.5509054325955735,0.6644670050761421
0.27976811779680616,1368,1117,206,1309,0.5395713107996702,0.864026402640264,0.5505030181086519,0.6642984014209592
0.27970550885108936,1367,1118,206,1309,0.5393489905232798,0.864026402640264,0.5501006036217304,0.6641298833079655
0.2796869032411918,1366,1119,206,1309,0.5391268533772653,0.864026402640264,0.5496981891348088,0.6639614506720771
0.2796827273224834,1365,1120,206,1309,0.5389048991354467,0.864026402640264,0.5492957746478874,0.6637931034482759
0.2796551108116711,1364,1121,206,1309,0.5386831275720164,0.864026402640264,0.5488933601609658,0.6636248415716096
0.27962355344298245,1363,1122,206,1309,0.5384615384615384,0.864026402640264,0.5484909456740442,0.6634566649771921
0.279323557535973,1363,1122,205,1310,0.5386513157894737,0.8646864686468647,0.5484909456740442,0.6637952875601723
0.27918429127600786,1363,1122,204,1311,0.5388409371146733,0.8653465346534653,0.5484909456740442,0.6641337386018237
0.2790939581530078,1362,1123,204,1311,0.538619556285949,0.8653465346534653,0.5480885311871228,0.6639655609014941
0.2790783019998176,1361,1124,204,1311,0.5383983572895277,0.8653465346534653,0.5476861167002012,0.6637974683544304
0.27901189094601386,1361,1124,203,1312,0.5385878489326765,0.866006600660066,0.5476861167002012,0.6641356618577575
0.2790061663556106,1360,1125,203,1312,0.5383668444809192,0.866006600660066,0.5472837022132797,0.6639676113360324
0.27868005113295213,1359,1126,203,1312,0.5381460213289582,0.866006600660066,0.5468812877263581,0.6637996458386036
0.27859530359994344,1358,1127,203,1312,0.5379253792537926,0.866006600660066,0.5464788732394367,0.663631765300961
0.2784480553213292,1358,1127,202,1313,0.5381147540983606,0.8666666666666667,0.5464788732394367,0.6639696586599242
0.27839350896370335,1358,1127,201,1314,0.5383039737812372,0.8673267326732673,0.5464788732394367,0.6643073811931244
0.27838610197334074,1357,1128,201,1314,0.538083538083538,0.8673267326732673,0.5460764587525151,0.6641394996209249
0.27838359226381704,1356,1129,201,1314,0.5378632828489562,0.8673267326732673,0.5456740442655935,0.6639717028802425
0.2783200885562019,1355,1130,201,1314,0.5376432078559739,0.8673267326732673,0.545271629778672,0.6638039909067946
0.27830057985204065,1354,1131,201,1314,0.5374233128834356,0.8673267326732673,0.5448692152917505,0.6636363636363637
0.2782106428395382,1353,1132,201,1314,0.5372035977105478,0.8673267326732673,0.544466800804829,0.6634688210047968
0.2781522183245817,1352,1133,201,1314,0.5369840621168778,0.8673267326732673,0.5440643863179074,0.663301362948006
0.27802308642995405,1352,1133,200,1315,0.5371732026143791,0.8679867986798679,0.5440643863179074,0.6636386575826394
0.2777364674587183,1351,1134,200,1315,0.5369538587178441,0.8679867986798679,0.543661971830986,0.6634712411705348
0.27765826135619576,1350,1135,200,1315,0.536734693877551,0.8679867986798679,0.5432595573440644,0.6633039092055486
0.2775166374437855,1349,1136,200,1315,0.536515707874337,0.8679867986798679,0.5428571428571428,0.6631366616238024
0.27747806715720724,1348,1137,200,1315,0.5362969004893964,0.8679867986798679,0.5424547283702214,0.6629694983614822
0.27745793589341533,1347,1138,200,1315,0.5360782715042804,0.8679867986798679,0.5420523138832998,0.6628024193548387
0.2774498460127646,1347,1138,199,1316,0.5362673186634067,0.8686468646864687,0.5420523138832998,0.6631393298059964
0.2774366410146085,1346,1139,199,1316,0.5360488798370672,0.8686468646864687,0.5416498993963783,0.6629722921914357
0.27720267069194754,1345,1140,199,1316,0.5358306188925082,0.8686468646864687,0.5412474849094567,0.6628053387056158
0.27700671351833,1344,1141,199,1316,0.5356125356125356,0.8686468646864687,0.5408450704225352,0.6626384692849949
0.27695025945897145,1343,1142,199,1316,0.5353946297803092,0.8686468646864687,0.5404426559356137,0.6624716838660961
0.27689664993176355,1342,1143,199,1316,0.5351769011793412,0.8686468646864687,0.5400402414486921,0.6623049823855058
0.27688693772462275,1341,1144,199,1316,0.5349593495934959,0.8686468646864687,0.5396378269617707,0.6621383647798742
0.2768766927920231,1340,1145,199,1316,0.534741974806989,0.8686468646864687,0.5392354124748491,0.6619718309859155
0.2765481128304221,1339,1146,199,1316,0.5345247766043867,0.8686468646864687,0.5388329979879276,0.6618053809404073
0.2764373625989528,1338,1147,199,1316,0.534307754770605,0.8686468646864687,0.538430583501006,0.661639014580191
0.2764199509635239,1338,1147,198,1317,0.5344967532467533,0.8693069306930693,0.538430583501006,0.6619753706961549
0.27636102464071205,1338,1147,197,1318,0.5346855983772819,0.8699669966996699,0.538430583501006,0.6623115577889447
0.276314796496359,1337,1148,197,1318,0.5344687753446877,0.8699669966996699,0.5380281690140845,0.6621451896508415
0.27621948699864113,1336,1149,197,1318,0.5342521280907986,0.8699669966996699,0.537625754527163,0.6619789050728278
0.2758635456279704,1335,1150,197,1318,0.534035656401945,0.8699669966996699,0.5372233400402414,0.6618127039919659
0.2758600050886115,1334,1151,197,1318,0.5338193600648036,0.8699669966996699,0.53682092555332,0.6616465863453815
0.27551352114041855,1333,1152,197,1318,0.5336032388663967,0.8699669966996699,0.5364185110663984,0.6614805520702635
0.27523922039282034,1332,1153,197,1318,0.5333872925940915,0.8699669966996699,0.5360160965794769,0.6613146011038635
0.2752230316163399,1331,1154,197,1318,0.5331715210355987,0.8699669966996699,0.5356136820925553,0.6611487333834963
0.2751644359825926,1330,1155,197,1318,0.532955923978973,0.8699669966996699,0.5352112676056338,0.6609829488465396
0.2749979965338479,1329,1156,197,1318,0.5327405012126112,0.8699669966996699,0.5348088531187123,0.6608172474304337
0.2748029350139174,1328,1157,197,1318,0.5325252525252525,0.8699669966996699,0.5344064386317907,0.6606516290726817
0.2746590058346882,1327,1158,197,1318,0.5323101777059773,0.8699669966996699,0.5340040241448692,0.6604860937108494
0.2745918660979365,1326,1159,197,1318,0.5320952765442067,0.8699669966996699,0.5336016096579477,0.6603206412825652
0.27455437335012706,1325,1160,197,1318,0.5318805488297014,0.8699669966996699,0.5331991951710262,0.6601552717255197
0.27445961814646497,1324,1161,197,1318,0.5316659943525616,0.8699669966996699,0.5327967806841046,0.6599899849774662
0.274427320644353,1323,1162,197,1318,0.5314516129032258,0.8699669966996699,0.532394366197183,0.6598247809762203
0.2741289674230104,1322,1163,197,1318,0.5312374042724708,0.8699669966996699,0.5319919517102616,0.6596596596596597
0.27406650099040103,1321,1164,197,1318,0.5310233682514102,0.8699669966996699,0.53158953722334,0.6594946209657243
0.2740540116330443,1321,1164,196,1319,0.5312122432541281,0.8706270627062707,0.53158953722334,0.6598299149574788
0.2739590812134397,1320,1165,196,1319,0.5309983896940419,0.8706270627062707,0.5311871227364185,0.6596649162290573
0.27342300956595406,1319,1166,196,1319,0.530784708249497,0.8706270627062707,0.530784708249497,0.6595
0.2734220178753025,1318,1167,196,1319,0.5305711987127917,0.8706270627062707,0.5303822937625755,0.6593351662084479
0.27339662165793566,1317,1168,196,1319,0.5303578608765581,0.8706270627062707,0.5299798792756539,0.6591704147926037
0.27330858417956216,1316,1169,196,1319,0.530144694533762,0.8706270627062707,0.5295774647887324,0.659005745690732
0.27309073337813405,1315,1170,196,1319,0.5299316994777019,0.8706270627062707,0.5291750503018109,0.6588411588411588
0.2730816735056417,1314,1171,196,1319,0.529718875502008,0.8706270627062707,0.5287726358148893,0.6586766541822722
0.2730725747782345,1313,1172,196,1319,0.5295062224006423,0.8706270627062707,0.5283702213279678,0.6585122316525213
0.2729923602337864,1312,1173,196,1319,0.5292937399678973,0.8706270627062707,0.5279678068410463,0.6583478911904168
0.2728836548364225,1311,1174,196,1319,0.5290814279983955,0.8706270627062707,0.5275653923541247,0.658183632734531
0.27282623095869657,1311,1174,195,1320,0.529270248596632,0.8712871287128713,0.5275653923541247,0.6585183337490647
0.272818256877119,1310,1175,195,1320,0.5290581162324649,0.8712871287128713,0.5271629778672032,0.6583541147132169
0.2728059077911451,1309,1176,195,1320,0.5288461538461539,0.8712871287128713,0.5267605633802817,0.6581899775617053
0.2727569328312608,1308,1177,195,1320,0.5286343612334802,0.8712871287128713,0.5263581488933602,0.6580259222333001
0.27272965795152754,1308,1177,194,1321,0.5288230584467574,0.8719471947194719,0.5263581488933602,0.6583603289309743
0.2727177876420902,1307,1178,194,1321,0.5286114445778312,0.8719471947194719,0.5259557344064386,0.658196312904833
0.27257205167657345,1306,1179,194,1321,0.5284,0.8719471947194719,0.5255533199195171,0.6580323785803238
0.27243657849257474,1305,1180,194,1321,0.5281887245101959,0.8719471947194719,0.5251509054325956,0.6578685258964143
0.27235610740825367,1304,1181,194,1321,0.5279776179056754,0.8719471947194719,0.524748490945674,0.6577047547921334
0.27221563037888274,1303,1182,194,1321,0.5277666799840192,0.8719471947194719,0.5243460764587525,0.6575410652065704
0.2720420746228755,1302,1183,194,1321,0.527555910543131,0.8719471947194719,0.523943661971831,0.6573774570788753
0.2720375495345769,1302,1183,193,1322,0.5277445109780439,0.8726072607260726,0.523943661971831,0.6577114427860696
0.2717052873640348,1301,1184,193,1322,0.5275339185953711,0.8726072607260726,0.5235412474849095,0.6575478736632678
0.2716861598692802,1300,1185,193,1322,0.5273234942161946,0.8726072607260726,0.5231388329979879,0.6573843858776728
0.27162168891678246,1299,1186,193,1322,0.5271132376395534,0.8726072607260726,0.5227364185110664,0.6572209793686303
0.2715320070204342,1299,1186,192,1323,0.5273017138302113,0.8732673267326733,0.5227364185110664,0.6575546719681908
0.27139336715540596,1298,1187,192,1323,0.5270916334661354,0.8732673267326733,0.5223340040241449,0.6573913043478261
0.2713885373658086,1297,1188,192,1323,0.5268817204301075,0.8732673267326733,0.5219315895372233,0.6572280178837556
0.2713534053306104,1296,1189,192,1323,0.526671974522293,0.8732673267326733,0.5215291750503018,0.6570648125155203
0.2712952443440124,1296,1189,191,1324,0.5268603263032232,0.8739273927392739,0.5215291750503018,0.6573982125124131
0.27122910247501936,1295,1190,191,1324,0.5266507557677009,0.8739273927392739,0.5211267605633803,0.657235045917101
0.2711900908791837,1294,1191,191,1324,0.526441351888668,0.8739273927392739,0.5207243460764588,0.6570719602977667
0.27099162092245715,1293,1192,191,1324,0.5262321144674086,0.8739273927392739,0.5203219315895372,0.6569089555941454
0.27091757142986655,1292,1193,191,1324,0.5260230433055224,0.8739273927392739,0.5199195171026157,0.6567460317460317
0.27082748005867896,1291,1194,191,1324,0.5258141382049245,0.8739273927392739,0.5195171026156942,0.6565831886932805
0.2705911894520917,1291,1194,190,1325,0.5260023818975784,0.8745874587458746,0.5195171026156942,0.6569162121963312
0.27050015281256484,1291,1194,189,1326,0.5261904761904762,0.8752475247524752,0.5195171026156942,0.6572490706319702
0.2704799259468661,1290,1195,189,1326,0.525981753272511,0.8752475247524752,0.5191146881287726,0.6570862239841427
0.27023195643508824,1289,1196,189,1326,0.5257731958762887,0.8752475247524752,0.5187122736418511,0.6569234580133763
0.2701463225912873,1288,1197,189,1326,0.525564803804994,0.8752475247524752,0.5183098591549296,0.6567607726597325
0.27012165926044146,1287,1198,189,1326,0.5253565768621236,0.8752475247524752,0.5179074446680081,0.6565981678633325
0.2700467812636915,1286,1199,189,1326,0.5251485148514852,0.8752475247524752,0.5175050301810865,0.6564356435643565
0.26980058419105046,1285,1200,189,1326,0.5249406175771971,0.8752475247524752,0.5171026156941649,0.6562731997030438
0.2697816034546016,1284,1201,189,1326,0.5247328848436882,0.8752475247524752,0.5167002012072435,0.6561108362196932
0.269649591215021,1283,1202,189,1326,0.5245253164556962,0.8752475247524752,0.5162977867203219,0.6559485530546624
0.26963074441951634,1282,1203,189,1326,0.5243179122182681,0.8752475247524752,0.5158953722334004,0.655786350148368
0.2695547693158653,1281,1204,189,1326,0.5241106719367589,0.8752475247524752,0.5154929577464789,0.6556242274412856
0.26952331179359934,1280,1205,189,1326,0.5239035954168313,0.8752475247524752,0.5150905432595574,0.6554621848739496
0.269353693871868,1279,1206,189,1326,0.523696682464455,0.8752475247524752,0.5146881287726358,0.6553002223869533
0.26931335436042797,1278,1207,189,1326,0.5234899328859061,0.8752475247524752,0.5142857142857142,0.6551383399209486
0.2689866146261953,1277,1208,189,1326,0.5232833464877664,0.8752475247524752,0.5138832997987928,0.6549765374166461
0.26897305241349384,1277,1208,188,1327,0.5234714003944774,0.8759075907590759,0.5138832997987928,0.6553086419753087
0.26894457396731664,1276,1209,188,1327,0.5232649842271293,0.8759075907590759,0.5134808853118712,0.6551468773142434
0.2688874546139555,1275,1210,188,1327,0.523058730784391,0.8759075907590759,0.5130784708249497,0.6549851924975321
0.26876683343386476,1274,1211,188,1327,0.5228526398739165,0.8759075907590759,0.5126760563380282,0.6548235874660745
0.26871848933589715,1273,1212,188,1327,0.5226467113036629,0.8759075907590759,0.5122736418511067,0.6546620621608288
0.26867953379810067,1272,1213,188,1327,0.5224409448818897,0.8759075907590759,0.5118712273641851,0.6545006165228113
0.26859354040111116,1272,1213,187,1328,0.52262888626525,0.8765676567656766,0.5118712273641851,0.6548323471400395
0.26851549914213646,1272,1213,186,1329,0.522816679779701,0.8772277227722772,0.5118712273641851,0.6551639142223318
0.2684775435387344,1271,1214,186,1329,0.522611089264648,0.8772277227722772,0.5114688128772635,0.6550024642681124
0.268419558459151,1270,1215,186,1329,0.5224056603773585,0.8772277227722772,0.5110663983903421,0.6548410938654841
0.26835818231928543,1269,1216,186,1329,0.5222003929273085,0.8772277227722772,0.5106639839034205,0.6546798029556651
0.26824465323285523,1268,1217,186,1329,0.5219952867242734,0.8772277227722772,0.510261569416499,0.6545185914799311
0.26824269975538595,1267,1218,186,1329,0.5217903415783275,0.8772277227722772,0.5098591549295775,0.654357459379616
0.26824122325877237,1266,1219,186,1329,0.521585557299843,0.8772277227722772,0.509456740442656,0.6541964065961112
0.26811795123047333,1265,1220,186,1329,0.52138093369949,0.8772277227722772,0.5090543259557344,0.6540354330708661
0.2679054373509901,1264,1221,186,1329,0.5211764705882352,0.8772277227722772,0.5086519114688128,0.6538745387453875
0.2679050985499466,1263,1222,186,1329,0.5209721677773422,0.8772277227722772,0.5082494969818914,0.6537137235612396
0.2678981499509972,1262,1223,186,1329,0.52076802507837,0.8772277227722772,0.5078470824949698,0.6535529874600443
0.2676491867963411,1261,1224,186,1329,0.5205640423031728,0.8772277227722772,0.5074446680080483,0.6533923303834809
0.2673533391261412,1260,1225,186,1329,0.5203602192638997,0.8772277227722772,0.5070422535211268,0.6532317522732858
0.26730510074302083,1259,1226,186,1329,0.5201565557729941,0.8772277227722772,0.5066398390342053,0.653071253071253
0.26710259981313006,1258,1227,186,1329,0.5199530516431925,0.8772277227722772,0.5062374245472837,0.6529108327192336
0.2671006474374209,1257,1228,186,1329,0.5197497066875244,0.8772277227722772,0.5058350100603621,0.6527504911591355
0.26708083763755297,1256,1229,186,1329,0.519546520719312,0.8772277227722772,0.5054325955734407,0.6525902283329241
0.2670735642546406,1255,1230,186,1329,0.5193434935521688,0.8772277227722772,0.5050301810865191,0.6524300441826215
0.26703251243924475,1255,1230,185,1330,0.51953125,0.8778877887788779,0.5050301810865191,0.652760736196319
0.2670254356738615,1255,1230,184,1331,0.5197188598203827,0.8785478547854786,0.5050301810865191,0.6530912659470068
0.266961825434,1254,1231,184,1331,0.5195160031225605,0.8785478547854786,0.5046277665995976,0.6529310767721364
0.2667911119280657,1253,1232,184,1331,0.51931330472103,0.8785478547854786,0.504225352112676,0.6527709661598823
0.26678930165285086,1253,1232,183,1332,0.5195007800312013,0.8792079207920792,0.504225352112676,0.6531012503064476
0.26660988172060696,1253,1232,182,1333,0.5196881091617934,0.8798679867986798,0.504225352112676,0.6534313725490196
0.2665570534380741,1252,1233,182,1333,0.5194855806703039,0.8798679867986798,0.5038229376257545,0.6532712570448419
0.2664505938024556,1251,1234,182,1333,0.5192832099727308,0.8798679867986798,0.503420523138833,0.6531112199902008
0.2663606786806842,1250,1235,182,1333,0.5190809968847352,0.8798679867986798,0.5030181086519114,0.6529512613274553
0.2662902189271236,1249,1236,182,1333,0.5188789412222655,0.8798679867986798,0.50261569416499,0.6527913809990206
0.2660108698554645,1248,1237,182,1333,0.5186770428015565,0.8798679867986798,0.5022132796780684,0.6526315789473685
0.26599081341891656,1248,1237,181,1334,0.5188642551536368,0.8805280528052806,0.5022132796780684,0.6529613313754283
0.2658456245540492,1247,1238,181,1334,0.5186625194401244,0.8805280528052806,0.5018108651911469,0.6528015659407879
0.2658122739052824,1247,1238,180,1335,0.5188495919160513,0.8811881188118812,0.5018108651911469,0.6531311154598826
0.2657407169659049,1246,1239,180,1335,0.5186480186480187,0.8811881188118812,0.5014084507042254,0.652971386647102
0.2657371367217003,1245,1240,180,1335,0.5184466019417475,0.8811881188118812,0.5010060362173038,0.6528117359413202
0.26573093103396883,1244,1241,180,1335,0.5182453416149069,0.8811881188118812,0.5006036217303823,0.6526521632852603
0.2656193863176504,1243,1242,180,1335,0.5180442374854481,0.8811881188118812,0.5002012072434607,0.6524926686217009
0.2654484821661093,1242,1243,180,1335,0.5178432893716058,0.8811881188118812,0.4997987927565392,0.6523332518934767
0.2653674225630603,1242,1243,179,1336,0.518030244280729,0.8818481848184818,0.4997987927565392,0.6526624328285295
0.2650044269523549,1241,1244,179,1336,0.517829457364341,0.8818481848184818,0.4993963782696177,0.6525030525030525
0.26499996145166616,1240,1245,179,1336,0.51762882603642,0.8818481848184818,0.49899396378269617,0.65234375
0.2648725102327998,1239,1246,179,1336,0.517428350116189,0.8818481848184818,0.49859154929577465,0.6521845252623871
0.2647413104254576,1238,1247,179,1336,0.5172280294231514,0.8818481848184818,0.49818913480885313,0.6520253782332845
0.26452399222448153,1237,1248,179,1336,0.5170278637770898,0.8818481848184818,0.4977867203219316,0.6518663088558185
0.2645005693234517,1237,1248,178,1337,0.5172147001934236,0.8825082508250826,0.4977867203219316,0.6521951219512195
0.2644893073797662,1236,1249,178,1337,0.517014694508894,0.8825082508250826,0.4973843058350101,0.6520360887588393
0.2644852908707159,1236,1249,177,1338,0.5172013915732508,0.8831683168316832,0.4973843058350101,0.6523647001462701
0.2644394465845684,1235,1250,177,1338,0.5170015455950541,0.8831683168316832,0.4969818913480885,0.6522057031440409
0.26441743175204374,1235,1250,176,1339,0.5171881035148707,0.8838283828382838,0.4969818913480885,0.6525341130604289
0.2643301599250323,1234,1251,176,1339,0.516988416988417,0.8838283828382838,0.496579476861167,0.6523751522533495
0.2642082485536275,1234,1251,175,1340,0.5171748359706677,0.8844884488448845,0.496579476861167,0.6527033609352167
0.2641706130918528,1233,1252,175,1340,0.5169753086419753,0.8844884488448845,0.49617706237424547,0.6525444363282201
0.26414695333281596,1232,1253,175,1340,0.5167759352101813,0.8844884488448845,0.49577464788732395,0.6523855890944499
0.26400746610697445,1231,1254,175,1340,0.5165767154973014,0.8844884488448845,0.49537223340040243,0.6522268191774154
0.2639584780699719,1230,1255,175,1340,0.5163776493256262,0.8844884488448845,0.4949698189134809,0.6520681265206812
0.26385483799104004,1229,1256,175,1340,0.5161787365177196,0.8844884488448845,0.49456740442655933,0.6519095110678667
0.26384298673105006,1228,1257,175,1340,0.515979976896419,0.8844884488448845,0.4941649899396378,0.6517509727626459
0.26380524169789943,1227,1258,175,1340,0.5157813702848345,0.8844884488448845,0.4937625754527163,0.6515925115487479
0.2635508815311258,1226,1259,175,1340,0.5155829165063486,0.8844884488448845,0.49336016096579477,0.6514341273699562
0.2635185698794237,1225,1260,175,1340,0.5153846153846153,0.8844884488448845,0.49295774647887325,0.6512758201701093
0.2634555693259778,1224,1261,175,1340,0.5151864667435602,0.8844884488448845,0.49255533199195173,0.6511175898931001
0.26343133529477314,1223,1262,175,1340,0.5149884704073789,0.8844884488448845,0.4921529175050302,0.6509594364828759
0.2633198968837985,1222,1263,175,1340,0.5147906262005378,0.8844884488448845,0.49175050301810863,0.6508013598834386
0.263221868263565,1221,1264,175,1340,0.5145929339477726,0.8844884488448845,0.4913480885311871,0.6506433600388444
0.2631798205163257,1220,1265,175,1340,0.5143953934740882,0.8844884488448845,0.4909456740442656,0.6504854368932039
0.26313184747693713,1219,1266,175,1340,0.5141980046047583,0.8844884488448845,0.49054325955734407,0.6503275903906819
0.2630715634477322,1218,1267,175,1340,0.5140007671653242,0.8844884488448845,0.49014084507042255,0.6501698204754973
0.26302473669682136,1217,1268,175,1340,0.5138036809815951,0.8844884488448845,0.489738430583501,0.6500121270919234
0.2629714622501785,1216,1269,175,1340,0.5136067458796474,0.8844884488448845,0.48933601609657945,0.6498545101842871
0.26295874012199283,1215,1270,175,1340,0.5134099616858238,0.8844884488448845,0.48893360160965793,0.6496969696969697
0.26293490081668863,1214,1271,175,1340,0.513213328226733,0.8844884488448845,0.4885311871227364,0.6495395055744062
0.26285567217787525,1213,1272,175,1340,0.5130168453292496,0.8844884488448845,0.4881287726358149,0.6493821177610856
0.26272719090509955,1212,1273,175,1340,0.5128205128205128,0.8844884488448845,0.48772635814889337,0.6492248062015504
0.262698253301947,1211,1274,175,1340,0.5126243305279266,0.8844884488448845,0.48732394366197185,0.6490675708403972
0.2624824951873714,1210,1275,175,1340,0.5124282982791587,0.8844884488448845,0.4869215291750503,0.648910411622276
0.2623738767294727,1209,1276,175,1340,0.5122324159021406,0.8844884488448845,0.48651911468812875,0.6487533284918906
0.26234689619655704,1208,1277,175,1340,0.5120366832250669,0.8844884488448845,0.48611670020120723,0.648596321393998
0.262332999907364,1207,1278,175,1340,0.5118411000763942,0.8844884488448845,0.4857142857142857,0.6484393902734091
0.26232031002245004,1206,1279,175,1340,0.5116456662848415,0.8844884488448845,0.4853118712273642,0.6482825350749879
0.26230754735229134,1206,1279,174,1341,0.5118320610687023,0.8851485148514852,0.4853118712273642,0.6486094316807739
0.2622266835770903,1206,1279,173,1342,0.5120183136207554,0.8858085808580858,0.4853118712273642,0.648936170212766
0.2620844163642058,1205,1280,173,1342,0.5118230358504958,0.8858085808580858,0.48490945674044267,0.6487793086777859
0.2620456063211176,1204,1281,173,1342,0.5116279069767442,0.8858085808580858,0.48450704225352115,0.6486225229579508
0.26194628877923826,1203,1282,173,1342,0.5114329268292683,0.8858085808580858,0.48410462776659957,0.6484658129983087
0.2618820193716172,1202,1283,173,1342,0.5112380952380953,0.8858085808580858,0.48370221327967805,0.6483091787439613
0.2618818265816379,1201,1284,173,1342,0.511043412033511,0.8858085808580858,0.48329979879275653,0.6481526201400628
0.26173307200395896,1200,1285,173,1342,0.5108488770460602,0.8858085808580858,0.482897384305835,0.6479961371318204
0.26166844791853755,1199,1286,173,1342,0.510654490106545,0.8858085808580858,0.4824949698189135,0.6478397296644943
0.26153387994070487,1198,1287,173,1342,0.5104602510460251,0.8858085808580858,0.48209255533199197,0.6476833976833977
0.2614219009712094,1197,1288,173,1342,0.5102661596958175,0.8858085808580858,0.48169014084507045,0.6475271411338963
0.2613859291709658,1196,1289,173,1342,0.5100722158874953,0.8858085808580858,0.48128772635814887,0.6473709599614086
0.2613663998793192,1195,1290,173,1342,0.5098784194528876,0.8858085808580858,0.48088531187122735,0.6472148541114059
0.26113366515138764,1194,1291,173,1342,0.509684770224079,0.8858085808580858,0.48048289738430583,0.6470588235294118
0.26107051352179866,1193,1292,173,1342,0.5094912680334093,0.8858085808580858,0.4800804828973843,0.6469028681610026
0.26093533247289546,1192,1293,173,1342,0.5092979127134725,0.8858085808580858,0.4796780684104628,0.6467469879518072
0.26087286585688957,1191,1294,173,1342,0.5091047040971168,0.8858085808580858,0.47927565392354127,0.6465911828475066
0.26084209537832703,1190,1295,173,1342,0.5089116420174441,0.8858085808580858,0.4788732394366197,0.6464354527938343
0.2606853095064473,1189,1296,173,1342,0.5087187263078089,0.8858085808580858,0.47847082494969817,0.646279797736576
0.2606220303781073,1189,1296,172,1343,0.508904888215233,0.8864686468646865,0.47847082494969817,0.646605681271064
0.26013706582850765,1188,1297,172,1343,0.5087121212121212,0.8864686468646865,0.47806841046277665,0.6464500601684717
0.26010268315109314,1188,1297,171,1344,0.508898144642181,0.8871287128712871,0.47806841046277665,0.6467757459095284
0.25992767045167325,1187,1298,171,1344,0.5087055261165784,0.8871287128712871,0.47766599597585513,0.6466201587683426
0.25981501025652837,1187,1298,170,1345,0.5088914112750662,0.8877887788778878,0.47766599597585513,0.6469456469456469
0.2598007504576664,1186,1299,170,1345,0.5086989409984871,0.8877887788778878,0.4772635814889336,0.6467900937725415
0.25977000676323475,1185,1300,170,1345,0.5085066162570888,0.8877887788778878,0.4768611670020121,0.6466346153846154
0.25960663955203495,1184,1301,170,1345,0.5083144368858654,0.8877887788778878,0.47645875251509057,0.64647921172795
0.25948151506791056,1184,1301,169,1346,0.5085001888930865,0.8884488448844885,0.47645875251509057,0.6468044209514656
0.25922144325879476,1183,1302,169,1346,0.5083081570996979,0.8884488448844885,0.476056338028169,0.6466490511650252
0.2591949282223087,1182,1303,169,1346,0.5081162702906757,0.8884488448844885,0.47565392354124747,0.6464937560038425
0.25887669869609603,1181,1304,169,1346,0.5079245283018868,0.8884488448844885,0.47525150905432595,0.6463385354141656
0.2588108731981504,1180,1305,169,1346,0.5077329309694455,0.8884488448844885,0.47484909456740443,0.6461833893422948
0.25877108058797593,1179,1306,169,1346,0.5075414781297134,0.8884488448844885,0.4744466800804829,0.6460283177345812
0.25875309817017705,1178,1307,169,1346,0.5073501696192989,0.8884488448844885,0.4740442655935614,0.6458733205374281
0.2585849443011323,1177,1308,169,1346,0.5071590052750565,0.8884488448844885,0.47364185110663987,0.6457183976972896
0.25855341492211636,1176,1309,169,1346,0.5069679849340867,0.8884488448844885,0.4732394366197183,0.6455635491606715
0.25843494151930035,1176,1309,168,1347,0.5071536144578314,0.8891089108910891,0.4732394366197183,0.6458882761927596
0.2583436674999794,1175,1310,168,1347,0.5069627399322544,0.8891089108910891,0.47283702213279677,0.6457334611697028
0.25832912115757944,1174,1311,168,1347,0.5067720090293454,0.8891089108910891,0.47243460764587525,0.6455787203450755
0.2583023957593403,1173,1312,168,1347,0.5065814215870628,0.8891089108910891,0.47203219315895373,0.6454240536655487
0.25829938538026753,1172,1313,168,1347,0.5063909774436091,0.8891089108910891,0.4716297786720322,0.6452694610778443
0.2582797928198625,1171,1314,168,1347,0.5062006764374295,0.8891089108910891,0.4712273641851107,0.6451149425287356
0.2582116130018223,1170,1315,168,1347,0.5060105184072127,0.8891089108910891,0.4708249496981891,0.6449604979650467
0.258166441808045,1169,1316,168,1347,0.5058205031918889,0.8891089108910891,0.4704225352112676,0.6448061273336525
0.2581176109428934,1168,1317,168,1347,0.5056306306306306,0.8891089108910891,0.47002012072434607,0.6446518305814788
0.258079754325022,1167,1318,168,1347,0.5054409005628517,0.8891089108910891,0.46961770623742455,0.6444976076555023
0.258065915143022,1166,1319,168,1347,0.505251312828207,0.8891089108910891,0.469215291750503,0.6443434585027505
0.2578089060253323,1165,1320,168,1347,0.5050618672665916,0.8891089108910891,0.4688128772635815,0.6441893830703013
0.2573806064859465,1164,1321,168,1347,0.5048725637181409,0.8891089108910891,0.46841046277666,0.6440353813052833
0.2572886275595145,1163,1322,168,1347,0.5046834020232297,0.8891089108910891,0.4680080482897384,0.6438814531548758
0.257205028866071,1162,1323,168,1347,0.5044943820224719,0.8891089108910891,0.4676056338028169,0.6437275985663082
0.25717512039448104,1161,1324,168,1347,0.5043055035567203,0.8891089108910891,0.46720321931589537,0.6435738174868609
0.2571069248403995,1160,1325,168,1347,0.5041167664670658,0.8891089108910891,0.46680080482897385,0.6434201098638643
0.25710194294920796,1159,1326,168,1347,0.5039281705948373,0.8891089108910891,0.4663983903420523,0.6432664756446992
0.2567656572908208,1158,1327,168,1347,0.5037397157816006,0.8891089108910891,0.4659959758551308,0.6431129147767963
0.2566391191669442,1157,1328,168,1347,0.5035514018691589,0.8891089108910891,0.46559356136820923,0.6429594272076372
0.25653778435622004,1156,1329,168,1347,0.5033632286995515,0.8891089108910891,0.4651911468812877,0.642806012884753
0.25653329861969837,1155,1330,168,1347,0.5031751961150541,0.8891089108910891,0.4647887323943662,0.6426526717557252
0.2561713966872984,1154,1331,168,1347,0.5029873039581777,0.8891089108910891,0.46438631790744467,0.642499403768185
0.25609580236759955,1153,1332,168,1347,0.5027995520716685,0.8891089108910891,0.46398390342052315,0.642346208869814
0.25607345884547994,1152,1333,168,1347,0.5026119402985074,0.8891089108910891,0.4635814889336016,0.6421930870083432
0.25606196974288553,1151,1334,168,1347,0.5024244684819097,0.8891089108910891,0.4631790744466801,0.6420400381315539
0.2558803578607612,1150,1335,168,1347,0.5022371364653244,0.8891089108910891,0.46277665995975853,0.6418870621872766
0.25581114134438027,1149,1336,168,1347,0.5020499440924339,0.8891089108910891,0.462374245472837,0.641734159123392
0.2558035942030981,1148,1337,168,1347,0.5018628912071535,0.8891089108910891,0.4619718309859155,0.6415813288878305
0.255750475378354,1147,1338,168,1347,0.5016759776536313,0.8891089108910891,0.46156941649899397,0.6414285714285715
0.2557340803205346,1146,1339,168,1347,0.5014892032762472,0.8891089108910891,0.46116700201207245,0.6412758866936443
0.25564890521504396,1145,1340,168,1347,0.5013025679196129,0.8891089108910891,0.4607645875251509,0.6411232746311281
0.2555728533938092,1144,1341,168,1347,0.5011160714285714,0.8891089108910891,0.46036217303822935,0.6409707351891506
0.25548339916909796,1143,1342,168,1347,0.5009297136481964,0.8891089108910891,0.45995975855130783,0.6408182683158896
0.2553896417665244,1142,1343,168,1347,0.5007434944237918,0.8891089108910891,0.4595573440643863,0.640665873959572
0.2551362140612796,1141,1344,168,1347,0.5005574136008919,0.8891089108910891,0.4591549295774648,0.6405135520684736
0.25502641019700395,1140,1345,168,1347,0.50037147102526,0.8891089108910891,0.45875251509054327,0.64036130259092
0.25498634724837776,1140,1345,167,1348,0.500556999628667,0.8897689768976897,0.45875251509054327,0.6406844106463878
0.2549550249388325,1139,1346,167,1348,0.5003711952487008,0.8897689768976897,0.45835010060362175,0.6405321929199335
0.25474436674791373,1138,1347,167,1348,0.5001855287569573,0.8897689768976897,0.4579476861167002,0.6403800475059382
0.254720912924652,1137,1348,167,1348,0.5,0.8897689768976897,0.45754527162977865,0.6402279743528853
0.2546787414525037,1136,1349,167,1348,0.4998146088246199,0.8897689768976897,0.45714285714285713,0.6400759734093068
0.2546071310564514,1136,1349,166,1349,0.5,0.8904290429042905,0.45714285714285713,0.6403987657251364
0.2543597187957467,1136,1349,165,1350,0.5001852537977028,0.8910891089108911,0.45714285714285713,0.6407214048410061
0.2543327510289226,1135,1350,165,1350,0.5,0.8910891089108911,0.4567404426559356,0.6405693950177936
0.25431522877940815,1134,1351,165,1350,0.4998148833765272,0.8910891089108911,0.4563380281690141,0.6404174573055028
0.25429943998513,1134,1351,164,1351,0.5,0.8917491749174917,0.4563380281690141,0.6407398624614655
0.254295691634699,1134,1351,163,1352,0.5001849796522383,0.8924092409240925,0.4563380281690141,0.6410621147463252
0.254073818290148,1133,1352,163,1352,0.5,0.8924092409240925,0.45593561368209257,0.6409101682863237
0.25396262386969826,1132,1353,163,1352,0.499815157116451,0.8924092409240925,0.45553319919517105,0.6407582938388625
0.2538959571284276,1131,1354,163,1352,0.49963045084996305,0.8924092409240925,0.45513078470824947,0.64060649135276
0.25331507515624696,1130,1355,163,1352,0.4994458810491319,0.8924092409240925,0.45472837022132795,0.640454760776883
0.2532773110890224,1129,1356,163,1352,0.49926144756277696,0.8924092409240925,0.45432595573440643,0.6403031020601468
0.2532546798055291,1128,1357,163,1352,0.4990771502399409,0.8924092409240925,0.4539235412474849,0.6401515151515151
0.25314042572585954,1127,1358,163,1352,0.4988929889298893,0.8924092409240925,0.4535211267605634,0.64
0.25311390780520865,1126,1359,163,1352,0.4987089634821099,0.8924092409240925,0.45311871227364187,0.6398485565546617
0.25300050614804165,1125,1360,163,1352,0.49852507374631266,0.8924092409240925,0.45271629778672035,0.6396971847646085
0.2529964897368698,1124,1361,163,1352,0.49834131957242905,0.8924092409240925,0.45231388329979877,0.6395458845789972
0.25291868907181253,1123,1362,163,1352,0.49815770081061167,0.8924092409240925,0.45191146881287725,0.6393946559470324
0.25290721836455526,1122,1363,163,1352,0.49797421731123387,0.8924092409240925,0.4515090543259557,0.6392434988179669
0.25288193637755735,1121,1364,163,1352,0.49779086892488955,0.8924092409240925,0.4511066398390342,0.6390924131411014
0.2528428884493583,1120,1365,163,1352,0.49760765550239233,0.8924092409240925,0.4507042253521127,0.6389413988657845
0.25265769702067614,1120,1365,162,1353,0.4977924944812362,0.8930693069306931,0.4507042253521127,0.6392629340892984
0.25265725298325553,1119,1366,162,1353,0.4976094152261861,0.8930693069306931,0.45030181086519117,0.6391119508738782
0.25240632863643936,1119,1366,161,1354,0.49779411764705883,0.8937293729372937,0.45030181086519117,0.6394332939787485
0.25231671932983735,1118,1367,161,1354,0.4976111723631018,0.8937293729372937,0.44989939637826964,0.6392823418319169
0.25226834232457473,1117,1368,161,1354,0.49742836149889785,0.8937293729372937,0.44949698189134807,0.6391314609393439
0.252045943780976,1117,1368,160,1355,0.4976129269188395,0.8943894389438944,0.44949698189134807,0.6394525719679094
0.25201690704007507,1116,1369,160,1355,0.4974302496328928,0.8943894389438944,0.44909456740442655,0.6393017221042698
0.25189271645653233,1115,1370,160,1355,0.4972477064220184,0.8943894389438944,0.448692152917505,0.6391509433962265
0.2517144294451407,1114,1371,160,1355,0.4970652971386647,0.8943894389438944,0.4482897384305835,0.6390002357934449
0.2516560986277225,1113,1372,160,1355,0.49688302163549686,0.8943894389438944,0.447887323943662,0.6388495992456389
0.25153430865949045,1112,1373,160,1355,0.4967008797653959,0.8943894389438944,0.44748490945674047,0.638699033702569
0.2513940146972305,1112,1373,159,1356,0.49688530597288383,0.8950495049504951,0.44748490945674047,0.6390197926484449
0.25139027739373254,1111,1374,159,1356,0.4967032967032967,0.8950495049504951,0.4470824949698189,0.6388692579505301
0.25117758242980864,1110,1375,159,1356,0.49652142072500915,0.8950495049504951,0.44668008048289737,0.6387187941592086
0.2511587158834518,1109,1376,159,1356,0.49633967789165445,0.8950495049504951,0.44627766599597585,0.6385684012243937
0.25113459534231647,1108,1377,159,1356,0.4961580680570801,0.8950495049504951,0.4458752515090543,0.6384180790960452
0.25095809787806606,1107,1378,159,1356,0.4959765910753475,0.8950495049504951,0.4454728370221328,0.6382678277241703
0.2509479176379364,1107,1378,158,1357,0.49616087751371113,0.8957095709570957,0.4454728370221328,0.6385882352941177
0.25088931035443585,1106,1379,158,1357,0.4959795321637427,0.8957095709570957,0.4450704225352113,0.6384380145848035
0.2508769078774565,1105,1380,158,1357,0.4957983193277311,0.8957095709570957,0.44466800804828976,0.6382878645343368
0.25083420058053146,1104,1381,158,1357,0.4956172388604821,0.8957095709570957,0.4442655935613682,0.6381377850928757
0.2508052585890203,1104,1381,157,1358,0.49580138736765245,0.8963696369636963,0.4442655935613682,0.6384579219558063
0.25052355823480144,1103,1382,157,1358,0.49562043795620436,0.8963696369636963,0.44386317907444667,0.6383078730904818
0.25046650019893235,1102,1383,157,1358,0.495439620576432,0.8963696369636963,0.44346076458752515,0.6381578947368421
0.2500087003970672,1101,1384,157,1358,0.49525893508388036,0.8963696369636963,0.4430583501006036,0.6380079868451961
0.24999768561089578,1100,1385,157,1358,0.4950783813343055,0.8963696369636963,0.4426559356136821,0.6378581493658995
0.24992893479264994,1099,1386,157,1358,0.49489795918367346,0.8963696369636963,0.4422535211267606,0.6377083822493543
0.24984162045454747,1098,1387,157,1358,0.4947176684881603,0.8963696369636963,0.441851106639839,0.6375586854460094
0.24962434748276532,1097,1388,157,1358,0.4945375091041515,0.8963696369636963,0.4414486921529175,0.63740905890636
0.24948297347994663,1096,1389,157,1358,0.4943574808882417,0.8963696369636963,0.44104627766599597,0.6372595025809479
0.24938569220745918,1095,1390,157,1358,0.49417758369723436,0.8963696369636963,0.44064386317907445,0.6371100164203612
0.24928487662934978,1094,1391,157,1358,0.49399781738814114,0.8963696369636963,0.4402414486921529,0.6369606003752345
0.24921696478135028,1094,1391,156,1359,0.49418181818181817,0.897029702970297,0.4402414486921529,0.6372801875732708
0.24893488458675023,1093,1392,156,1359,0.4940021810250818,0.897029702970297,0.4398390342052314,0.6371308016877637
0.24893027585327915,1093,1392,155,1360,0.4941860465116279,0.8976897689768977,0.4398390342052314,0.6374501992031872
0.24889307287030893,1093,1392,154,1361,0.49436977842353796,0.8983498349834983,0.4398390342052314,0.6377694470477976
0.2487406325542506,1092,1393,154,1361,0.4941902687000726,0.8983498349834983,0.4394366197183099,0.6376200515343172
0.2486942745374683,1091,1394,154,1361,0.494010889292196,0.8983498349834983,0.4390342052313883,0.6374707259953162
0.2486673259291775,1090,1395,154,1361,0.49383164005805513,0.8983498349834983,0.4386317907444668,0.6373214703816437
0.24856642807180018,1090,1395,153,1362,0.4940152339499456,0.899009900990099,0.4386317907444668,0.6376404494382022
0.2485103220728553,1089,1396,153,1362,0.4938361131254532,0.899009900990099,0.43822937625754527,0.6374912239644278
0.24832462660507887,1088,1397,153,1362,0.49365712214570495,0.899009900990099,0.43782696177062375,0.6373420683200749
0.248094181962716,1087,1398,153,1362,0.4934782608695652,0.899009900990099,0.4374245472837022,0.6371929824561403
0.24803595116107074,1086,1399,153,1362,0.49329952915610287,0.899009900990099,0.4370221327967807,0.637043966323667
0.2479675068247653,1085,1400,153,1362,0.49312092686459086,0.899009900990099,0.43661971830985913,0.6368950198737433
0.24790060136848113,1084,1401,153,1362,0.49294245385450597,0.899009900990099,0.4362173038229376,0.6367461430575035
0.24789406655490473,1084,1401,152,1363,0.4931259044862518,0.8996699669966997,0.4362173038229376,0.63706473475111
0.24772246572470563,1083,1402,152,1363,0.4929475587703436,0.8996699669966997,0.4358148893360161,0.6369158878504673
0.24761153020055512,1082,1403,152,1363,0.4927693420101229,0.8996699669966997,0.43541247484909457,0.6367671104882037
0.2475845657542672,1081,1404,152,1363,0.4925912540657752,0.8996699669966997,0.43501006036217305,0.6366184026156002
0.24748116305762916,1080,1405,152,1363,0.49241329479768786,0.8996699669966997,0.4346076458752515,0.6364697641839832
0.2474529109120235,1079,1406,152,1363,0.49223546406644997,0.8996699669966997,0.43420523138833,0.6363211951447245
0.24742094706969486,1078,1407,152,1363,0.492057761732852,0.8996699669966997,0.43380281690140843,0.6361726954492415
0.24725963192737765,1077,1408,152,1363,0.4918801876578852,0.8996699669966997,0.4334004024144869,0.6360242650489968
0.24709648430245115,1076,1409,152,1363,0.4917027417027417,0.8996699669966997,0.4329979879275654,0.635875903895498
0.24709485070568477,1075,1410,152,1363,0.4915254237288136,0.8996699669966997,0.43259557344064387,0.6357276119402985
0.2470429611841668,1074,1411,152,1363,0.49134823359769286,0.8996699669966997,0.43219315895372235,0.6355793891349965
0.24699835709823317,1073,1412,152,1363,0.49117117117117115,0.8996699669966997,0.4317907444668008,0.6354312354312355
0.2469259427573105,1073,1412,151,1364,0.49135446685878964,0.9003300330033003,0.4317907444668008,0.6357492426007924
0.24688996755383244,1072,1413,151,1364,0.49117752970831835,0.9003300330033003,0.43138832997987925,0.6356011183597391
0.24687504478458738,1071,1414,151,1364,0.49100071994240463,0.9003300330033003,0.4309859154929577,0.6354530631260191
0.2468004681559784,1071,1414,150,1365,0.491183879093199,0.900990099009901,0.4309859154929577,0.6357708430367955
0.24673770353726657,1070,1415,150,1365,0.4910071942446043,0.900990099009901,0.4305835010060362,0.6356228172293364
0.2467275817939668,1069,1416,150,1365,0.49083063646170444,0.900990099009901,0.4301810865191147,0.6354748603351955
0.24672457171086465,1068,1417,150,1365,0.49065420560747663,0.900990099009901,0.42977867203219317,0.6353269723062602
0.24665656427659144,1067,1418,150,1365,0.49047790154509524,0.900990099009901,0.42937625754527164,0.6351791530944625
0.24651771417629664,1066,1419,150,1365,0.49030172413793105,0.900990099009901,0.4289738430583501,0.6350314026517795
0.24648506874405457,1066,1419,149,1366,0.4904847396768402,0.9016501650165016,0.4289738430583501,0.6353488372093024
0.2463332568591623,1065,1420,149,1366,0.49030868628858576,0.9016501650165016,0.42857142857142855,0.6352011160195303
0.24608939640140207,1065,1420,148,1367,0.4904915679942591,0.9023102310231023,0.42857142857142855,0.6355183635518363
0.24601671705270098,1064,1421,148,1367,0.49031563845050213,0.9023102310231023,0.428169014084507,0.635370671624448
0.24592781966464494,1063,1422,148,1367,0.490139835066332,0.9023102310231023,0.4277665995975855,0.6352230483271375
0.24591594097506922,1062,1423,148,1367,0.4899641577060932,0.9023102310231023,0.427364185110664,0.6350754936120789
0.24583126516566647,1061,1424,148,1367,0.48978860623432463,0.9023102310231023,0.42696177062374246,0.6349280074314909
0.2458083546989718,1061,1424,147,1368,0.4899713467048711,0.902970297029703,0.42696177062374246,0.635244950081263
0.24578488987043998,1060,1425,147,1368,0.4897959183673469,0.902970297029703,0.42655935613682094,0.6350974930362117
0.24556023751433192,1059,1426,147,1368,0.4896206156048676,0.902970297029703,0.4261569416498994,0.6349501044325829
0.24542867594588821,1058,1427,147,1368,0.4894454382826476,0.902970297029703,0.42575452716297785,0.6348027842227378
0.2451163215730647,1057,1428,147,1368,0.4892703862660944,0.902970297029703,0.4253521126760563,0.6346555323590815
0.244669884278274,1056,1429,147,1368,0.489095459420808,0.902970297029703,0.4249496981891348,0.634508348794063
0.24454979442446514,1055,1430,147,1368,0.4889206576125804,0.902970297029703,0.4245472837022133,0.6343612334801763
0.24433715910402895,1054,1431,147,1368,0.4887459807073955,0.902970297029703,0.42414486921529176,0.6342141863699583
0.24428286998336413,1053,1432,147,1368,0.48857142857142855,0.902970297029703,0.42374245472837024,0.6340672074159908
0.244185631802892,1052,1433,147,1368,0.48839700107104606,0.902970297029703,0.42334004024144867,0.633920296570899
0.24408684499224498,1051,1434,147,1368,0.48822269807280516,0.902970297029703,0.42293762575452715,0.6337734537873523
0.2439389177488647,1050,1435,147,1368,0.48804851944345345,0.902970297029703,0.4225352112676056,0.6336266790180639
0.24383906831480606,1049,1436,147,1368,0.48787446504992865,0.902970297029703,0.4221327967806841,0.6334799722157907
0.24368581604667772,1048,1437,147,1368,0.48770053475935826,0.902970297029703,0.4217303822937626,0.6333333333333333
0.2436704836091713,1047,1438,147,1368,0.48752672843905914,0.902970297029703,0.42132796780684106,0.6331867623235362
0.24336562865375636,1047,1438,146,1369,0.48770929818311365,0.9036303630363036,0.42132796780684106,0.6335030078667284
0.2433369176825551,1046,1439,146,1369,0.48753561253561256,0.9036303630363036,0.42092555331991954,0.6333564654175341
0.2430996849426252,1046,1439,145,1370,0.4877180491278035,0.9042904290429042,0.42092555331991954,0.633672525439408
0.24292161244857563,1045,1440,145,1370,0.4875444839857651,0.9042904290429042,0.42052313883299797,0.6335260115606937
0.24274841845941253,1044,1441,145,1370,0.48737104233368905,0.9042904290429042,0.42012072434607645,0.6333795654184003
0.24271751115401177,1043,1442,145,1370,0.4871977240398293,0.9042904290429042,0.4197183098591549,0.6332331869655651
0.24256443439177086,1042,1443,145,1370,0.4870245289726271,0.9042904290429042,0.4193158953722334,0.633086876155268
0.24249115333587734,1041,1444,145,1370,0.48685145700071075,0.9042904290429042,0.4189134808853119,0.632940632940633
0.24245714642507796,1040,1445,145,1370,0.4866785079928952,0.9042904290429042,0.41851106639839036,0.6327944572748267
0.24245014432533873,1040,1445,144,1371,0.48686079545454547,0.904950495049505,0.41851106639839036,0.6331101362271992
0.2424461827001461,1039,1446,144,1371,0.48668796592119273,0.904950495049505,0.4181086519114688,0.6329639889196675
0.24238509844596512,1038,1447,144,1371,0.4865152590489709,0.904950495049505,0.41770623742454727,0.6328179090699284
0.2423237423732864,1037,1448,144,1371,0.48634267470734305,0.904950495049505,0.41730382293762575,0.6326718966312875
0.2423224229407193,1036,1449,144,1371,0.48617021276595745,0.904950495049505,0.4169014084507042,0.6325259515570935
0.24216845738959009,1035,1450,144,1371,0.4859978730946473,0.904950495049505,0.4164989939637827,0.632380073800738
0.24214473219064264,1034,1451,144,1371,0.4858256555634302,0.904950495049505,0.4160965794768612,0.632234263315656
0.24158243909182048,1033,1452,144,1371,0.485653560042508,0.904950495049505,0.41569416498993966,0.632088520055325
0.24141170549801066,1033,1452,143,1372,0.48583569405099153,0.9056105610561056,0.41569416498993966,0.6324037796727356
0.241393932020736,1032,1453,143,1372,0.4856637168141593,0.9056105610561056,0.4152917505030181,0.632258064516129
0.24129019440240976,1031,1454,143,1372,0.4854918612880396,0.9056105610561056,0.41488933601609657,0.6321124164938954
0.24108433079205188,1030,1455,143,1372,0.48532012734347363,0.9056105610561056,0.41448692152917505,0.6319668355596499
0.24090519605911329,1029,1456,143,1372,0.48514851485148514,0.9056105610561056,0.4140845070422535,0.6318213216670504
0.2408953100793182,1028,1457,143,1372,0.48497702368328033,0.9056105610561056,0.413682092555332,0.6316758747697975
0.2405187270582811,1027,1458,143,1372,0.48480565371024736,0.9056105610561056,0.4132796780684105,0.631530494821634
0.2404638267157918,1026,1459,143,1372,0.4846344048039562,0.9056105610561056,0.4128772635814889,0.6313851817763461
0.24030458798767015,1025,1460,143,1372,0.4844632768361582,0.9056105610561056,0.4124748490945674,0.6312399355877617
0.2402796136727912,1024,1461,143,1372,0.48429226967878575,0.9056105610561056,0.41207243460764587,0.6310947562097516
0.2402773218880902,1023,1462,143,1372,0.48412138320395204,0.9056105610561056,0.41167002012072434,0.6309496435962291
0.24023088968699444,1022,1463,143,1372,0.4839506172839506,0.9056105610561056,0.4112676056338028,0.6308045977011494
0.2401582771309601,1022,1463,142,1373,0.48413258110014107,0.9062706270627062,0.4112676056338028,0.6311192829234659
0.2401495519030369,1022,1463,141,1374,0.4843144166372929,0.906930693069307,0.4112676056338028,0.6314338235294118
0.24014320916328008,1021,1464,141,1374,0.48414376321353064,0.906930693069307,0.4108651911468813,0.631288766368022
0.2400588025248165,1020,1465,141,1374,0.4839732300105671,0.906930693069307,0.4104627766599598,0.6311437758383096
0.2400268073273588,1019,1466,141,1374,0.4838028169014085,0.906930693069307,0.4100603621730382,0.6309988518943743
0.23999324603637182,1018,1467,141,1374,0.4836325237592397,0.906930693069307,0.4096579476861167,0.6308539944903582
0.23992506729952254,1017,1468,141,1374,0.48346235045742436,0.906930693069307,0.40925553319919517,0.6307092035804452
0.239910867552807,1016,1469,141,1374,0.48329229686950403,0.906930693069307,0.40885311871227364,0.6305644791188618
0.23973975903806694,1015,1470,141,1374,0.4831223628691983,0.906930693069307,0.4084507042253521,0.6304198210598762
0.2395622586660526,1014,1471,141,1374,0.48295254833040424,0.906930693069307,0.4080482897384306,0.6302752293577981
0.23932299534165527,1013,1472,141,1374,0.48278285312719604,0.906930693069307,0.407645875251509,0.63013070396698
0.23924067205258973,1012,1473,141,1374,0.48261327713382507,0.906930693069307,0.4072434607645875,0.6299862448418156
0.2391342338544869,1011,1474,141,1374,0.4824438202247191,0.906930693069307,0.406841046277666,0.6298418519367408
0.2391083064882786,1010,1475,141,1374,0.4822744822744823,0.906930693069307,0.40643863179074446,0.6296975252062328
0.23902160732190378,1009,1476,141,1374,0.48210526315789476,0.906930693069307,0.40603621730382294,0.629553264604811
0.23889903059080775,1008,1477,141,1374,0.4819361627499123,0.906930693069307,0.4056338028169014,0.6294090700870362
0.2387839857254702,1008,1477,140,1375,0.48211781206171106,0.9075907590759076,0.4056338028169014,0.6297229219143576
0.23876701942759346,1007,1478,140,1375,0.4819488257974062,0.9075907590759076,0.4052313883299799,0.6295787545787546
0.23874690397185536,1006,1479,140,1375,0.4817799579537491,0.9075907590759076,0.4048289738430583,0.6294346532387274
0.2387382364262478,1005,1480,140,1375,0.4816112084063047,0.9075907590759076,0.4044265593561368,0.6292906178489702
0.23865575255007154,1005,1480,139,1376,0.48179271708683474,0.9082508250825082,0.4044265593561368,0.6296042095630291
0.2386045311825603,1004,1481,139,1376,0.4816240812040602,0.9082508250825082,0.4040241448692153,0.6294602012808783
0.23852278045565764,1004,1481,138,1377,0.4818054583624913,0.9089108910891089,0.4040241448692153,0.6297736107935056
0.23833614567306238,1003,1482,138,1377,0.48163693599160545,0.9089108910891089,0.40362173038229376,0.6296296296296297
0.23815034059440132,1003,1482,137,1378,0.4818181818181818,0.9095709570957096,0.40362173038229376,0.6299428571428571
0.2381318203509224,1002,1483,137,1378,0.48164977280671095,0.9095709570957096,0.40321931589537224,0.629798903107861
0.23806873192710257,1001,1484,137,1378,0.48148148148148145,0.9095709570957096,0.4028169014084507,0.6296550148503541
0.23791644006967416,1000,1485,137,1378,0.4813133077191757,0.9095709570957096,0.4024144869215292,0.6295111923252626
0.23789417243334593,999,1486,137,1378,0.48114525139664804,0.9095709570957096,0.4020120724346076,0.6293674354875542
0.23783936482278065,998,1487,137,1378,0.48097731239092495,0.9095709570957096,0.4016096579476861,0.6292237442922375
0.23746823545608473,997,1488,137,1378,0.48080949057920447,0.9095709570957096,0.4012072434607646,0.629080118694362
0.2373282565842638,996,1489,137,1378,0.480641785838856,0.9095709570957096,0.40080482897384306,0.6289365586490188
0.23729831833468437,995,1490,137,1378,0.4804741980474198,0.9095709570957096,0.40040241448692154,0.6287930641113393
0.2370547232416101,994,1491,137,1378,0.4803067270826072,0.9095709570957096,0.4,0.6286496350364964
0.2366931133397392,993,1492,137,1378,0.4801393728222996,0.9095709570957096,0.39959758551307845,0.6285062713797035
0.2366491261390794,992,1493,137,1378,0.47997213514454895,0.9095709570957096,0.3991951710261569,0.6283629730962152
0.23638130370584526,991,1494,137,1378,0.47980501392757663,0.9095709570957096,0.3987927565392354,0.6282197401413266
0.2362266768932389,990,1495,137,1378,0.4796380090497738,0.9095709570957096,0.3983903420523139,0.6280765724703737
0.2361533183344926,989,1496,137,1378,0.47947112038970074,0.9095709570957096,0.39798792756539236,0.6279334700387332
0.23614457131425415,988,1497,137,1378,0.47930434782608694,0.9095709570957096,0.39758551307847084,0.6277904328018223
0.23609269116343568,987,1498,137,1378,0.47913769123783034,0.9095709570957096,0.3971830985915493,0.627647460715099
0.2360844422431282,986,1499,137,1378,0.47897115050399725,0.9095709570957096,0.39678068410462775,0.6275045537340619
0.2360564051480499,985,1500,137,1378,0.4788047255038221,0.9095709570957096,0.3963782696177062,0.6273617118142499
0.23602376002055142,984,1501,137,1378,0.4786384161167072,0.9095709570957096,0.3959758551307847,0.6272189349112426
0.23590847072986587,984,1501,136,1379,0.47881944444444446,0.9102310231023102,0.3959758551307847,0.6275312855517634
0.23588056325476936,983,1502,136,1379,0.4786532454009025,0.9102310231023102,0.3955734406438632,0.6273885350318471
0.23586105982913963,982,1503,136,1379,0.47848716169326855,0.9102310231023102,0.39517102615694166,0.6272458494428019
0.2358383642909559,982,1503,135,1380,0.4786680541103018,0.9108910891089109,0.39517102615694166,0.6275579809004093
0.2357059026056497,981,1504,135,1380,0.478502080443828,0.9108910891089109,0.39476861167002014,0.6274153216640146
0.2352018141751995,980,1505,135,1380,0.4783362218370884,0.9108910891089109,0.39436619718309857,0.6272727272727273
0.23518986409822104,979,1506,135,1380,0.4781704781704782,0.9108910891089109,0.39396378269617705,0.6271301976823449
0.23517688219627472,979,1506,134,1381,0.47835122965015586,0.9115511551155115,0.39396378269617705,0.627442071785552
0.2351691155128754,978,1507,134,1381,0.47818559556786705,0.9115511551155115,0.3935613682092555,0.6272995684760391
0.23509871572072527,978,1507,133,1382,0.47836621668397367,0.9122112211221122,0.3935613682092555,0.6276112624886467
0.23503118694111105,977,1508,133,1382,0.4782006920415225,0.9122112211221122,0.393158953722334,0.6274687854710557
0.23501721124708036,977,1508,132,1383,0.47838118298166726,0.9128712871287129,0.393158953722334,0.6277802995914662
0.2349835344482066,976,1509,132,1383,0.4782157676348548,0.9128712871287129,0.3927565392354125,0.627637848876787
0.23488208114624995,975,1510,132,1383,0.47805046664362255,0.9128712871287129,0.39235412474849096,0.6274954627949183
0.2347372169093703,974,1511,132,1383,0.4778852798894264,0.9128712871287129,0.39195171026156944,0.6273531413018825
0.23454374440133569,973,1512,132,1383,0.47772020725388603,0.9128712871287129,0.39154929577464787,0.6272108843537415
0.23451572624379224,972,1513,132,1383,0.4775552486187845,0.9128712871287129,0.39114688128772634,0.6270686919065972
0.2342824236041041,971,1514,132,1383,0.47739040386606835,0.9128712871287129,0.3907444668008048,0.6269265639165911
0.23419494177249842,970,1515,132,1383,0.4772256728778468,0.9128712871287129,0.3903420523138833,0.6267845003399048
0.2341388890426121,969,1516,132,1383,0.4770610555363919,0.9128712871287129,0.3899396378269618,0.6266425011327594
0.23411335212600093,968,1517,132,1383,0.4768965517241379,0.9128712871287129,0.38953722334004026,0.6265005662514156
0.23382653739259013,968,1517,131,1384,0.47707687004481214,0.9135313531353135,0.38953722334004026,0.6268115942028986
0.233724279442945,967,1518,131,1384,0.47691247415575466,0.9135313531353135,0.3891348088531187,0.6266696853067693
0.23365826077268817,966,1519,131,1384,0.47674819152600756,0.9135313531353135,0.38873239436619716,0.6265278406518787
0.23354700552057148,965,1520,131,1384,0.4765840220385675,0.9135313531353135,0.38832997987927564,0.6263860601946142
0.23346310722042132,965,1520,130,1385,0.47676419965576594,0.9141914191419142,0.38832997987927564,0.6266968325791855
0.23336534698008093,964,1521,130,1385,0.47660013764624914,0.9141914191419142,0.3879275653923541,0.6265550780366433
0.23317174677675798,963,1522,130,1385,0.4764361885104919,0.9141914191419142,0.3875251509054326,0.6264133876074175
0.23274668109697497,962,1523,130,1385,0.4762723521320495,0.9141914191419142,0.3871227364185111,0.6262717612480218
0.23271889414699354,961,1524,130,1385,0.47610862839463736,0.9141914191419142,0.38672032193158956,0.6261301989150091
0.23266386975904713,961,1524,129,1386,0.4762886597938144,0.9148514851485149,0.38672032193158956,0.6264406779661017
0.23260536048253902,961,1524,128,1387,0.47646856750257643,0.9155115511551155,0.38672032193158956,0.6267510167193855
0.23249414538843335,960,1525,128,1387,0.47630494505494503,0.9155115511551155,0.386317907444668,0.6266094420600858
0.23229712670609223,959,1526,128,1387,0.47614143494679023,0.9155115511551155,0.38591549295774646,0.6264679313459801
0.23212955178845343,958,1527,128,1387,0.4759780370624571,0.9155115511551155,0.38551307847082494,0.6263264845337548
0.23200679635553242,957,1528,128,1387,0.4758147512864494,0.9155115511551155,0.3851106639839034,0.6261851015801354
0.2319316401092314,956,1529,128,1387,0.47565157750342935,0.9155115511551155,0.3847082494969819,0.6260437824418867
0.23190825229133366,956,1529,127,1388,0.4758313335618786,0.9161716171617161,0.3847082494969819,0.6263537906137184
0.23174611183551017,955,1530,127,1388,0.4756682659355723,0.9161716171617161,0.3843058350100604,0.6262124971802391
0.2316964265259991,954,1531,127,1388,0.47550531003768415,0.9161716171617161,0.3839034205231388,0.6260712674785747
0.23161886280483684,954,1531,126,1389,0.4756849315068493,0.9168316831683169,0.3839034205231388,0.6263810597519729
0.23152543164582104,953,1532,126,1389,0.4755220814789456,0.9168316831683169,0.3835010060362173,0.6262398557258791
0.23151827407697897,952,1533,126,1389,0.4753593429158111,0.9168316831683169,0.38309859154929576,0.6260987153482083
0.23129306139202527,951,1534,126,1389,0.47519671570304484,0.9168316831683169,0.38269617706237424,0.6259576385759351
0.23126621322368066,950,1535,126,1389,0.4750341997264022,0.9168316831683169,0.3822937625754527,0.6258166253660734
0.23103434723281774,949,1536,126,1389,0.4748717948717949,0.9168316831683169,0.3818913480885312,0.6256756756756757
0.2310090186966157,948,1537,126,1389,0.4747095010252905,0.9168316831683169,0.3814889336016097,0.6255347894618329
0.23088731080543898,947,1538,126,1389,0.4745473180731124,0.9168316831683169,0.3810865191146881,0.6253939666816749
0.2308103103006566,946,1539,126,1389,0.47438524590163933,0.9168316831683169,0.3806841046277666,0.62525320729237
0.23037446050849023,945,1540,126,1389,0.47422328439740524,0.9168316831683169,0.38028169014084506,0.6251125112511251
0.230008764371044,944,1541,126,1389,0.474061433447099,0.9168316831683169,0.37987927565392354,0.6249718785151857
0.2299101608994936,943,1542,126,1389,0.47389969293756395,0.9168316831683169,0.379476861167002,0.6248313090418354
0.22985412301257924,942,1543,126,1389,0.4737380627557981,0.9168316831683169,0.3790744466800805,0.6246908027883967
0.22978752519255025,941,1544,126,1389,0.4735765427889533,0.9168316831683169,0.378672032193159,0.6245503597122302
0.22974420026614514,941,1544,125,1390,0.47375596455351054,0.9174917491749175,0.378672032193159,0.6248595189930322
0.22969836771228894,940,1545,125,1390,0.4735945485519591,0.9174917491749175,0.3782696177062374,0.6247191011235955
0.2296444816708443,939,1546,125,1390,0.473433242506812,0.9174917491749175,0.3778672032193159,0.624578746349135
0.22955399041545183,938,1547,125,1390,0.47327204630575415,0.9174917491749175,0.37746478873239436,0.6244384546271339
0.22955177152216308,937,1548,125,1390,0.47311095983662355,0.9174917491749175,0.37706237424547284,0.6242982259151134
0.22955115616493227,936,1549,125,1390,0.4729499829874107,0.9174917491749175,0.3766599597585513,0.6241580601706331
0.22952701497412922,935,1550,125,1390,0.47278911564625853,0.9174917491749175,0.3762575452716298,0.6240179573512907
0.22934611889796894,934,1551,125,1390,0.4726283577014621,0.9174917491749175,0.3758551307847082,0.6238779174147218
0.22930647059481066,933,1552,125,1390,0.4724677090414684,0.9174917491749175,0.3754527162977867,0.6237379403186
0.22925531389380643,932,1553,125,1390,0.47230716955487595,0.9174917491749175,0.3750503018108652,0.6235980260206371
0.22905709177276853,931,1554,125,1390,0.47214673913043476,0.9174917491749175,0.37464788732394366,0.6234581744785826
0.22902566853802506,930,1555,125,1390,0.47198641765704585,0.9174917491749175,0.37424547283702214,0.6233183856502242
0.22902059576125977,929,1556,125,1390,0.47182620502376105,0.9174917491749175,0.3738430583501006,0.6231786594933871
0.2290201750543344,928,1557,125,1390,0.47166610111978285,0.9174917491749175,0.3734406438631791,0.6230389959659346
0.22899417445836587,928,1557,124,1391,0.4718453188602442,0.9181518151815181,0.3734406438631791,0.623347524086937
0.22897567067749197,927,1558,124,1391,0.47168531705662936,0.9181518151815181,0.3730382293762575,0.6232078853046595
0.22893553211276385,927,1558,123,1392,0.471864406779661,0.9188118811881189,0.3730382293762575,0.6235162374020157
0.22888896427018218,927,1558,122,1393,0.47204337512707556,0.9194719471947195,0.3730382293762575,0.6238244514106583
0.22888691005630563,926,1559,122,1393,0.47188346883468835,0.9194719471947195,0.372635814889336,0.6236847996418178
0.22887978736581738,925,1560,122,1393,0.4717236708432103,0.9194719471947195,0.3722334004024145,0.6235452103849597
0.22878149168069503,924,1561,122,1393,0.471563981042654,0.9194719471947195,0.37183098591549296,0.6234056835981204
0.22876297416559135,923,1562,122,1393,0.47140439932318107,0.9194719471947195,0.37142857142857144,0.6232662192393736
0.22867939494855663,922,1563,122,1393,0.4712449255751015,0.9194719471947195,0.3710261569416499,0.6231268172668307
0.22854998027077433,922,1563,121,1394,0.4714237402773081,0.9201320132013201,0.3710261569416499,0.6234347048300537
0.22847785911625867,921,1564,121,1394,0.47126436781609193,0.9201320132013201,0.37062374245472834,0.6232953275206796
0.22836983121922758,920,1565,121,1394,0.4711051030753633,0.9201320132013201,0.3702213279678068,0.6231560125167636
0.22829673660575114,919,1566,121,1394,0.47094594594594597,0.9201320132013201,0.3698189134808853,0.6230167597765364
0.22816679396305234,919,1566,120,1395,0.47112462006079026,0.9207920792079208,0.3698189134808853,0.6233243967828418
0.22802830777577474,918,1567,120,1395,0.4709655638082377,0.9207920792079208,0.3694164989939638,0.6231851686397141
0.22797338033581946,917,1568,120,1395,0.4708066149173135,0.9207920792079208,0.36901408450704226,0.6230460026797677
0.22788556220585865,916,1569,120,1395,0.4706477732793522,0.9207920792079208,0.36861167002012074,0.622906898861353
0.22787169568843543,915,1570,120,1395,0.47048903878583476,0.9207920792079208,0.3682092555331992,0.6227678571428571
0.22768459948105962,914,1571,120,1395,0.4703304113283884,0.9207920792079208,0.36780684104627764,0.6226288774827048
0.2276682395334138,914,1571,119,1396,0.47050893158072127,0.9214521452145215,0.36780684104627764,0.6229361892012495
0.2274212699368645,913,1572,119,1396,0.47035040431266845,0.9214521452145215,0.3674044265593561,0.6227972339950926
0.2273023933065107,912,1573,119,1396,0.47019198383294036,0.9214521452145215,0.3670020120724346,0.6226583407671722
0.22718628350963815,911,1574,119,1396,0.47003367003367,0.9214521452145215,0.3665995975855131,0.6225195094760312
0.22707949704197697,910,1575,119,1396,0.46987546280713566,0.9214521452145215,0.36619718309859156,0.6223807400802497
0.22666756974821298,909,1576,119,1396,0.4697173620457604,0.9214521452145215,0.36579476861167004,0.6222420325384443
0.2266650173683695,908,1577,119,1396,0.46955936764211237,0.9214521452145215,0.36539235412474846,0.6221033868092691
0.22629165044699656,907,1578,119,1396,0.4694014794889038,0.9214521452145215,0.36498993963782694,0.6219648028514145
0.22629097428451228,907,1578,118,1397,0.4695798319327731,0.9221122112211221,0.36498993963782694,0.622271714922049
0.2262263716914669,906,1579,118,1397,0.4694220430107527,0.9221122112211221,0.3645875251509054,0.6221331551992875
0.2262246853128721,905,1580,118,1397,0.4692643600940544,0.9221122112211221,0.3641851106639839,0.6219946571682992
0.2261796017417908,904,1581,118,1397,0.4691067830758899,0.9221122112211221,0.3637826961770624,0.6218562207878923
0.22609650073997603,903,1582,118,1397,0.46894931184961397,0.9221122112211221,0.36338028169014086,0.6217178460169115
0.22601637036276567,903,1582,117,1398,0.4691275167785235,0.9227722772277228,0.36338028169014086,0.6220244716351502
0.2260082882659322,902,1583,117,1398,0.46897014424689704,0.9227722772277228,0.36297786720321934,0.6218861209964412
0.22575591620616317,901,1584,117,1398,0.4688128772635815,0.9227722772277228,0.36257545271629776,0.6217478318879253
0.22567156342117808,900,1585,117,1398,0.4686557157224271,0.9227722772277228,0.36217303822937624,0.6216096042685638
0.22565328920741212,899,1586,117,1398,0.46849865951742625,0.9227722772277228,0.3617706237424547,0.621471438097355
0.22529221054242693,898,1587,117,1398,0.46834170854271356,0.9227722772277228,0.3613682092555332,0.6213333333333333
0.22518317109329067,897,1588,117,1398,0.4681848626925653,0.9227722772277228,0.3609657947686117,0.6211952899355698
0.2249588165484605,896,1589,117,1398,0.4680281218613994,0.9227722772277228,0.36056338028169016,0.6210573078631719
0.22487705282104795,895,1590,117,1398,0.4678714859437751,0.9227722772277228,0.36016096579476864,0.6209193870752832
0.22475343625320326,894,1591,117,1398,0.4677149548343928,0.9227722772277228,0.35975855130784706,0.6207815275310835
0.22464047961252612,893,1592,117,1398,0.46755852842809364,0.9227722772277228,0.35935613682092554,0.6206437291897892
0.224432505331032,892,1593,117,1398,0.4674022066198596,0.9227722772277228,0.358953722334004,0.6205059920106525
0.2243791390920333,892,1593,116,1399,0.4675802139037433,0.9234323432343234,0.358953722334004,0.6208120701131573
0.22429264016860928,892,1593,115,1400,0.46775810223855663,0.9240924092409241,0.358953722334004,0.6211180124223602
0.22426854366774696,891,1594,115,1400,0.46760187040748163,0.9240924092409241,0.3585513078470825,0.6209802616988246
0.22425022114966053,891,1594,114,1401,0.467779632721202,0.9247524752475248,0.3585513078470825,0.6212860310421287
0.2242478389628475,891,1594,113,1402,0.4679572763684913,0.9254125412541254,0.3585513078470825,0.6215916648193305
0.2240025694544909,890,1595,113,1402,0.46780113446780114,0.9254125412541254,0.358148893360161,0.6214539007092199
0.22392772141236758,890,1595,112,1403,0.4679786524349566,0.926072607260726,0.358148893360161,0.6217593618435631
0.22389175165332428,889,1596,112,1403,0.46782260753584526,0.926072607260726,0.35774647887323946,0.6216216216216216
0.22380548542768328,888,1597,112,1403,0.4676666666666667,0.926072607260726,0.3573440643863179,0.6214839424141749
0.22377340349407698,887,1598,112,1403,0.4675108297234255,0.926072607260726,0.35694164989939636,0.6213463241806909
0.22376368837151508,886,1599,112,1403,0.46735509660226515,0.926072607260726,0.35653923541247484,0.6212087668806731
0.2237266411185719,885,1600,112,1403,0.4671994671994672,0.926072607260726,0.3561368209255533,0.621071270473661
0.2237010560437927,884,1601,112,1403,0.4670439414114514,0.926072607260726,0.3557344064386318,0.6209338349192299
0.2235501835987482,884,1601,111,1404,0.46722129783693844,0.9267326732673268,0.3557344064386318,0.6212389380530974
0.22350827563153197,883,1602,111,1404,0.46706586826347307,0.9267326732673268,0.3553319919517103,0.6211015262110152
0.22332928567226906,882,1603,111,1404,0.4669105420685068,0.9267326732673268,0.35492957746478876,0.6209641751437417
0.22312001651379712,881,1604,111,1404,0.46675531914893614,0.9267326732673268,0.3545271629778672,0.6208268848109662
0.2229794853809738,880,1605,111,1404,0.4666001994017946,0.9267326732673268,0.35412474849094566,0.6206896551724138
0.22294218448374223,879,1606,111,1404,0.4664451827242525,0.9267326732673268,0.35372233400402414,0.6205524861878453
0.22290106027418172,878,1607,111,1404,0.46629026901361675,0.9267326732673268,0.3533199195171026,0.620415377817057
0.22278321330034306,877,1608,111,1404,0.46613545816733065,0.9267326732673268,0.3529175050301811,0.6202783300198808
0.22276983880501908,876,1609,111,1404,0.4659807500829738,0.9267326732673268,0.3525150905432596,0.6201413427561837
0.22270907297299872,875,1610,111,1404,0.46582614465826144,0.9267326732673268,0.352112676056338,0.6200044159858689
0.22267613266925798,875,1610,110,1405,0.4660033167495854,0.9273927392739274,0.352112676056338,0.6203090507726269
0.22250513770807112,874,1611,110,1405,0.46584880636604775,0.9273927392739274,0.3517102615694165,0.6201721474288237
0.22235084784058717,873,1612,110,1405,0.46569439840901555,0.9273927392739274,0.35130784708249496,0.6200353045013239
0.2222586444765984,873,1612,109,1406,0.46587143803843606,0.928052805280528,0.35130784708249496,0.6203397308625634
0.22198704231105226,872,1613,109,1406,0.4657171248757867,0.928052805280528,0.35090543259557344,0.6202029113365681
0.2219075336716168,871,1614,109,1406,0.46556291390728477,0.928052805280528,0.3505030181086519,0.6200661521499449
0.22186197046290312,870,1615,109,1406,0.46540880503144655,0.928052805280528,0.3501006036217304,0.6199294532627866
0.22183956862070814,869,1616,109,1406,0.46525479814692255,0.928052805280528,0.3496981891348089,0.6197928146352215
0.2218316083722769,868,1617,109,1406,0.46510089315249753,0.928052805280528,0.3492957746478873,0.619656236227413
0.2215876891187897,867,1618,109,1406,0.46494708994708994,0.928052805280528,0.3488933601609658,0.6195197179995594
0.2215743288861329,866,1619,109,1406,0.46479338842975204,0.928052805280528,0.34849094567404426,0.6193832599118942
0.22148391897481204,865,1620,109,1406,0.4646397884996695,0.928052805280528,0.34808853118712274,0.6192468619246861
0.2213980564037324,864,1621,109,1406,0.4644862900561612,0.928052805280528,0.3476861167002012,0.6191105239982386
0.22138727161725563,863,1622,109,1406,0.46433289299867897,0.928052805280528,0.3472837022132797,0.6189742460928902
0.22137959406654886,862,1623,109,1406,0.4641795972268075,0.928052805280528,0.3468812877263581,0.6188380281690141
0.22133963838660686,862,1623,108,1407,0.4643564356435644,0.9287128712871288,0.3468812877263581,0.6191419141914192
0.22122777653682424,862,1623,107,1408,0.464533157373804,0.9293729372937294,0.3468812877263581,0.6194456665200176
0.2211491694893853,861,1624,107,1408,0.46437994722955145,0.9293729372937294,0.3464788732394366,0.6193094347921707
0.22104217818725463,860,1625,107,1408,0.46422683811407844,0.9293729372937294,0.3460764587525151,0.6191732629727352
0.22102978908635015,860,1625,106,1409,0.464403427818062,0.93003300330033,0.3460764587525151,0.6194768080896901
0.2210179417374761,859,1626,106,1409,0.4642504118616145,0.93003300330033,0.34567404426559356,0.6193406593406593
0.2209557418523653,858,1627,106,1409,0.4640974967061924,0.93003300330033,0.34527162977867204,0.6192045704240826
0.22080854988344503,857,1628,106,1409,0.4639446822522226,0.93003300330033,0.3448692152917505,0.6190685413005272
0.22073499292158114,857,1628,105,1410,0.4641211323238973,0.9306930693069307,0.3448692152917505,0.6193718427410498
0.2207138407109842,856,1629,105,1410,0.46396841066140176,0.9306930693069307,0.344466800804829,0.619235836627141
0.22063554587989145,855,1630,105,1410,0.46381578947368424,0.9306930693069307,0.3440643863179074,0.6190998902305159
0.22034281737773734,854,1631,105,1410,0.46366326866162444,0.9306930693069307,0.3436619718309859,0.6189640035118525
0.22032711893998788,853,1632,105,1410,0.4635108481262327,0.9306930693069307,0.3432595573440644,0.618828176431863
0.22032594142597886,852,1633,105,1410,0.4633585277686494,0.9306930693069307,0.34285714285714286,0.6186924089512944
0.2203126158590312,851,1634,105,1410,0.4632063074901445,0.9306930693069307,0.34245472837022134,0.6185567010309279
0.22024697031782792,850,1635,105,1410,0.4630541871921182,0.9306930693069307,0.3420523138832998,0.618421052631579
0.22017565780713585,849,1636,105,1410,0.4629021667760998,0.9306930693069307,0.34164989939637824,0.6182854637140978
0.22009741738882288,848,1637,105,1410,0.46275024614374793,0.9306930693069307,0.3412474849094567,0.6181499342393687
0.22000584973465237,848,1637,104,1411,0.4629265091863517,0.9313531353135314,0.3412474849094567,0.6184527722989261
0.21998086467099423,848,1637,103,1412,0.4631026566087242,0.932013201320132,0.3412474849094567,0.6187554776511832
0.21990980965544277,847,1638,103,1412,0.46295081967213114,0.932013201320132,0.3408450704225352,0.6186199342825849
0.21986625715334635,846,1639,103,1412,0.46279908226810884,0.932013201320132,0.3404426559356137,0.6184844502847131
0.2198058599760509,846,1639,102,1413,0.4629750982961992,0.9326732673267327,0.3404426559356137,0.6187869498576746
0.21979938381312816,846,1639,101,1414,0.46315099901735995,0.9333333333333333,0.3404426559356137,0.6190893169877408
0.21978121802063294,845,1640,101,1414,0.4629993451211526,0.9333333333333333,0.34004024144869216,0.6189538192164588
0.21971544043045563,844,1641,101,1414,0.46284779050736496,0.9333333333333333,0.33963782696177064,0.6188183807439825
0.219515423316342,844,1641,100,1415,0.4630235602094241,0.933993399339934,0.33963782696177064,0.6191205425508641
0.21951134738538144,843,1642,100,1415,0.4628720968269545,0.933993399339934,0.3392354124748491,0.6189851268591426
0.21949770928716944,843,1642,99,1416,0.4630477436232832,0.9346534653465347,0.3392354124748491,0.619287120052482
0.21934771916095291,842,1643,99,1416,0.46289637136319056,0.9346534653465347,0.33883299798792754,0.6191517271534762
0.21932971117402886,841,1644,99,1416,0.4627450980392157,0.9346534653465347,0.338430583501006,0.6190163934426229
0.21929346967363528,840,1645,99,1416,0.462593923554394,0.9346534653465347,0.3380281690140845,0.6188811188811189
0.21920691525757027,839,1646,99,1416,0.46244284781188766,0.9346534653465347,0.337625754527163,0.6187459034301944
0.21917990438046375,838,1647,99,1416,0.4622918707149853,0.9346534653465347,0.33722334004024146,0.6186107470511141
0.2191304387486525,837,1648,99,1416,0.4621409921671018,0.9346534653465347,0.33682092555331994,0.6184756497051758
0.21911463539298195,836,1649,99,1416,0.46199021207177815,0.9346534653465347,0.3364185110663984,0.6183406113537118
0.2190903755524576,835,1650,99,1416,0.461839530332681,0.9346534653465347,0.33601609657947684,0.6182056319580878
0.2190843113213118,834,1651,99,1416,0.46168894685360284,0.9346534653465347,0.3356136820925553,0.6180707114797032
0.21906177102262542,833,1652,99,1416,0.46153846153846156,0.9346534653465347,0.3352112676056338,0.6179358498799913
0.2190517712485019,832,1653,99,1416,0.4613880742913001,0.9346534653465347,0.3348088531187123,0.6178010471204188
0.21898586901960865,831,1654,99,1416,0.46123778501628665,0.9346534653465347,0.33440643863179076,0.6176663031624864
0.21886830746894684,830,1655,99,1416,0.4610875936177141,0.9346534653465347,0.33400402414486924,0.6175316179677278
0.21872918939473712,830,1655,98,1417,0.4612630208333333,0.9353135313531353,0.33400402414486924,0.6178330063222149
0.2184780183797822,829,1656,98,1417,0.4611129189716889,0.9353135313531353,0.33360160965794766,0.6176983435047951
0.21831745579405368,828,1657,98,1417,0.46096291476903056,0.9353135313531353,0.33319919517102614,0.6175637393767706
0.21830787242056238,828,1657,97,1418,0.4611382113821138,0.935973597359736,0.33319919517102614,0.6178649237472766
0.21810587963504868,828,1657,96,1419,0.4613133940182055,0.9366336633663367,0.33319919517102614,0.6181659769113483
0.21807309393063248,827,1658,96,1419,0.4611634709132272,0.9366336633663367,0.3327967806841046,0.6180313588850174
0.21806055070226293,826,1659,96,1419,0.46101364522417154,0.9366336633663367,0.3323943661971831,0.6178967994774657
0.21788058832017906,825,1660,96,1419,0.4608639168561221,0.9366336633663367,0.3319919517102616,0.6177622986504135
0.217817153585909,824,1661,96,1419,0.4607142857142857,0.9366336633663367,0.33158953722334006,0.6176278563656148
0.21774808925661987,823,1662,96,1419,0.4605647517039922,0.9366336633663367,0.33118712273641854,0.6174934725848564
0.21773117711807377,823,1662,95,1420,0.4607397793640493,0.9372937293729373,0.33118712273641854,0.6177942136175767
0.21769130581763402,822,1663,95,1420,0.4605903340901719,0.9372937293729373,0.33078470824949696,0.6176598521096128
0.21761933361228392,822,1663,94,1421,0.4607652399481193,0.9379537953795379,0.33078470824949696,0.6179604261796042
0.21760663067076494,821,1664,94,1421,0.4606158833063209,0.9379537953795379,0.33038229376257544,0.6178260869565217
0.217466635919636,820,1665,94,1421,0.46046662346079065,0.9379537953795379,0.3299798792756539,0.6176918061291023
0.2173632142162697,820,1665,93,1422,0.4606413994169096,0.9386138613861386,0.3299798792756539,0.6179921773142112
0.21727369620211207,819,1666,93,1422,0.46049222797927464,0.9386138613861386,0.3295774647887324,0.6178579187486422
0.2171659471311824,818,1667,93,1422,0.4603431531239883,0.9386138613861386,0.3291750503018109,0.6177237185056472
0.21716427116029663,817,1668,93,1422,0.4601941747572815,0.9386138613861386,0.32877263581488936,0.6175895765472312
0.2170133217353649,816,1669,93,1422,0.4600452927855063,0.9386138613861386,0.3283702213279678,0.617455492835432
0.2168880245863633,816,1669,92,1423,0.4602199223803364,0.9392739273927393,0.3283702213279678,0.617755589320599
0.21687637865031278,815,1670,92,1423,0.46007112835434855,0.9392739273927393,0.32796780684104626,0.6176215277777778
0.21687177127598087,814,1671,92,1423,0.4599224305106658,0.9392739273927393,0.32756539235412474,0.6174875244087654
0.21667771230310806,814,1671,91,1424,0.46009693053311795,0.9399339933993399,0.32756539235412474,0.6177874186550976
0.2166227977475864,813,1672,91,1424,0.4599483204134367,0.9399339933993399,0.3271629778672032,0.6176534374322273
0.21661346194639142,812,1673,91,1424,0.4597998062641266,0.9399339933993399,0.3267605633802817,0.6175195143104943
0.21660422966086904,812,1673,90,1425,0.45997417688831505,0.9405940594059405,0.3267605633802817,0.6178192065900715
0.21654559160945733,811,1674,90,1425,0.45982575024201355,0.9405940594059405,0.3263581488933602,0.6176853055916776
0.21652657344427434,810,1675,90,1425,0.4596774193548387,0.9405940594059405,0.32595573440643866,0.6175514626218852
0.21645688142083339,809,1676,90,1425,0.4595291841341503,0.9405940594059405,0.3255533199195171,0.6174176776429809
0.2164322911434347,808,1677,90,1425,0.45938104448742745,0.9405940594059405,0.32515090543259556,0.6172839506172839
0.21615092076211548,807,1678,90,1425,0.45923300032226877,0.9405940594059405,0.32474849094567404,0.6171502815071459
0.21597964717095555,806,1679,90,1425,0.45908505154639173,0.9405940594059405,0.3243460764587525,0.6170166702749513
0.21586537611430476,805,1680,90,1425,0.45893719806763283,0.9405940594059405,0.323943661971831,0.6168831168831169
0.21580868509042134,804,1681,90,1425,0.4587894397939472,0.9405940594059405,0.3235412474849095,0.6167496212940922
0.21572155700163492,803,1682,90,1425,0.45864177663340844,0.9405940594059405,0.3231388329979879,0.6166161834703592
0.2156631372417847,802,1683,90,1425,0.4584942084942085,0.9405940594059405,0.3227364185110664,0.6164828033744322
0.21552565395369,801,1684,90,1425,0.45834673528465747,0.9405940594059405,0.32233400402414486,0.6163494809688581
0.21545024446800776,800,1685,90,1425,0.45819935691318325,0.9405940594059405,0.32193158953722334,0.6162162162162163
0.21533910712210716,799,1686,90,1425,0.45805207328833175,0.9405940594059405,0.3215291750503018,0.6160830090791181
0.21533718470506183,799,1686,89,1426,0.4582262210796915,0.9412541254125413,0.3215291750503018,0.6163821050356603
0.21521970719712527,798,1687,89,1426,0.4580790234500482,0.9412541254125413,0.3211267605633803,0.6162489196197062
0.21520151791073502,797,1688,89,1426,0.457931920359666,0.9412541254125413,0.3207243460764588,0.6161157917476777
0.21482735639783698,796,1689,89,1426,0.45778491171749597,0.9412541254125413,0.3203219315895372,0.6159827213822894
0.21482612579301152,796,1689,88,1427,0.4579589216944801,0.9419141914191419,0.3203219315895372,0.616281580652127
0.21478399237553097,795,1690,88,1427,0.4578119987167148,0.9419141914191419,0.3199195171026157,0.6161485319516408
0.21458385602171645,794,1691,88,1427,0.4576651699807569,0.9419141914191419,0.31951710261569416,0.6160155406863803
0.2139870425752577,793,1692,88,1427,0.45751843539596027,0.9419141914191419,0.31911468812877264,0.6158826068191627
0.21342945669179458,793,1692,87,1428,0.4576923076923077,0.9425742574257425,0.31911468812877264,0.6161812297734628
0.21331748669253492,792,1693,87,1428,0.4575456584428068,0.9425742574257425,0.3187122736418511,0.6160483175150993
0.2131080063700232,791,1694,87,1428,0.45739910313901344,0.9425742574257425,0.3183098591549296,0.615915462583567
0.2130408928742268,790,1695,87,1428,0.457252641690682,0.9425742574257425,0.317907444668008,0.6157826649417852
0.21302353410989874,789,1696,87,1428,0.45710627400768244,0.9425742574257425,0.3175050301810865,0.6156499245527053
0.21300976313359266,788,1697,87,1428,0.45696,0.9425742574257425,0.317102615694165,0.6155172413793103
0.21300262029636202,788,1697,86,1429,0.4571337172104926,0.9432343234323433,0.317102615694165,0.6158155569920276
0.21276571032726904,787,1698,86,1429,0.45698752798209147,0.9432343234323433,0.31670020120724346,0.6156828953037484
0.21271649257988826,786,1699,86,1429,0.45684143222506396,0.9432343234323433,0.31629778672032194,0.6155502907602843
0.2125814688820073,785,1700,86,1429,0.4566954298497923,0.9432343234323433,0.3158953722334004,0.6154177433247201
0.21225747724377927,784,1701,86,1429,0.4565495207667732,0.9432343234323433,0.3154929577464789,0.6152852529601722
0.21209006687744206,783,1702,86,1429,0.4564037048866177,0.9432343234323433,0.3150905432595573,0.6151528196297891
0.21204754279860963,782,1703,86,1429,0.4562579821200511,0.9432343234323433,0.3146881287726358,0.6150204432967505
0.2118757358445379,781,1704,86,1429,0.45611235237791253,0.9432343234323433,0.3142857142857143,0.6148881239242685
0.21158359779152566,780,1705,86,1429,0.4559668155711551,0.9432343234323433,0.31388329979879276,0.6147558614755861
0.21142980712672896,779,1706,86,1429,0.4558213716108453,0.9432343234323433,0.31348088531187124,0.6146236559139785
0.21111631862335764,778,1707,86,1429,0.45567602040816324,0.9432343234323433,0.3130784708249497,0.6144915072027521
0.21110487173613338,778,1707,85,1430,0.4558495377749442,0.9438943894389439,0.3130784708249497,0.6147893379191746
0.2108890428514928,777,1708,85,1430,0.455704270235819,0.9438943894389439,0.3126760563380282,0.6146572104018913
0.21058853248548623,776,1709,85,1430,0.4555590952532654,0.9438943894389439,0.3122736418511066,0.6145251396648045
0.21043589309583471,775,1710,85,1430,0.4554140127388535,0.9438943894389439,0.3118712273641851,0.6143931256713212
0.21029039246399378,774,1711,85,1430,0.45526902260426616,0.9438943894389439,0.3114688128772636,0.6142611683848798
0.21006948377674498,773,1712,85,1430,0.45512412476129854,0.9438943894389439,0.31106639839034206,0.6141292677689499
0.21000219596373065,772,1713,85,1430,0.4549793191218581,0.9438943894389439,0.31066398390342054,0.613997423787033
0.2098025360602262,771,1714,85,1430,0.4548346055979644,0.9438943894389439,0.310261569416499,0.6138656364026616
0.20958483691436058,770,1715,85,1430,0.4546899841017488,0.9438943894389439,0.30985915492957744,0.6137339055793991
0.2095336471167954,770,1715,84,1431,0.45486331849968215,0.9445544554455445,0.30985915492957744,0.6140313237502681
0.2095327385692503,769,1716,84,1431,0.4547187797902765,0.9445544554455445,0.3094567404426559,0.6138996138996139
0.20945823266394983,769,1716,83,1432,0.4548919949174079,0.9452145214521452,0.3094567404426559,0.6141968689684753
0.2092893350502345,768,1717,83,1432,0.4547475389012385,0.9452145214521452,0.3090543259557344,0.614065180102916
0.20927538359384434,767,1718,83,1432,0.4546031746031746,0.9452145214521452,0.3086519114688129,0.6139335476956056
0.20912376041702022,766,1719,83,1432,0.4544589019358934,0.9452145214521452,0.30824949698189136,0.6138019717102443
0.20903370182157754,765,1720,83,1432,0.4543147208121827,0.9452145214521452,0.30784708249496984,0.6136704521105635
0.2086145242697911,764,1721,83,1432,0.45417063114494133,0.9452145214521452,0.3074446680080483,0.6135389888603257
0.20850022072075203,763,1722,83,1432,0.4540266328471782,0.9452145214521452,0.30704225352112674,0.613407581923324
0.20838022705077502,762,1723,83,1432,0.45388272583201267,0.9452145214521452,0.3066398390342052,0.6132762312633833
0.20824377227632038,761,1724,83,1432,0.45373891001267425,0.9452145214521452,0.3062374245472837,0.6131449368443588
0.20824083345431235,760,1725,83,1432,0.45359518530250237,0.9452145214521452,0.3058350100603622,0.613013698630137
0.20799661210637374,759,1726,83,1432,0.45345155161494616,0.9452145214521452,0.30543259557344066,0.6128825165846351
0.20785880883332505,758,1727,83,1432,0.4533080088635644,0.9452145214521452,0.30503018108651914,0.6127513906718015
0.20770223518626804,757,1728,83,1432,0.4531645569620253,0.9452145214521452,0.30462776659959756,0.612620320855615
0.20769345779054593,756,1729,83,1432,0.45302119582410627,0.9452145214521452,0.30422535211267604,0.6124893071000855
0.20755754171471616,755,1730,83,1432,0.45287792536369387,0.9452145214521452,0.3038229376257545,0.6123583493692538
0.20740568807031373,755,1730,82,1433,0.4530509010433133,0.9458745874587459,0.3038229376257545,0.612654980761009
0.20700897884362857,755,1730,81,1434,0.4532237673830594,0.9465346534653465,0.3038229376257545,0.6129514853601197
0.20694238934414963,755,1730,80,1435,0.45339652448657186,0.9471947194719472,0.3038229376257545,0.6132478632478633
0.20690852412353963,755,1730,79,1436,0.45356917245735945,0.9478547854785478,0.3038229376257545,0.6135441145054475
0.20689915942448195,754,1731,79,1436,0.45342595516261447,0.9478547854785478,0.303420523138833,0.6134130713370355
0.20679095131525063,753,1732,79,1436,0.4532828282828283,0.9478547854785478,0.3030181086519115,0.6132820841341021
0.20676381264860647,752,1733,79,1436,0.4531397917324077,0.9478547854785478,0.30261569416498996,0.6131511528608027
0.20673657748562052,751,1734,79,1436,0.4529968454258675,0.9478547854785478,0.30221327967806844,0.6130202774813234
0.20648180569293892,750,1735,79,1436,0.4528539892778303,0.9478547854785478,0.30181086519114686,0.6128894579598805
0.20637471590919795,749,1736,79,1436,0.4527112232030265,0.9478547854785478,0.30140845070422534,0.6127586942607212
0.20637161707988066,748,1737,79,1436,0.45256854711629374,0.9478547854785478,0.3010060362173038,0.6126279863481229
0.2063312250556288,747,1738,79,1436,0.4524259609325772,0.9478547854785478,0.3006036217303823,0.6124973341863937
0.20607201628329075,747,1738,78,1437,0.4525984251968504,0.9485148514851485,0.3006036217303823,0.6127931769722814
0.20606119226249203,746,1739,78,1437,0.452455919395466,0.9485148514851485,0.3002012072434608,0.6126625452995097
0.2059659511591763,745,1740,78,1437,0.4523135033050047,0.9485148514851485,0.29979879275653926,0.612531969309463
0.2059368563757794,744,1741,78,1437,0.45217117684078034,0.9485148514851485,0.2993963782696177,0.6124014489665459
0.20585379639142642,743,1742,78,1437,0.4520289399182133,0.9485148514851485,0.29899396378269616,0.6122709842351939
0.20581327194363855,742,1743,78,1437,0.4518867924528302,0.9485148514851485,0.29859154929577464,0.6121405750798722
0.20580117450871005,741,1744,78,1437,0.4517447343602641,0.9485148514851485,0.2981891348088531,0.6120102214650767
0.20570385026938293,740,1745,78,1437,0.45160276555625395,0.9485148514851485,0.2977867203219316,0.6118799233553331
0.20568468553000252,739,1746,78,1437,0.4514608859566447,0.9485148514851485,0.2973843058350101,0.611749680715198
0.2055342074280245,738,1747,78,1437,0.4513190954773869,0.9485148514851485,0.29698189134808856,0.6116194935092573
0.20550808319391686,737,1748,78,1437,0.4511773940345369,0.9485148514851485,0.296579476861167,0.6114893617021276
0.20550281935831433,737,1748,77,1438,0.45134965473948524,0.9491749174917492,0.296579476861167,0.6117847266539034
0.205414513589194,736,1749,77,1438,0.4512080326325698,0.9491749174917492,0.29617706237424546,0.6116546150574224
0.20534505767653008,735,1750,77,1438,0.4510664993726474,0.9491749174917492,0.29577464788732394,0.6115245587922603
0.20531939015426515,734,1751,77,1438,0.4509250548761367,0.9491749174917492,0.2953722334004024,0.6113945578231292
0.2051985859523633,733,1752,77,1438,0.4507836990595611,0.9491749174917492,0.2949698189134809,0.6112646121147716
0.2051102345751003,732,1753,77,1438,0.4506424318395487,0.9491749174917492,0.2945674044265594,0.6111347216319593
0.2050311957020425,731,1754,77,1438,0.45050125313283207,0.9491749174917492,0.2941649899396378,0.6110048863394943
0.204860472381653,730,1755,77,1438,0.450360162856248,0.9491749174917492,0.2937625754527163,0.610875106202209
0.20480411904970747,729,1756,77,1438,0.45021916092673764,0.9491749174917492,0.29336016096579476,0.6107453811849649
0.20470598691014594,729,1756,76,1439,0.4503912363067293,0.9498349834983498,0.29336016096579476,0.6110403397027601
0.20456923892416495,728,1757,76,1439,0.4502503128911139,0.9498349834983498,0.29295774647887324,0.6109106346847804
0.2045338065854141,727,1758,76,1439,0.4501094776352831,0.9498349834983498,0.2925553319919517,0.6107809847198642
0.20440071571756196,727,1758,75,1440,0.450281425891182,0.9504950495049505,0.2925553319919517,0.611075747931254
0.20420138668403695,726,1759,75,1440,0.4501406689590497,0.9504950495049505,0.2921529175050302,0.6109461179465422
0.2041525789410226,725,1760,75,1440,0.45,0.9504950495049505,0.2917505030181087,0.6108165429480382
0.2041010225327476,724,1761,75,1440,0.4498594189315839,0.9504950495049505,0.2913480885311871,0.6106870229007634
0.20393311544223594,723,1762,75,1440,0.4497189256714553,0.9504950495049505,0.2909456740442656,0.6105575577697689
0.20382183705945464,722,1763,75,1440,0.4495785201373712,0.9504950495049505,0.29054325955734406,0.6104281475201356
0.20372027615196306,721,1764,75,1440,0.449438202247191,0.9504950495049505,0.29014084507042254,0.6102987921169739
0.2036982793522659,720,1765,75,1440,0.44929797191887677,0.9504950495049505,0.289738430583501,0.6101694915254238
0.20352417026128958,719,1766,75,1440,0.44915782907049284,0.9504950495049505,0.2893360160965795,0.6100402457106545
0.2035182742571875,719,1766,74,1441,0.4493295915185532,0.9511551155115512,0.2893360160965795,0.6103346039813639
0.2033039990060753,718,1767,74,1441,0.44918952618453867,0.9511551155115512,0.288933601609658,0.6102053779377514
0.20328347439053857,717,1768,74,1441,0.4490495481458398,0.9511551155115512,0.2885311871227364,0.6100762066045724
0.2029453778629541,716,1769,74,1441,0.4489096573208723,0.9511551155115512,0.2881287726358149,0.6099470899470899
0.20290356335626175,716,1769,73,1442,0.4490812830893803,0.9518151815181518,0.2881287726358149,0.6102412187896742
0.2028629070540196,715,1770,73,1442,0.4489414694894147,0.9518151815181518,0.28772635814889336,0.6101121218531839
0.202813807447011,714,1771,73,1442,0.44880174291938996,0.9518151815181518,0.28732394366197184,0.6099830795262268
0.20264905517833412,713,1772,73,1442,0.44866210329807094,0.9518151815181518,0.2869215291750503,0.6098540917741594
0.20261870192965545,712,1773,73,1442,0.4485225505443235,0.9518151815181518,0.2865191146881288,0.6097251585623679
0.20227801258262407,712,1773,72,1443,0.44869402985074625,0.9524752475247524,0.2865191146881288,0.6100190234622701
0.20221994287250514,711,1774,72,1443,0.448554553932235,0.9524752475247524,0.2861167002012072,0.6098901098901099
0.20218467711780722,710,1775,72,1443,0.44841516469857057,0.9524752475247524,0.2857142857142857,0.6097612507923094
0.20211133542483634,709,1776,72,1443,0.4482758620689655,0.9524752475247524,0.2853118712273642,0.6096324461343473
0.2020709276919442,708,1777,72,1443,0.4481366459627329,0.9524752475247524,0.28490945674044266,0.6095036958817318
0.2020495820935721,707,1778,72,1443,0.4479975162992859,0.9524752475247524,0.28450704225352114,0.609375
0.20189478106187295,707,1778,71,1444,0.44816883923029177,0.9531353135313532,0.28450704225352114,0.6096685666033355
0.20187599836398135,706,1779,71,1444,0.448029785913745,0.9531353135313532,0.2841046277665996,0.6095398902490502
0.20164547564533164,705,1780,71,1444,0.4478908188585608,0.9531353135313532,0.2837022132796781,0.6094112682000422
0.2013980615659046,704,1781,71,1444,0.44775193798449614,0.9531353135313532,0.2832997987927565,0.6092827004219409
0.2013384384606883,703,1782,71,1444,0.4476131432114073,0.9531353135313532,0.282897384305835,0.609154186880405
0.20127651269320326,702,1783,71,1444,0.44747443445925006,0.9531353135313532,0.2824949698189135,0.6090257275411219
0.20102469047403138,701,1784,71,1444,0.4473358116480793,0.9531353135313532,0.28209255533199196,0.6088973223698081
0.200984315625634,700,1785,71,1444,0.44719727469804893,0.9531353135313532,0.28169014084507044,0.6087689713322091
0.2009642939851939,699,1786,71,1444,0.4470588235294118,0.9531353135313532,0.2812877263581489,0.6086406743940991
0.2009537705423422,698,1787,71,1444,0.44692045806251934,0.9531353135313532,0.28088531187122734,0.6085124315212811
0.2009490453789711,697,1788,71,1444,0.4467821782178218,0.9531353135313532,0.2804828973843058,0.6083842426795871
0.2007557533787758,696,1789,71,1444,0.4466439839158676,0.9531353135313532,0.2800804828973843,0.6082561078348778
0.20018290840670902,695,1790,71,1444,0.44650587507730366,0.9531353135313532,0.2796780684104628,0.6081280269530428
0.20018120351104599,694,1791,71,1444,0.4463678516228748,0.9531353135313532,0.27927565392354126,0.608
0.19999578889288702,693,1792,71,1444,0.446229913473424,0.9531353135313532,0.27887323943661974,0.6078720269416965
0.19992800845373285,692,1793,71,1444,0.44609206054989187,0.9531353135313532,0.2784708249496982,0.6077441077441077
0.19992505767381683,691,1794,71,1444,0.4459542927733169,0.9531353135313532,0.27806841046277664,0.607616242373238
0.19983155634148997,690,1795,71,1444,0.4458166100648348,0.9531353135313532,0.2776659959758551,0.6074884307951199
0.1998294684200797,689,1796,71,1444,0.445679012345679,0.9531353135313532,0.2772635814889336,0.607360672975815
0.19972535050433926,688,1797,71,1444,0.44554149953717986,0.9531353135313532,0.2768611670020121,0.607232968881413
0.19956425195620545,687,1798,71,1444,0.44540407156076495,0.9531353135313532,0.27645875251509056,0.6071053184780324
0.19955425415877998,686,1799,71,1444,0.44526672833795866,0.9531353135313532,0.27605633802816903,0.6069777217318201
0.1994122189363353,685,1800,71,1444,0.44512946979038226,0.9531353135313532,0.27565392354124746,0.6068501786089514
0.1993443356999295,684,1801,71,1444,0.44499229583975347,0.9531353135313532,0.27525150905432594,0.6067226890756302
0.19908757357083448,683,1802,71,1444,0.4448552064078866,0.9531353135313532,0.2748490945674044,0.6065952530980886
0.19899796002698666,682,1803,71,1444,0.4447182014166923,0.9531353135313532,0.2744466800804829,0.6064678706425871
0.19898558472611902,681,1804,71,1444,0.4445812807881773,0.9531353135313532,0.2740442655935614,0.6063405416754146
0.19895354107213273,680,1805,71,1444,0.4444444444444444,0.9531353135313532,0.27364185110663986,0.6062132661628883
0.19890868906832168,679,1806,71,1444,0.4443076923076923,0.9531353135313532,0.27323943661971833,0.6060860440713536
0.1988949344830223,679,1806,70,1445,0.44447862196247306,0.9537953795379538,0.27323943661971833,0.6063785144775493
0.19886135576258443,678,1807,70,1445,0.44434194341943417,0.9537953795379538,0.27283702213279676,0.606251311097126
0.19881465195110007,677,1808,70,1445,0.44420534890869967,0.9537953795379538,0.27243460764587524,0.6061241610738255
0.19881251807241912,676,1809,70,1445,0.44406883835279654,0.9537953795379538,0.2720321931589537,0.6059970643740826
0.19879787343101918,675,1810,70,1445,0.44393241167434716,0.9537953795379538,0.2716297786720322,0.6058700209643606
0.19869951344550812,674,1811,70,1445,0.4437960687960688,0.9537953795379538,0.2712273641851107,0.6057430308111507
0.198271135464913,673,1812,70,1445,0.44365980964077373,0.9537953795379538,0.27082494969818915,0.6056160938809724
0.1982520394463234,672,1813,70,1445,0.4435236341313689,0.9537953795379538,0.2704225352112676,0.6054892101403729
0.19824904658684486,671,1814,70,1445,0.4433875421908561,0.9537953795379538,0.27002012072434606,0.605362379555928
0.1982072553659714,670,1815,70,1445,0.4432515337423313,0.9537953795379538,0.26961770623742454,0.6052356020942409
0.1981714964328394,669,1816,70,1445,0.443115608708985,0.9537953795379538,0.269215291750503,0.605108877721943
0.19815266196298933,668,1817,70,1445,0.4429797670141018,0.9537953795379538,0.2688128772635815,0.604982206405694
0.19801974088587096,667,1818,70,1445,0.4428440085810604,0.9537953795379538,0.26841046277666,0.6048555881121809
0.19794933939372997,666,1819,70,1445,0.4427083333333333,0.9537953795379538,0.26800804828973845,0.6047290228081188
0.19759606690791498,665,1820,70,1445,0.442572741194487,0.9537953795379538,0.2676056338028169,0.604602510460251
0.19736402282661672,664,1821,70,1445,0.44243723208818125,0.9537953795379538,0.26720321931589536,0.6044760510353483
0.19723465426121445,663,1822,70,1445,0.4423018059381696,0.9537953795379538,0.26680080482897384,0.6043496445002091
0.19720005977292132,662,1823,70,1445,0.4421664626682987,0.9537953795379538,0.2663983903420523,0.60422329082166
0.19707092933554765,661,1824,70,1445,0.4420312022025084,0.9537953795379538,0.2659959758551308,0.6040969899665551
0.19707019167341558,660,1825,70,1445,0.4418960244648318,0.9537953795379538,0.2655935613682093,0.6039707419017764
0.1970270006172559,659,1826,70,1445,0.4417609293793947,0.9537953795379538,0.26519114688128775,0.6038445465942331
0.19698425306429865,658,1827,70,1445,0.44162591687041564,0.9537953795379538,0.2647887323943662,0.6037184040108627
0.19697053676630677,657,1828,70,1445,0.44149098686220595,0.9537953795379538,0.26438631790744466,0.6035923141186299
0.1968821014014665,656,1829,70,1445,0.4413561392791692,0.9537953795379538,0.26398390342052314,0.603466276884527
0.19684288358014457,655,1830,70,1445,0.44122137404580153,0.9537953795379538,0.2635814889336016,0.6033402922755741
0.19672911516323824,654,1831,70,1445,0.4410866910866911,0.9537953795379538,0.2631790744466801,0.6032143602588186
0.19667677479043058,653,1832,70,1445,0.44095209032651816,0.9537953795379538,0.2627766599597586,0.6030884808013356
0.1966211648155864,652,1833,70,1445,0.4408175716900549,0.9537953795379538,0.262374245472837,0.6029626538702274
0.19656490726683556,651,1834,70,1445,0.4406831351021653,0.9537953795379538,0.2619718309859155,0.6028368794326241
0.19654888249677502,650,1835,70,1445,0.4405487804878049,0.9537953795379538,0.26156941649899396,0.602711157455683
0.19646397186878717,649,1836,70,1445,0.44041450777202074,0.9537953795379538,0.26116700201207244,0.6025854879065888
0.19645490597737159,648,1837,70,1445,0.44028031687995123,0.9537953795379538,0.2607645875251509,0.6024598707525537
0.1963782108422203,647,1838,70,1445,0.44014620773682606,0.9537953795379538,0.2603621730382294,0.602334305960817
0.19631705627374266,646,1839,70,1445,0.4400121802679659,0.9537953795379538,0.2599597585513079,0.6022087934986455
0.1963124079200379,645,1840,70,1445,0.4398782343987823,0.9537953795379538,0.2595573440643863,0.6020833333333333
0.1960971526131215,644,1841,70,1445,0.43974437005477784,0.9537953795379538,0.2591549295774648,0.6019579254322016
0.1955557527217694,643,1842,70,1445,0.4396105871615455,0.9537953795379538,0.25875251509054326,0.6018325697625989
0.19549509006571428,642,1843,70,1445,0.43947688564476883,0.9537953795379538,0.25835010060362174,0.6017072662919009
0.19548923670723548,641,1844,70,1445,0.43934326543022195,0.9537953795379538,0.2579476861167002,0.6015820149875104
0.1952943897769605,640,1845,70,1445,0.439209726443769,0.9537953795379538,0.2575452716297787,0.6014568158168574
0.19529315762422933,639,1846,70,1445,0.43907626861136434,0.9537953795379538,0.2571428571428571,0.6013316687473991
0.19527787164628055,638,1847,70,1445,0.4389428918590523,0.9537953795379538,0.2567404426559356,0.6012065737466196
0.1950302951495071,637,1848,70,1445,0.4388095961129669,0.9537953795379538,0.2563380281690141,0.60108153078203
0.19500517250978303,636,1849,70,1445,0.4386763812993321,0.9537953795379538,0.25593561368209256,0.6009565398211686
0.19497957487723827,635,1850,70,1445,0.4385432473444613,0.9537953795379538,0.25553319919517103,0.6008316008316008
0.19495628254581115,634,1851,70,1445,0.4384101941747573,0.9537953795379538,0.2551307847082495,0.6007067137809188
0.19490792580822455,633,1852,70,1445,0.4382772217167122,0.9537953795379538,0.254728370221328,0.6005818786367415
0.19473061332266742,632,1853,70,1445,0.4381443298969072,0.9537953795379538,0.2543259557344064,0.6004570953667151
0.19458798226993065,631,1854,70,1445,0.4380115186420127,0.9537953795379538,0.2539235412474849,0.6003323639385126
0.19457849326215465,630,1855,70,1445,0.43787878787878787,0.9537953795379538,0.2535211267605634,0.6002076843198338
0.19446585665551733,629,1856,70,1445,0.4377461375340806,0.9537953795379538,0.25311871227364185,0.6000830564784053
0.19430519502137156,629,1856,69,1446,0.43791641429436706,0.9544554455445544,0.25311871227364185,0.6003736765621757
0.19418634232163165,628,1857,69,1446,0.43778383287920075,0.9544554455445544,0.25271629778672033,0.6002490660024906
0.19412103506891262,627,1858,69,1446,0.43765133171912834,0.9544554455445544,0.2523138832997988,0.6001245071591617
0.19404718426257164,626,1859,69,1446,0.43751891074130106,0.9544554455445544,0.25191146881287724,0.6
0.19398493051088658,625,1860,69,1446,0.43738656987295826,0.9544554455445544,0.2515090543259557,0.5998755444928439
0.193896656606958,624,1861,69,1446,0.43725430904142726,0.9544554455445544,0.2511066398390342,0.5997511406055579
0.19384147852960437,623,1862,69,1446,0.4371221281741233,0.9544554455445544,0.2507042253521127,0.5996267883060336
0.19379406470267455,622,1863,69,1446,0.4369900271985494,0.9544554455445544,0.25030181086519115,0.599502487562189
0.19336667868763144,621,1864,69,1446,0.4368580060422961,0.9544554455445544,0.2498993963782696,0.5993782383419689
0.19336250606162048,620,1865,69,1446,0.43672606463304137,0.9544554455445544,0.24949698189134809,0.5992540406133444
0.19315365121844089,619,1866,69,1446,0.4365942028985507,0.9544554455445544,0.24909456740442656,0.5991298943443132
0.19312095762650164,618,1867,69,1446,0.43646242076667674,0.9544554455445544,0.24869215291750504,0.5990057995028998
0.19292679301934107,617,1868,69,1446,0.43633071816535907,0.9544554455445544,0.2482897384305835,0.5988817560571547
0.19285957007877516,616,1869,69,1446,0.43619909502262444,0.9544554455445544,0.24788732394366197,0.5987577639751552
0.19271902295966184,615,1870,69,1446,0.43606755126658625,0.9544554455445544,0.24748490945674045,0.5986338232250051
0.19269767677422084,615,1870,68,1447,0.4362375640639132,0.9551155115511551,0.24748490945674045,0.5989238410596026
0.1925620031038597,614,1871,68,1447,0.4361060880048222,0.9551155115511551,0.2470824949698189,0.5987999172356714
0.1924892625865594,613,1872,68,1447,0.4359746911720398,0.9551155115511551,0.24668008048289738,0.5986760446834919
0.19245070101928224,612,1873,68,1447,0.4358433734939759,0.9551155115511551,0.24627766599597586,0.5985522233712512
0.19239453924691802,612,1873,67,1448,0.4360132490213791,0.9557755775577558,0.24627766599597586,0.5988420181968569
0.19237824654694438,611,1874,67,1448,0.43588199879590606,0.9557755775577558,0.24587525150905432,0.598718213768865
0.19217228301634323,610,1875,67,1448,0.4357508275654529,0.9557755775577558,0.2454728370221328,0.5985944605208764
0.19206018170408737,609,1876,67,1448,0.43561973525872444,0.9557755775577558,0.24507042253521127,0.5984707584211614
0.19197771733735342,608,1877,67,1448,0.43548872180451126,0.9557755775577558,0.24466800804828973,0.5983471074380166
0.1919679827642325,607,1878,67,1448,0.4353577871316897,0.9557755775577558,0.2442655935613682,0.5982235075397645
0.19180834058927831,606,1879,67,1448,0.4352269311692215,0.9557755775577558,0.24386317907444668,0.5980999586947542
0.19157219676439147,605,1880,67,1448,0.43509615384615385,0.9557755775577558,0.24346076458752516,0.5979764608713607
0.19153178052701741,604,1881,67,1448,0.4349654550916191,0.9557755775577558,0.24305835010060362,0.5978530140379852
0.19153087625232182,604,1881,66,1449,0.43513513513513513,0.9564356435643564,0.24305835010060362,0.5981424148606811
0.19145879620882275,603,1882,66,1449,0.43500450315220657,0.9564356435643564,0.2426559356136821,0.598018984729674
0.19144241365556416,602,1883,66,1449,0.43487394957983194,0.9564356435643564,0.24225352112676057,0.5978956055291933
0.1912616611540809,601,1884,66,1449,0.43474347434743477,0.9564356435643564,0.24185110663983903,0.5977722772277227
0.1912266512583621,600,1885,66,1449,0.4346130773845231,0.9564356435643564,0.2414486921529175,0.597648999793772
0.191113330695424,599,1886,66,1449,0.43448275862068964,0.9564356435643564,0.24104627766599598,0.5975257731958763
0.19094436016931554,599,1886,65,1450,0.43465227817745805,0.9570957095709571,0.24104627766599598,0.5978148835291692
0.19062853696973334,598,1887,65,1450,0.43452202577165117,0.9570957095709571,0.24064386317907444,0.597691673536686
0.19040869760862925,598,1887,64,1451,0.4346914319952067,0.9577557755775578,0.24064386317907444,0.5979806305378117
0.19009198218660464,597,1888,64,1451,0.4345612458820006,0.9577557755775578,0.24024144869215291,0.5978574371652245
0.18992833630163417,596,1889,64,1451,0.4344311377245509,0.9577557755775578,0.2398390342052314,0.5977342945417096
0.1898363877521556,596,1889,63,1452,0.4346004190362167,0.9584158415841584,0.2398390342052314,0.5980230642504119
0.18961515543638316,595,1890,63,1452,0.43447037701974867,0.9584158415841584,0.23943661971830985,0.5978999382334774
0.18960901595403043,594,1891,63,1452,0.43434041280287167,0.9584158415841584,0.23903420523138832,0.5977768629065459
0.18903310846005897,594,1891,62,1453,0.43450956937799046,0.9590759075907591,0.23903420523138832,0.598065445564931
0.18892415972309748,593,1892,62,1453,0.4343796711509716,0.9590759075907591,0.2386317907444668,0.5979423868312758
0.18881906217693636,592,1893,62,1453,0.4342498505678422,0.9590759075907591,0.23822937625754528,0.5978193787286566
0.18869959784963353,591,1894,62,1453,0.43412010755900804,0.9590759075907591,0.23782696177062373,0.597696421225833
0.18865343740980473,590,1895,62,1453,0.4339904420549582,0.9590759075907591,0.23742454728370221,0.5975735142915896
0.1885953838454677,589,1896,62,1453,0.43386085398626456,0.9590759075907591,0.2370221327967807,0.5974506578947368
0.18822119569100054,588,1897,62,1453,0.4337313432835821,0.9590759075907591,0.23661971830985915,0.597327852004111
0.18812897000320247,587,1898,62,1453,0.43360190987764846,0.9590759075907591,0.23621730382293762,0.5972050965885738
0.18807471651912952,586,1899,62,1453,0.433472553699284,0.9590759075907591,0.2358148893360161,0.5970823916170125
0.188016566350313,585,1900,62,1453,0.4333432746793916,0.9590759075907591,0.23541247484909456,0.5969597370583402
0.18789927999250444,584,1901,62,1453,0.43321407274895646,0.9590759075907591,0.23501006036217303,0.5968371328814952
0.18789191290648297,583,1902,62,1453,0.4330849478390462,0.9590759075907591,0.2346076458752515,0.5967145790554415
0.18786960010908652,582,1903,62,1453,0.4329558998808105,0.9590759075907591,0.23420523138833,0.5965920755491686
0.18765774461899384,581,1904,62,1453,0.43282692880548107,0.9590759075907591,0.23380281690140844,0.5964696223316913
0.18764066705109397,581,1904,61,1454,0.43299583085169746,0.9597359735973597,0.23380281690140844,0.5967576441617074
0.1875913222067957,580,1905,61,1454,0.4328669246799643,0.9597359735973597,0.23340040241448692,0.5966352072219943
0.18751687432180184,579,1906,61,1454,0.43273809523809526,0.9597359735973597,0.2329979879275654,0.5965128205128205
0.18740656382297707,578,1907,61,1454,0.4326093424576019,0.9597359735973597,0.23259557344064385,0.5963904840032814
0.1871714418977652,577,1908,61,1454,0.4324806662700773,0.9597359735973597,0.23219315895372233,0.5962681976624974
0.18708607342808356,576,1909,61,1454,0.43235206660719594,0.9597359735973597,0.2317907444668008,0.5961459614596146
0.18701077071129607,575,1910,61,1454,0.43222354340071345,0.9597359735973597,0.23138832997987926,0.596023775363804
0.18678581958025622,574,1911,61,1454,0.4320950965824666,0.9597359735973597,0.23098591549295774,0.5959016393442623
0.18675999215573558,573,1912,61,1454,0.43196672608437314,0.9597359735973597,0.23058350100603622,0.595779553370211
0.18674197232423065,573,1912,60,1455,0.43213543213543215,0.9603960396039604,0.23058350100603622,0.5960671855796804
0.18669821433178113,572,1913,60,1455,0.43200712589073637,0.9603960396039604,0.23018108651911467,0.5959451157075568
0.18665932267723448,571,1914,60,1455,0.43187889581478184,0.9603960396039604,0.22977867203219315,0.5958230958230958
0.1865443306890343,570,1915,60,1455,0.4317507418397626,0.9603960396039604,0.22937625754527163,0.5957011258955988
0.18610764110410916,569,1916,60,1455,0.4316226638979531,0.9603960396039604,0.2289738430583501,0.5955792058943922
0.18605460210594488,568,1917,60,1455,0.4314946619217082,0.9603960396039604,0.22857142857142856,0.5954573357888275
0.18603682581589695,568,1917,59,1456,0.43166320782686035,0.9610561056105611,0.22857142857142856,0.5957446808510638
0.1859597947647521,567,1918,59,1456,0.4315352697095436,0.9610561056105611,0.22816901408450704,0.5956228267539374
0.1857876223822169,566,1919,59,1456,0.4314074074074074,0.9610561056105611,0.22776659959758552,0.5955010224948876
0.18574776807763135,565,1920,59,1456,0.4312796208530806,0.9610561056105611,0.22736418511066397,0.595379268043345
0.18560155103562528,565,1920,58,1457,0.431448030796565,0.9617161716171617,0.22736418511066397,0.5956663941128373
0.18552312449854746,564,1921,58,1457,0.43132030787448195,0.9617161716171617,0.22696177062374245,0.5955446556304925
0.1853451847742881,564,1921,57,1458,0.43148860609647827,0.9623762376237623,0.22696177062374245,0.5958316305680424
0.18517178414254495,563,1922,57,1458,0.43136094674556213,0.9623762376237623,0.22655935613682093,0.5957099080694587
0.18506713597032107,562,1923,57,1458,0.43123336291038156,0.9623762376237623,0.22615694164989938,0.5955882352941176
0.1850168789548646,561,1924,57,1458,0.43110585452395034,0.9623762376237623,0.22575452716297786,0.595466612211558
0.18501682109685996,560,1925,57,1458,0.4309784215193615,0.9623762376237623,0.22535211267605634,0.5953450387913434
0.18492687443399086,560,1925,56,1459,0.4311465721040189,0.9630363036303631,0.22535211267605634,0.5956317615839968
0.18491892197000917,560,1925,55,1460,0.43131462333825704,0.9636963696369637,0.22535211267605634,0.5959183673469388
0.18491256663315395,559,1926,55,1460,0.43118724158298877,0.9636963696369637,0.22494969818913482,0.595796776168129
0.184881644218009,558,1927,55,1460,0.43105993504576323,0.9636963696369637,0.22454728370221327,0.5956752345981232
0.18483817774354885,557,1928,55,1460,0.4309327036599764,0.9636963696369637,0.22414486921529175,0.5955537426065675
0.18471212093809988,556,1929,55,1460,0.430805547359103,0.9636963696369637,0.22374245472837023,0.5954323001631321
0.18463787889931224,555,1930,55,1460,0.4306784660766962,0.9636963696369637,0.22334004024144868,0.5953109072375128
0.184560370045796,554,1931,55,1460,0.4305514597463875,0.9636963696369637,0.22293762575452716,0.5951895637994292
0.184521102632079,554,1931,54,1461,0.43071933962264153,0.9643564356435643,0.22293762575452716,0.5954758508253516
0.18450881601796504,554,1931,53,1462,0.43088712054229295,0.9650165016501651,0.22293762575452716,0.5957620211898941
0.18448018986674022,553,1932,53,1462,0.4307601649970536,0.9650165016501651,0.22253521126760564,0.5956406600122225
0.18447483039651005,552,1933,53,1462,0.4306332842415317,0.9650165016501651,0.2221327967806841,0.5955193482688391
0.18445612872227837,551,1934,53,1462,0.4305064782096584,0.9650165016501651,0.22173038229376257,0.5953980859295459
0.18443439601722691,551,1934,52,1463,0.43067412422725937,0.9656765676567657,0.22173038229376257,0.5956840390879479
0.18434703640846534,550,1935,52,1463,0.4305473808122425,0.9656765676567657,0.22132796780684105,0.5955627925910849
0.1838821415685764,549,1936,52,1463,0.43042071197411,0.9656765676567657,0.2209255533199195,0.5954415954415955
0.1838601570447133,548,1937,52,1463,0.4302941176470588,0.9656765676567657,0.22052313883299798,0.5953204476093591
0.18372909122322953,547,1938,52,1463,0.4301675977653631,0.9656765676567657,0.22012072434607646,0.5951993490642798
0.18369357453645152,547,1938,51,1464,0.43033509700176364,0.9663366336633663,0.22012072434607646,0.5954850518608907
0.1836636624160098,546,1939,51,1464,0.43020863943579196,0.9663366336633663,0.21971830985915494,0.5953639690931273
0.18363316548764333,545,1940,51,1464,0.4300822561692127,0.9663366336633663,0.2193158953722334,0.5952429355560073
0.183467329797853,544,1941,51,1464,0.4299559471365639,0.9663366336633663,0.21891348088531187,0.5951219512195122
0.18345637878869295,543,1942,51,1464,0.42982971227246036,0.9663366336633663,0.21851106639839035,0.5950010160536476
0.1833135467629682,542,1943,51,1464,0.4297035515115938,0.9663366336633663,0.2181086519114688,0.5948801300284438
0.18310858207465527,542,1943,50,1465,0.4298708920187793,0.966996699669967,0.2181086519114688,0.5951655494617103
0.18308639176876285,541,1944,50,1465,0.42974479319448516,0.966996699669967,0.21770623742454728,0.5950446791226645
0.18299496561949427,540,1945,50,1465,0.42961876832844575,0.966996699669967,0.21730382293762576,0.5949238578680203
0.1829883469494588,539,1946,50,1465,0.4294928173556142,0.966996699669967,0.21690140845070421,0.5948030856678846
0.18297709703379933,538,1947,50,1465,0.42936694021101995,0.966996699669967,0.2164989939637827,0.5946823624923889
0.1827366815784657,537,1948,50,1465,0.42924113682976855,0.966996699669967,0.21609657947686117,0.5945616883116883
0.18271788092318947,536,1949,50,1465,0.4291154071470416,0.966996699669967,0.21569416498993962,0.5944410630959627
0.18254789016642592,536,1949,49,1466,0.4292825768667643,0.9676567656765677,0.21569416498993962,0.5947261663286004
0.18249220614104752,535,1950,49,1466,0.42915690866510536,0.9676567656765677,0.2152917505030181,0.5946055566822146
0.18240610225312076,534,1951,49,1466,0.4290313140181446,0.9676567656765677,0.21488933601609658,0.5944849959448499
0.18237643583119623,533,1952,49,1466,0.4289057928613224,0.9676567656765677,0.21448692152917506,0.5943644840867626
0.18232228318003907,533,1952,48,1467,0.42907282831237203,0.9683168316831683,0.21448692152917506,0.5946493717065261
0.1822933015141547,532,1953,48,1467,0.42894736842105263,0.9683168316831683,0.2140845070422535,0.5945288753799393
0.18207604636827737,531,1954,48,1467,0.4288219818766443,0.9683168316831683,0.213682092555332,0.5944084278768234
0.18201898216006204,530,1955,48,1467,0.4286966686148451,0.9683168316831683,0.21327967806841047,0.5942880291675107
0.18198901199042739,529,1956,48,1467,0.42857142857142855,0.9683168316831683,0.21287726358148892,0.5941676792223572
0.1818982602154048,528,1957,48,1467,0.428446261682243,0.9683168316831683,0.2124748490945674,0.5940473780117432
0.181739238960197,527,1958,48,1467,0.4283211678832117,0.9683168316831683,0.21207243460764588,0.5939271255060729
0.1816266434689226,526,1959,48,1467,0.42819614711033277,0.9683168316831683,0.21167002012072433,0.5938069216757741
0.18139652832254774,526,1959,47,1468,0.4283629997081996,0.968976897689769,0.21167002012072433,0.5940914609469851
0.18085660331147926,525,1960,47,1468,0.4282380396732789,0.968976897689769,0.2112676056338028,0.593971272506575
0.18076912454065494,524,1961,47,1468,0.42811315252260135,0.968976897689769,0.2108651911468813,0.5938511326860841
0.18031441615100285,523,1962,47,1468,0.4279883381924198,0.968976897689769,0.21046277665995977,0.5937310414560162
0.18011385855008435,522,1963,47,1468,0.4278635966190615,0.968976897689769,0.21006036217303822,0.5936109987868985
0.1800284248109339,521,1964,47,1468,0.42773892773892774,0.968976897689769,0.2096579476861167,0.5934910046492824
0.1799403538109555,521,1964,46,1469,0.42790562190503934,0.9696369636963696,0.2096579476861167,0.5937752627324171
0.17986489820893176,520,1965,46,1469,0.4277810133954572,0.9696369636963696,0.20925553319919518,0.5936552838957365
0.17971790328594037,519,1966,46,1469,0.42765647743813684,0.9696369636963696,0.20885311871227363,0.5935353535353536
0.17962183630279863,518,1967,46,1469,0.4275320139697322,0.9696369636963696,0.2084507042253521,0.5934154716218946
0.17959519304373184,517,1968,46,1469,0.4274076229269712,0.9696369636963696,0.2080482897384306,0.5932956381260097
0.17932536206180005,516,1969,46,1469,0.427283304246655,0.9696369636963696,0.20764587525150904,0.5931758530183727
0.1793212360013903,515,1970,46,1469,0.4271590578656586,0.9696369636963696,0.20724346076458752,0.593056116269681
0.1791234503158716,514,1971,46,1469,0.42703488372093024,0.9696369636963696,0.206841046277666,0.5929364278506559
0.1791143840683895,513,1972,46,1469,0.42691078174949143,0.9696369636963696,0.20643863179074445,0.5928167877320419
0.17907236839330123,512,1973,46,1469,0.42678675188843695,0.9696369636963696,0.20603621730382293,0.5926971958846077
0.17902438507753843,511,1974,46,1469,0.4266627940749346,0.9696369636963696,0.2056338028169014,0.5925776522791448
0.17898229838966065,510,1975,46,1469,0.4265389082462253,0.9696369636963696,0.2052313883299799,0.5924581568864691
0.17888672781414872,509,1976,46,1469,0.42641509433962266,0.9696369636963696,0.20482897384305834,0.5923387096774193
0.17882228799338726,508,1977,46,1469,0.4262913522925131,0.9696369636963696,0.20442655935613682,0.5922193106228583
0.1788122618298735,508,1977,45,1470,0.42645778938207135,0.9702970297029703,0.20442655935613682,0.592503022974607
0.17852043604848375,507,1978,45,1470,0.4263341067285383,0.9702970297029703,0.2040241448692153,0.5923836389280677
0.17844328244515772,506,1979,45,1470,0.4262104957958829,0.9702970297029703,0.20362173038229375,0.5922643029814666
0.1783045334220279,505,1980,45,1470,0.4260869565217391,0.9702970297029703,0.20321931589537223,0.5921450151057401
0.17823274965731062,505,1980,44,1471,0.4262532599246595,0.970957095709571,0.20321931589537223,0.5924285138944825
0.17818563116563169,504,1981,44,1471,0.4261297798377752,0.970957095709571,0.2028169014084507,0.5923092409905375
0.17815763832846146,504,1981,43,1472,0.4262959745149146,0.9716171617161716,0.2028169014084507,0.5925925925925926
0.17810103523833065,503,1982,43,1472,0.4261725535610886,0.9716171617161716,0.20241448692152916,0.5924733346749849
0.17801503936524096,502,1983,43,1472,0.4260492040520984,0.9716171617161716,0.20201207243460764,0.5923541247484909
0.17795607247514225,501,1984,43,1472,0.42592592592592593,0.9716171617161716,0.20160965794768612,0.5922349627841481
0.17777720431409094,500,1985,43,1472,0.42580271912062484,0.9716171617161716,0.2012072434607646,0.5921158487530169
0.1777399193231382,499,1986,43,1472,0.4256795835743204,0.9716171617161716,0.20080482897384305,0.5919967826261814
0.17764327377559883,498,1987,43,1472,0.4255565192252096,0.9716171617161716,0.20040241448692153,0.5918777643747487
0.17751348976210982,497,1988,43,1472,0.4254335260115607,0.9716171617161716,0.2,0.5917587939698492
0.17743216691885125,496,1989,43,1472,0.4253106038717134,0.9716171617161716,0.19959758551307846,0.5916398713826366
0.1770738229308759,495,1990,43,1472,0.42518775274407855,0.9716171617161716,0.19919517102615694,0.5915209965842877
0.17702731716183762,494,1991,43,1472,0.4250649725671383,0.9716171617161716,0.19879275653923542,0.5914021695460024
0.17697798284518837,493,1992,43,1472,0.42494226327944573,0.9716171617161716,0.19839034205231387,0.5912833902390038
0.1769743538516582,492,1993,43,1472,0.4248196248196248,0.9716171617161716,0.19798792756539235,0.5911646586345382
0.17687397923225773,491,1994,43,1472,0.42469705712637046,0.9716171617161716,0.19758551307847083,0.5910459747038748
0.17664225516105767,490,1995,43,1472,0.42457456013844824,0.9716171617161716,0.19718309859154928,0.5909273384183059
0.17661317304947782,489,1996,43,1472,0.4244521337946944,0.9716171617161716,0.19678068410462776,0.5908087497491471
0.17651635549276543,488,1997,43,1472,0.42432977803401556,0.9716171617161716,0.19637826961770624,0.5906902086677368
0.17645031120566437,487,1998,43,1472,0.42420749279538905,0.9716171617161716,0.19597585513078472,0.5905717151454363
0.17613035016515102,486,1999,43,1472,0.4240852780178623,0.9716171617161716,0.19557344064386317,0.5904532691536302
0.1761071866376095,485,2000,43,1472,0.423963133640553,0.9716171617161716,0.19517102615694165,0.5903348706637257
0.17609009355784536,484,2001,43,1472,0.423841059602649,0.9716171617161716,0.19476861167002013,0.5902165196471532
0.1760426433439628,483,2002,43,1472,0.4237190558434082,0.9716171617161716,0.19436619718309858,0.5900982160753658
0.17598740764813253,482,2003,43,1472,0.4235971223021583,0.9716171617161716,0.19396378269617706,0.5899799599198396
0.17598634913551006,481,2004,43,1472,0.4234752589182969,0.9716171617161716,0.19356136820925554,0.5898617511520737
0.17597066397935715,480,2005,43,1472,0.42335346563129134,0.9716171617161716,0.193158953722334,0.5897435897435898
0.17591500961983048,479,2006,43,1472,0.42323174238067857,0.9716171617161716,0.19275653923541247,0.5896254756659323
0.1758851717479471,478,2007,43,1472,0.42311008910606496,0.9716171617161716,0.19235412474849095,0.5895074088906688
0.17586242938519214,477,2008,43,1472,0.42298850574712643,0.9716171617161716,0.1919517102615694,0.5893893893893893
0.17579268520405028,476,2009,43,1472,0.4228669922436082,0.9716171617161716,0.19154929577464788,0.589271417133707
0.1755791962555511,475,2010,43,1472,0.42274554853532453,0.9716171617161716,0.19114688128772636,0.5891534920952571
0.17502053150133476,474,2011,43,1472,0.42262417456215906,0.9716171617161716,0.19074446680080484,0.5890356142456983
0.1749726630006988,473,2012,43,1472,0.4225028702640643,0.9716171617161716,0.1903420523138833,0.5889177835567113
0.1749330967257269,472,2013,43,1472,0.4223816355810617,0.9716171617161716,0.18993963782696177,0.5888
0.17459532970338879,471,2014,43,1472,0.42226047045324155,0.9716171617161716,0.18953722334004025,0.5886822635472906
0.17448765713136838,470,2015,43,1472,0.42213937482076286,0.9716171617161716,0.1891348088531187,0.5885645741703319
0.1744398259628711,469,2016,43,1472,0.42201834862385323,0.9716171617161716,0.18873239436619718,0.5884469318408955
0.1743197575755236,468,2017,43,1472,0.42189739180280883,0.9716171617161716,0.18832997987927566,0.5883293365307753
0.17430030847457503,467,2018,43,1472,0.4217765042979943,0.9716171617161716,0.1879275653923541,0.5882117882117882
0.17425936022209879,466,2019,43,1472,0.42165568604984244,0.9716171617161716,0.1875251509054326,0.588094286855773
0.1740341586596213,465,2020,43,1472,0.4215349369988545,0.9716171617161716,0.18712273641851107,0.5879768324345915
0.17402501496363168,465,2020,42,1473,0.4217005439450329,0.9722772277227723,0.18712273641851107,0.588258785942492
0.1738344605049407,464,2021,42,1473,0.42157985117344016,0.9722772277227723,0.18672032193158955,0.5881413455779597
0.17382694468304125,463,2022,42,1473,0.42145922746781117,0.9722772277227723,0.186317907444668,0.5880239520958084
0.1736151323956387,462,2023,42,1473,0.4213386727688787,0.9722772277227723,0.18591549295774648,0.5879066054679705
0.17358856885364973,461,2024,42,1473,0.4212181870174435,0.9722772277227723,0.18551307847082496,0.5877893056664006
0.17352231518437208,460,2025,42,1473,0.42109777015437394,0.9722772277227723,0.1851106639839034,0.587672052663076
0.17351917747198736,459,2026,42,1473,0.4209774221206059,0.9722772277227723,0.1847082494969819,0.587554846429996
0.17331239165056214,458,2027,42,1473,0.4208571428571429,0.9722772277227723,0.18430583501006037,0.5874376869391824
0.17312504689464914,457,2028,42,1473,0.4207369323050557,0.9722772277227723,0.18390342052313882,0.5873205741626795
0.17312326035622888,456,2029,42,1473,0.42061679040548255,0.9722772277227723,0.1835010060362173,0.5872035080725533
0.17297256155261082,455,2030,42,1473,0.4204967170996289,0.9722772277227723,0.18309859154929578,0.5870864886408927
0.1729591952858204,454,2031,42,1473,0.4203767123287671,0.9722772277227723,0.18269617706237423,0.5869695158398087
0.17274034210284228,453,2032,42,1473,0.4202567760342368,0.9722772277227723,0.1822937625754527,0.5868525896414343
0.17270752711744777,452,2033,42,1473,0.42013690815744437,0.9722772277227723,0.1818913480885312,0.5867357100179247
0.17256054242871946,452,2033,41,1474,0.420302252637582,0.972937293729373,0.1818913480885312,0.5870171246515332
0.17222220246426642,451,2034,41,1474,0.4201824401368301,0.972937293729373,0.18148893360160967,0.5869002588094764
0.17220415676950715,450,2035,41,1474,0.4200626959247649,0.972937293729373,0.18108651911468812,0.5867834394904459
0.1719967106975914,449,2036,41,1474,0.41994301994301997,0.972937293729373,0.1806841046277666,0.5866666666666667
0.17195018099323486,448,2037,41,1474,0.4198234121332954,0.972937293729373,0.18028169014084508,0.586549940310386
0.17190374904478686,448,2037,40,1475,0.4199886104783599,0.9735973597359736,0.18028169014084508,0.5868311119952258
0.17161197889962157,448,2037,39,1476,0.4201537147736977,0.9742574257425742,0.18028169014084508,0.5871121718377088
0.17134880923559784,447,2038,39,1476,0.42003414911781445,0.9742574257425742,0.17987927565392353,0.5869954265261483
0.17123588205351487,446,2039,39,1476,0.41991465149359886,0.9742574257425742,0.179476861167002,0.5868787276341948
0.1711919560988728,445,2040,39,1476,0.4197952218430034,0.9742574257425742,0.1790744466800805,0.5867620751341681
0.1711296149096808,444,2041,39,1476,0.41967586010804664,0.9742574257425742,0.17867203219315894,0.5866454689984102
0.17100543949762007,443,2042,39,1476,0.41955656623081294,0.9742574257425742,0.17826961770623742,0.5865289091992847
0.17075386082195357,442,2043,39,1476,0.4194373401534527,0.9742574257425742,0.1778672032193159,0.5864123957091776
0.17039862140582518,441,2044,39,1476,0.4193181818181818,0.9742574257425742,0.17746478873239438,0.5862959285004965
0.17023975955486195,440,2045,39,1476,0.41919909116728205,0.9742574257425742,0.17706237424547283,0.5861795075456712
0.17018936875950258,439,2046,39,1476,0.4190800681431005,0.9742574257425742,0.1766599597585513,0.586063132817153
0.16995374724338425,438,2047,39,1476,0.41896111268805,0.9742574257425742,0.1762575452716298,0.5859468042874156
0.16990132638276187,437,2048,39,1476,0.4188422247446084,0.9742574257425742,0.17585513078470824,0.5858305219289541
0.16990069162620997,436,2049,39,1476,0.4187234042553192,0.9742574257425742,0.17545271629778672,0.5857142857142857
0.16987742659298022,435,2050,39,1476,0.4186046511627907,0.9742574257425742,0.1750503018108652,0.5855980956159492
0.16980373492570383,434,2051,39,1476,0.4184859654096966,0.9742574257425742,0.17464788732394365,0.5854819516065054
0.16970282206365722,433,2052,39,1476,0.41836734693877553,0.9742574257425742,0.17424547283702213,0.5853658536585366
0.1696886513077279,432,2053,39,1476,0.41824879569283085,0.9742574257425742,0.1738430583501006,0.5852498017446471
0.1695838165061486,431,2054,39,1476,0.41813031161473085,0.9742574257425742,0.17344064386317906,0.5851337958374628
0.16952942387250958,430,2055,39,1476,0.4180118946474087,0.9742574257425742,0.17303822937625754,0.5850178359096314
0.16944399789209114,429,2056,39,1476,0.4178935447338618,0.9742574257425742,0.17263581488933602,0.5849019219338221
0.1694379935786662,428,2057,39,1476,0.4177752618171526,0.9742574257425742,0.1722334004024145,0.5847860538827259
0.1690769908406403,427,2058,39,1476,0.41765704584040747,0.9742574257425742,0.17183098591549295,0.5846702317290553
0.16899434873596747,426,2059,39,1476,0.41753889674681754,0.9742574257425742,0.17142857142857143,0.5845544554455445
0.16870866675893745,425,2060,39,1476,0.417420814479638,0.9742574257425742,0.1710261569416499,0.5844387250049495
0.16854188680150745,424,2061,39,1476,0.4173027989821883,0.9742574257425742,0.17062374245472836,0.5843230403800475
0.16831647084454388,423,2062,39,1476,0.4171848501978519,0.9742574257425742,0.17022132796780684,0.5842074015436375
0.1682191032961155,422,2063,39,1476,0.4170669680700763,0.9742574257425742,0.16981891348088532,0.5840918084685398
0.16806847142300982,421,2064,39,1476,0.41694915254237286,0.9742574257425742,0.16941649899396377,0.5839762611275965
0.16792644509123503,420,2065,39,1476,0.4168314035583169,0.9742574257425742,0.16901408450704225,0.5838607594936709
0.16785987477130435,420,2065,38,1477,0.41699604743083,0.974917491749175,0.16901408450704225,0.5841407949377101
0.1678338249477621,419,2066,38,1477,0.41687835167936776,0.974917491749175,0.16861167002012073,0.5840253064452353
0.16779833330394633,418,2067,38,1477,0.4167607223476298,0.974917491749175,0.1682092555331992,0.583909863609409
0.1676768879912284,417,2068,38,1477,0.4166431593794076,0.974917491749175,0.16780684104627766,0.583794466403162
0.1676731308416871,416,2069,38,1477,0.4165256627185561,0.974917491749175,0.16740442655935614,0.5836791147994468
0.16766485955644744,416,2069,37,1478,0.4166901606991824,0.9755775577557756,0.16740442655935614,0.5839589095219281
0.1675302940627585,416,2069,36,1479,0.41685456595264936,0.9762376237623762,0.16740442655935614,0.5842385937191389
0.16749732957512614,415,2070,36,1479,0.4167371090448014,0.9762376237623762,0.16700201207243462,0.5841232227488151
0.16744602750257076,414,2071,36,1479,0.41661971830985917,0.9762376237623762,0.16659959758551307,0.5840078973346495
0.16744373153691058,413,2072,36,1479,0.41650239369191777,0.9762376237623762,0.16619718309859155,0.5838926174496645
0.16740246235786865,412,2073,36,1479,0.41638513513513514,0.9762376237623762,0.16579476861167003,0.5837773830669035
0.16722145142139175,411,2074,36,1479,0.41626794258373206,0.9762376237623762,0.16539235412474848,0.5836621941594318
0.1671672660293373,410,2075,36,1479,0.4161508159819921,0.9762376237623762,0.16498993963782696,0.5835470507003354
0.1671607648282117,409,2076,36,1479,0.4160337552742616,0.9762376237623762,0.16458752515090544,0.5834319526627219
0.16715969442245654,408,2077,36,1479,0.4159167604049494,0.9762376237623762,0.1641851106639839,0.58331690001972
0.1670502784238928,407,2078,36,1479,0.4157998313185268,0.9762376237623762,0.16378269617706237,0.5832018927444795
0.1669268758657456,406,2079,36,1479,0.4156829679595278,0.9762376237623762,0.16338028169014085,0.5830869308101715
0.16692449188993086,405,2080,36,1479,0.4155661702725485,0.9762376237623762,0.16297786720321933,0.5829720141899882
0.166895360245798,404,2081,36,1479,0.41544943820224717,0.9762376237623762,0.16257545271629778,0.5828571428571429
0.16670231978249703,403,2082,36,1479,0.4153327716933446,0.9762376237623762,0.16217303822937626,0.58274231678487
0.16667174036405596,402,2083,36,1479,0.4152161706906232,0.9762376237623762,0.16177062374245474,0.582627535946425
0.16663626375695093,401,2084,36,1479,0.4150996351389279,0.9762376237623762,0.1613682092555332,0.5825128003150847
0.16631831913259149,400,2085,36,1479,0.414983164983165,0.9762376237623762,0.16096579476861167,0.5823981098641465
0.16630623125651536,400,2085,35,1480,0.41514726507713884,0.976897689768977,0.16096579476861167,0.5826771653543307
0.16623313233783443,400,2085,34,1481,0.41531127313516547,0.9775577557755776,0.16096579476861167,0.5829561110017714
0.16621708950795008,399,2086,34,1481,0.41519484160358844,0.9775577557755776,0.16056338028169015,0.5828414010232192
0.1660691840403664,398,2087,34,1481,0.41507847533632286,0.9775577557755776,0.1601609657947686,0.5827267361794216
0.16602856464914595,397,2088,34,1481,0.4149621742785094,0.9775577557755776,0.15975855130784708,0.5826121164437451
0.16580027818352966,396,2089,34,1481,0.41484593837535017,0.9775577557755776,0.15935613682092556,0.5824975417895771
0.16576919677628385,395,2090,34,1481,0.41472976757210867,0.9775577557755776,0.158953722334004,0.5823830121903264
0.16575603809697342,394,2091,34,1481,0.41461366181410975,0.9775577557755776,0.1585513078470825,0.582268527619422
0.1657423307446718,393,2092,34,1481,0.41449762104673943,0.9775577557755776,0.15814889336016097,0.5821540880503144
0.16562879831571153,392,2093,34,1481,0.4143816452154449,0.9775577557755776,0.15774647887323945,0.5820396934564748
0.16526643948358455,391,2094,34,1481,0.41426573426573426,0.9775577557755776,0.1573440643863179,0.5819253438113949
0.16508015231935477,390,2095,34,1481,0.4141498881431767,0.9775577557755776,0.15694164989939638,0.5818110390885877
0.16485444964661977,389,2096,34,1481,0.4140341067934023,0.9775577557755776,0.15653923541247486,0.5816967792615868
0.16465633246539932,388,2097,34,1481,0.41391839016210175,0.9775577557755776,0.1561368209255533,0.5815825643039466
0.16461603490770044,387,2098,34,1481,0.41380273819502655,0.9775577557755776,0.1557344064386318,0.5814683941892422
0.1645342585790363,386,2099,34,1481,0.41368715083798885,0.9775577557755776,0.15533199195171027,0.5813542688910697
0.16445563224714244,385,2100,34,1481,0.4135716280368612,0.9775577557755776,0.15492957746478872,0.5812401883830455
0.16443811226808663,384,2101,34,1481,0.41345616973757676,0.9775577557755776,0.1545271629778672,0.5811261526388072
0.16436444160364788,383,2102,34,1481,0.41334077588612894,0.9775577557755776,0.15412474849094568,0.5810121616320125
0.16433327001308934,382,2103,34,1481,0.41322544642857145,0.9775577557755776,0.15372233400402416,0.5808982153363405
0.16428165143316326,381,2104,34,1481,0.4131101813110181,0.9775577557755776,0.1533199195171026,0.5807843137254902
0.16414383980494027,380,2105,34,1481,0.41299498047964306,0.9775577557755776,0.1529175050301811,0.5806704567731817
0.1641407857561755,379,2106,34,1481,0.4128798438806802,0.9775577557755776,0.15251509054325957,0.5805566444531556
0.16398067024077737,378,2107,34,1481,0.4127647714604236,0.9775577557755776,0.15211267605633802,0.580442876739173
0.16393409569291728,377,2108,34,1481,0.41264976316522706,0.9775577557755776,0.1517102615694165,0.5803291536050157
0.1639263622202247,376,2109,34,1481,0.4125348189415042,0.9775577557755776,0.15130784708249498,0.5802154750244858
0.1638827943034455,375,2110,34,1481,0.4124199387357282,0.9775577557755776,0.15090543259557343,0.5801018409714062
0.163859251199443,374,2111,34,1481,0.4123051224944321,0.9775577557755776,0.1505030181086519,0.5799882514196202
0.16366223105222297,373,2112,34,1481,0.4121903701642082,0.9775577557755776,0.1501006036217304,0.5798747063429914
0.16366034147280673,372,2113,34,1481,0.4120756816917084,0.9775577557755776,0.14969818913480884,0.5797612057154042
0.16358557127030077,371,2114,34,1481,0.41196105702364394,0.9775577557755776,0.14929577464788732,0.5796477495107633
0.16320906670728286,370,2115,34,1481,0.4118464961067853,0.9775577557755776,0.1488933601609658,0.5795343377029936
0.16295391890741204,369,2116,34,1481,0.4117319988879622,0.9775577557755776,0.14849094567404428,0.5794209702660407
0.16273679961413462,368,2117,34,1481,0.41161756531406335,0.9775577557755776,0.14808853118712273,0.5793076471738705
0.16269273895844716,367,2118,34,1481,0.41150319533203666,0.9775577557755776,0.1476861167002012,0.5791943684004693
0.16223997273603782,367,2118,33,1482,0.4116666666666667,0.9782178217821782,0.1476861167002012,0.5794721407624633
0.1620173670031926,366,2119,33,1482,0.41155234657039713,0.9782178217821782,0.1472837022132797,0.5793588741204065
0.16193495216983753,365,2120,33,1482,0.4114380899500278,0.9782178217821782,0.14688128772635814,0.5792456517490717
0.16186130098337106,365,2120,32,1483,0.41160144324174297,0.9788778877887789,0.14688128772635814,0.5795232512700274
0.16172877197445734,364,2121,32,1483,0.41148723640399554,0.9788778877887789,0.14647887323943662,0.5794100410236375
0.1616952313158126,363,2122,32,1483,0.411373092926491,0.9788778877887789,0.1460764587525151,0.579296875
0.16140778599921182,362,2123,32,1483,0.41125901275651694,0.9788778877887789,0.14567404426559355,0.5791837531732084
0.1612868708915824,362,2123,31,1484,0.41142223454394233,0.9795379537953796,0.14567404426559355,0.5794611479890668
0.16099432307013514,361,2124,31,1484,0.4113082039911308,0.9795379537953796,0.14527162977867203,0.5793480382588327
0.16098903741234016,360,2125,31,1484,0.4111942366306456,0.9795379537953796,0.1448692152917505,0.5792349726775956
0.1608918217852682,360,2125,30,1485,0.4113573407202216,0.9801980198019802,0.1448692152917505,0.5795121951219512
0.16085294008824824,359,2126,30,1485,0.41124342287455,0.9801980198019802,0.144466800804829,0.5793991416309013
0.16072788400985183,358,2127,30,1485,0.4111295681063123,0.9801980198019802,0.14406438631790744,0.5792861322410766
0.16059448243565835,357,2128,30,1485,0.41101577636313313,0.9801980198019802,0.14366197183098592,0.5791731669266771
0.1605266981215408,356,2129,30,1485,0.41090204759269505,0.9801980198019802,0.1432595573440644,0.5790602456619224
0.1603216812592048,355,2130,30,1485,0.4107883817427386,0.9801980198019802,0.14285714285714285,0.5789473684210527
0.16007921059155442,354,2131,30,1485,0.41067477876106195,0.9801980198019802,0.14245472837022133,0.5788345351783278
0.15989602951460916,353,2132,30,1485,0.4105612385955211,0.9801980198019802,0.1420523138832998,0.578721745908028
0.15963752779533594,352,2133,30,1485,0.41044776119402987,0.9801980198019802,0.14164989939637826,0.5786090005844535
0.15958432426845093,351,2134,30,1485,0.41033434650455924,0.9801980198019802,0.14124748490945674,0.5784962991819245
0.15953429123801324,350,2135,30,1485,0.4102209944751381,0.9801980198019802,0.14084507042253522,0.578383641674781
0.15928854626679875,349,2136,30,1485,0.4101077050538525,0.9801980198019802,0.14044265593561367,0.5782710280373832
0.1592593844975976,348,2137,30,1485,0.40999447818884593,0.9801980198019802,0.14004024144869215,0.5781584582441114
0.15913663448067186,347,2138,30,1485,0.40988131382831905,0.9801980198019802,0.13963782696177063,0.5780459322693655
0.1590602177648686,346,2139,30,1485,0.4097682119205298,0.9801980198019802,0.1392354124748491,0.5779334500875657
0.15892840956189133,345,2140,30,1485,0.4096551724137931,0.9801980198019802,0.13883299798792756,0.5778210116731517
0.15869603008809444,344,2141,30,1485,0.40954219525648095,0.9801980198019802,0.13843058350100604,0.5777086170005835
0.15865844133021273,343,2142,30,1485,0.4094292803970223,0.9801980198019802,0.13802816901408452,0.5775962660443408
0.15837543814344052,343,2142,29,1486,0.40959206174200663,0.9808580858085808,0.13802816901408452,0.5778728368656426
0.15835370486821781,342,2143,29,1486,0.4094791953706255,0.9808580858085808,0.13762575452716297,0.5777604976671851
0.1578245325454387,341,2144,29,1486,0.409366391184573,0.9808580858085808,0.13722334004024145,0.5776482021379981
0.15780535128574247,340,2145,29,1486,0.4092536491324704,0.9808580858085808,0.13682092555331993,0.5775359502526234
0.15776734313173887,339,2146,29,1486,0.4091409691629956,0.9808580858085808,0.13641851106639838,0.5774237419856227
0.15764996271033838,339,2146,28,1487,0.40930360583539777,0.9815181518151815,0.13641851106639838,0.5777000777000777
0.15733025294909977,338,2147,28,1487,0.40919097413318656,0.9815181518151815,0.13601609657947686,0.5775878811419694
0.157279458048931,337,2148,28,1487,0.4090784044016506,0.9815181518151815,0.13561368209255534,0.5774757281553398
0.15718085436620324,336,2149,28,1487,0.408965896589659,0.9815181518151815,0.1352112676056338,0.5773636187148127
0.1571544431651583,335,2150,28,1487,0.40885345064613693,0.9815181518151815,0.13480885311871227,0.577251552795031
0.1570497717009918,334,2151,28,1487,0.408741066520066,0.9815181518151815,0.13440643863179075,0.5771395303706579
0.15674021755804182,333,2152,28,1487,0.40862874416048367,0.9815181518151815,0.13400402414486923,0.5770275514163756
0.15665795303692215,332,2153,28,1487,0.4085164835164835,0.9815181518151815,0.13360160965794768,0.5769156159068866
0.15664352089447978,331,2154,28,1487,0.40840428453721506,0.9815181518151815,0.13319919517102616,0.5768037238169124
0.15655368668567543,330,2155,28,1487,0.40829214717188356,0.9815181518151815,0.13279678068410464,0.5766918751211945
0.15645481820114515,329,2156,28,1487,0.4081800713697502,0.9815181518151815,0.1323943661971831,0.5765800697944939
0.1564140471928596,328,2157,28,1487,0.4080680570801317,0.9815181518151815,0.13199195171026157,0.5764683078115914
0.1560743055654171,327,2158,28,1487,0.40795610425240053,0.9815181518151815,0.13158953722334005,0.5763565891472868
0.1560304949323159,326,2159,28,1487,0.40784421283598465,0.9815181518151815,0.1311871227364185,0.5762449137764
0.15593696838574447,325,2160,28,1487,0.40773238278036744,0.9815181518151815,0.13078470824949698,0.5761332816737699
0.15581795982659563,324,2161,28,1487,0.4076206140350877,0.9815181518151815,0.13038229376257546,0.5760216928142553
0.15573993950232123,323,2162,28,1487,0.40750890654973965,0.9815181518151815,0.12997987927565394,0.5759101471727344
0.15541664838505578,322,2163,28,1487,0.4073972602739726,0.9815181518151815,0.1295774647887324,0.5757986447241046
0.15537908501262046,321,2164,28,1487,0.4072856751574911,0.9815181518151815,0.12917505030181087,0.575687185443283
0.15516366807690982,320,2165,28,1487,0.4071741511500548,0.9815181518151815,0.12877263581488935,0.5755757693052062
0.15488252592440455,319,2166,28,1487,0.40706268820147823,0.9815181518151815,0.1283702213279678,0.5754643962848297
0.15469096450313316,318,2167,28,1487,0.4069512862616311,0.9815181518151815,0.12796780684104628,0.575353066357129
0.15463954740469332,317,2168,28,1487,0.40683994528043776,0.9815181518151815,0.12756539235412476,0.5752417794970986
0.1545159588740856,316,2169,28,1487,0.4067286652078775,0.9815181518151815,0.1271629778672032,0.5751305356797525
0.15451375050162897,315,2170,28,1487,0.40661744599398414,0.9815181518151815,0.1267605633802817,0.5750193348801237
0.1541034047992028,314,2171,28,1487,0.4065062875888464,0.9815181518151815,0.12635814889336017,0.574908177073265
0.15406706685488758,313,2172,28,1487,0.40639518994260726,0.9815181518151815,0.12595573440643862,0.5747970622342482
0.1539875287824476,312,2173,28,1487,0.4062841530054645,0.9815181518151815,0.1255533199195171,0.5746859903381643
0.15379525598606228,311,2174,28,1487,0.40617317672767006,0.9815181518151815,0.12515090543259558,0.5745749613601236
0.15350031877758924,310,2175,28,1487,0.4060622610595303,0.9815181518151815,0.12474849094567404,0.574463975275256
0.15335096813982352,309,2176,28,1487,0.40595140595140594,0.9815181518151815,0.12434607645875252,0.5743530320587099
0.15323352866199455,308,2177,28,1487,0.4058406113537118,0.9815181518151815,0.12394366197183099,0.5742421316856536
0.15320831654919154,307,2178,28,1487,0.4057298772169168,0.9815181518151815,0.12354124748490945,0.5741312741312742
0.15309101046458137,306,2179,28,1487,0.4056192034915439,0.9815181518151815,0.12313883299798793,0.5740204593707778
0.1530613397594228,305,2180,28,1487,0.40550859012817014,0.9815181518151815,0.1227364185110664,0.5739096873793902
0.1530435290015529,304,2181,28,1487,0.4053980370774264,0.9815181518151815,0.12233400402414486,0.5737989581323558
0.152983349323441,303,2182,28,1487,0.40528754428999725,0.9815181518151815,0.12193158953722334,0.5736882716049383
0.15294582562238826,302,2183,28,1487,0.40517711171662124,0.9815181518151815,0.12152917505030181,0.5735776277724205
0.15288105138506652,301,2184,28,1487,0.40506673930809045,0.9815181518151815,0.12112676056338029,0.5734670266101042
0.15286393103041224,300,2185,28,1487,0.40495642701525053,0.9815181518151815,0.12072434607645875,0.5733564680933102
0.15260850580140975,299,2186,28,1487,0.4048461747890008,0.9815181518151815,0.12032193158953722,0.5732459521973786
0.15255776190387596,298,2187,28,1487,0.404735982580294,0.9815181518151815,0.1199195171026157,0.5731354788976681
0.1524404454701487,297,2188,28,1487,0.40462585034013604,0.9815181518151815,0.11951710261569416,0.5730250481695568
0.151996238114401,296,2189,28,1487,0.4045157780195865,0.9815181518151815,0.11911468812877264,0.5729146599884415
0.1519398732436935,295,2190,28,1487,0.40440576556975794,0.9815181518151815,0.11871227364185111,0.5728043143297381
0.1519349755535697,294,2191,28,1487,0.4042958129418162,0.9815181518151815,0.11830985915492957,0.5726940111688812
0.15184027877632505,293,2192,28,1487,0.4041859200869802,0.9815181518151815,0.11790744466800805,0.5725837504813246
0.151802994842319,292,2193,28,1487,0.40407608695652175,0.9815181518151815,0.11750503018108652,0.5724735322425409
0.1516141904878298,291,2194,28,1487,0.4039663135017658,0.9815181518151815,0.117102615694165,0.5723633564280216
0.15151337360683734,290,2195,28,1487,0.40385659967409016,0.9815181518151815,0.11670020120724346,0.5722532230132769
0.1515016120740547,289,2196,28,1487,0.40374694542492534,0.9815181518151815,0.11629778672032193,0.572143131973836
0.15137785848983715,288,2197,28,1487,0.4036373507057546,0.9815181518151815,0.1158953722334004,0.5720330832852472
0.15133036907692804,287,2198,28,1487,0.40352781546811395,0.9815181518151815,0.11549295774647887,0.571923076923077
0.15085673090646273,286,2199,28,1487,0.403418339663592,0.9815181518151815,0.11509054325955734,0.571813112862911
0.15061793696348116,285,2200,28,1487,0.40330892324382966,0.9815181518151815,0.11468812877263582,0.5717031910803537
0.1504908873442772,284,2201,28,1487,0.4031995661605206,0.9815181518151815,0.11428571428571428,0.5715933115510282
0.1503739282113228,283,2202,28,1487,0.4030902683654107,0.9815181518151815,0.11388329979879276,0.5714834742505764
0.15035404791005214,282,2203,28,1487,0.4029810298102981,0.9815181518151815,0.11348088531187123,0.571373679154659
0.15027045461551064,281,2204,28,1487,0.40287185044703333,0.9815181518151815,0.11307847082494969,0.571263926238955
0.15022510280025617,280,2205,28,1487,0.40276273022751896,0.9815181518151815,0.11267605633802817,0.5711542154791627
0.15015236683183558,279,2206,28,1487,0.4026536691037097,0.9815181518151815,0.11227364185110664,0.5710445468509985
0.1499851885395439,278,2207,28,1487,0.4025446670276123,0.9815181518151815,0.11187122736418512,0.5709349203301978
0.14976949824531022,277,2208,28,1487,0.4024357239512855,0.9815181518151815,0.11146881287726358,0.5708253358925144
0.14972747640577316,276,2209,28,1487,0.4023268398268398,0.9815181518151815,0.11106639839034205,0.5707157935137209
0.14966564640769842,275,2210,28,1487,0.40221801460643763,0.9815181518151815,0.11066398390342053,0.5706062931696086
0.14959055105376032,274,2211,28,1487,0.4021092482422931,0.9815181518151815,0.11026156941649899,0.570496834835987
0.14928685637983888,273,2212,28,1487,0.40200054068667207,0.9815181518151815,0.10985915492957747,0.5703874184886844
0.1490084339173003,272,2213,28,1487,0.4018918918918919,0.9815181518151815,0.10945674044265594,0.5702780441035474
0.1490022087509328,271,2214,28,1487,0.4017833018103215,0.9815181518151815,0.1090543259557344,0.5701687116564417
0.14880145213371396,271,2214,27,1488,0.4019448946515397,0.9821782178217822,0.1090543259557344,0.5704427832087406
0.14877302857463107,270,2215,27,1488,0.4018363489062922,0.9821782178217822,0.10865191146881288,0.5703334610962054
0.1485790636486057,269,2216,27,1488,0.4017278617710583,0.9821782178217822,0.10824949698189135,0.5702241808775628
0.14848817550890275,268,2217,27,1488,0.40161943319838056,0.9821782178217822,0.10784708249496981,0.5701149425287356
0.14816572993364696,267,2218,27,1488,0.40151106314085266,0.9821782178217822,0.10744466800804829,0.5700057460256656
0.1480762773476206,266,2219,27,1488,0.4014027515511195,0.9821782178217822,0.10704225352112676,0.5698965913443125
0.14799911831357862,266,2219,26,1489,0.4015641855447681,0.9828382838283828,0.10704225352112676,0.5701704001531687
0.1476115924983794,265,2220,26,1489,0.4014559180372068,0.9828382838283828,0.10663983903420524,0.5700612557427259
0.1475159890598818,264,2221,26,1489,0.4013477088948787,0.9828382838283828,0.1062374245472837,0.5699521531100479
0.1474892497543097,263,2222,26,1489,0.4012395580706009,0.9828382838283828,0.10583501006036217,0.5698430922311519
0.14717260846822716,262,2223,26,1489,0.4011314655172414,0.9828382838283828,0.10543259557344065,0.5697340730820738
0.14710604543009168,262,2223,25,1490,0.4012927551844869,0.9834983498349835,0.10543259557344065,0.5700076511094109
0.14702086980042903,261,2224,25,1490,0.40118470651588584,0.9834983498349835,0.10503018108651911,0.5698986421877988
0.14694783493306254,260,2225,25,1490,0.40107671601615075,0.9834983498349835,0.10462776659959759,0.5697896749521989
0.1468255011459271,259,2226,25,1490,0.4009687836383208,0.9834983498349835,0.10422535211267606,0.5696807493787038
0.14658267157512908,258,2227,25,1490,0.4008609093354856,0.9834983498349835,0.10382293762575452,0.5695718654434251
0.1463992218664505,257,2228,25,1490,0.4007530930607854,0.9834983498349835,0.103420523138833,0.5694630231224919
0.14617722815977152,256,2229,25,1490,0.4006453347674106,0.9834983498349835,0.10301810865191147,0.569354222392052
0.14574436069045685,255,2230,25,1490,0.40053763440860213,0.9834983498349835,0.10261569416498995,0.5692454632282713
0.14550443289016182,254,2231,25,1490,0.40042999193765116,0.9834983498349835,0.10221327967806841,0.5691367456073338
0.1454695340919286,253,2232,25,1490,0.400322407307899,0.9834983498349835,0.10181086519114688,0.569028069505442
0.1449814755489633,252,2233,25,1490,0.40021488047273707,0.9834983498349835,0.10140845070422536,0.5689194348988164
0.1446050809660207,251,2234,25,1490,0.40010741138560685,0.9834983498349835,0.10100603621730382,0.5688108417636953
0.14455532923753503,251,2234,24,1491,0.4002684563758389,0.9841584158415841,0.10100603621730382,0.5690839694656489
0.1442806712720081,250,2235,24,1491,0.4001610305958132,0.9841584158415841,0.1006036217303823,0.5689753863766457
0.14426792768613675,249,2236,24,1491,0.40005366246310703,0.9841584158415841,0.10020120724346077,0.5688668447157573
0.14423039303115803,248,2237,24,1491,0.3999463519313305,0.9841584158415841,0.09979879275653923,0.5687583444592791
0.14419077279823667,248,2237,23,1492,0.4001072673639045,0.9848184818481848,0.09979879275653923,0.5690312738367659
0.14407585390704725,247,2238,23,1492,0.4,0.9848184818481848,0.09939637826961771,0.5689227836034318
0.14405844800597534,246,2239,23,1492,0.3998927901366926,0.9848184818481848,0.09899396378269618,0.5688143347312238
0.14385919439252653,245,2240,23,1492,0.39978563772775993,0.9848184818481848,0.09859154929577464,0.5687059271964933
0.14331905657638136,244,2241,23,1492,0.3996785427270292,0.9848184818481848,0.09818913480885312,0.5685975609756098
0.14329163587996988,243,2242,23,1492,0.3995715050883771,0.9848184818481848,0.09778672032193159,0.5684892360449609
0.143274068122102,242,2243,23,1492,0.3994645247657296,0.9848184818481848,0.09738430583501007,0.5683809523809524
0.1431126756331818,241,2244,23,1492,0.3993576017130621,0.9848184818481848,0.09698189134808853,0.5682727099600077
0.14306725851613758,240,2245,23,1492,0.39925073588439924,0.9848184818481848,0.096579476861167,0.5681645087585682
0.14289783318468455,239,2246,23,1492,0.39914392723381487,0.9848184818481848,0.09617706237424548,0.5680563487530935
0.14264444133427626,238,2247,23,1492,0.39903717571543196,0.9848184818481848,0.09577464788732394,0.5679482299200609
0.14250165633733258,237,2248,23,1492,0.39893048128342246,0.9848184818481848,0.09537223340040242,0.5678401522359657
0.14234031343511583,236,2249,23,1492,0.3988238438920075,0.9848184818481848,0.09496981891348089,0.5677321156773212
0.1422717696793598,235,2250,23,1492,0.398717263495457,0.9848184818481848,0.09456740442655935,0.5676241202206582
0.14217781058006765,234,2251,23,1492,0.3986107400480898,0.9848184818481848,0.09416498993963783,0.5675161658425256
0.14202961564279246,233,2252,23,1492,0.39850427350427353,0.9848184818481848,0.0937625754527163,0.5674082525194905
0.14160331533999665,232,2253,23,1492,0.39839786381842457,0.9848184818481848,0.09336016096579478,0.5673003802281369
0.14144878296570038,231,2254,23,1492,0.39829151094500803,0.9848184818481848,0.09295774647887324,0.5671925489450674
0.1413270756567713,230,2255,23,1492,0.39818521483853747,0.9848184818481848,0.0925553319919517,0.5670847586469023
0.1412025829812998,229,2256,23,1492,0.39807897545357523,0.9848184818481848,0.09215291750503019,0.5669770093102793
0.14112117196778598,228,2257,23,1492,0.3979727927447319,0.9848184818481848,0.09175050301810865,0.5668693009118541
0.14071463738954107,227,2258,23,1492,0.39786666666666665,0.9848184818481848,0.09134808853118712,0.5667616334283001
0.14069241752465364,226,2259,23,1492,0.3977605971740869,0.9848184818481848,0.0909456740442656,0.5666540068363084
0.14045687354611763,225,2260,23,1492,0.3976545842217484,0.9848184818481848,0.09054325955734406,0.5665464211125878
0.14035155454058648,224,2261,23,1492,0.3975486277644551,0.9848184818481848,0.09014084507042254,0.5664388762338648
0.14034153860489332,223,2262,23,1492,0.39744272775705913,0.9848184818481848,0.089738430583501,0.5663313721768837
0.1402249190420825,222,2263,23,1492,0.3973368841544607,0.9848184818481848,0.08933601609657947,0.5662239089184061
0.13987793300850004,221,2264,23,1492,0.3972310969116081,0.9848184818481848,0.08893360160965795,0.5661164864352115
0.13976928665659857,220,2265,23,1492,0.39712536598349746,0.9848184818481848,0.08853118712273642,0.5660091047040972
0.13970325109709844,219,2266,23,1492,0.39701969132517295,0.9848184818481848,0.0881287726358149,0.5659017637018775
0.13944582363225122,218,2267,23,1492,0.39691407289172653,0.9848184818481848,0.08772635814889336,0.5657944634053849
0.1390982719625242,217,2268,23,1492,0.39680851063829786,0.9848184818481848,0.08732394366197183,0.5656872037914692
0.13850592650964885,216,2269,23,1492,0.39670300452007445,0.9848184818481848,0.0869215291750503,0.5655799848369977
0.13850321881845312,215,2270,23,1492,0.39659755449229134,0.9848184818481848,0.08651911468812877,0.5654728065188555
0.1384775151511491,214,2271,23,1492,0.3964921605102312,0.9848184818481848,0.08611670020120725,0.5653656688139447
0.13839140684328968,213,2272,23,1492,0.39638682252922425,0.9848184818481848,0.08571428571428572,0.5652585716991855
0.13835234892983383,212,2273,23,1492,0.3962815405046481,0.9848184818481848,0.08531187122736418,0.5651515151515152
0.13833076921315698,212,2273,22,1493,0.39644184811471056,0.9854785478547855,0.08531187122736418,0.5654232153001325
0.13831114087686433,211,2274,22,1493,0.3963366073798779,0.9854785478547855,0.08490945674044266,0.5653161681181371
0.13824974815666607,210,2275,22,1493,0.39623142250530785,0.9854785478547855,0.08450704225352113,0.565209161461291
0.13817987261231096,210,2275,21,1494,0.396391615813213,0.9861386138613861,0.08450704225352113,0.5654806964420893
0.13803953365813645,209,2276,21,1494,0.3962864721485411,0.9861386138613861,0.0841046277665996,0.5653736991485336
0.13788472148763176,208,2277,21,1494,0.39618138424821003,0.9861386138613861,0.08370221327967807,0.565266742338252
0.1378374766470247,207,2278,21,1494,0.3960763520678685,0.9861386138613861,0.08329979879275654,0.5651598259882731
0.13780624483050552,206,2279,21,1494,0.3959713755632123,0.9861386138613861,0.08289738430583501,0.5650529500756429
0.13762213286885241,206,2279,20,1495,0.39613142554319025,0.9867986798679867,0.08289738430583501,0.5653242578937417
0.13760424528107207,205,2280,20,1495,0.39602649006622515,0.9867986798679867,0.08249496981891348,0.5652173913043478
0.13731812336395474,204,2281,20,1495,0.3959216101694915,0.9867986798679867,0.08209255533199195,0.5651105651105651
0.13721952781615152,203,2282,20,1495,0.395816785808843,0.9867986798679867,0.08169014084507042,0.5650037792894935
0.13717425170154535,202,2283,20,1495,0.39571201694018,0.9867986798679867,0.08128772635814889,0.5648970338182505
0.1363889960357453,201,2284,20,1495,0.3956073035194496,0.9867986798679867,0.08088531187122737,0.5647903286739705
0.13598795629663865,200,2285,20,1495,0.3955026455026455,0.9867986798679867,0.08048289738430583,0.5646836638338055
0.13548398872417486,199,2286,20,1495,0.395398042845808,0.9867986798679867,0.0800804828973843,0.5645770392749244
0.13544447722432065,198,2287,20,1495,0.3952934955050238,0.9867986798679867,0.07967806841046278,0.5644704549745139
0.13538797389373214,197,2288,20,1495,0.3951890034364261,0.9867986798679867,0.07927565392354124,0.5643639109097772
0.1353436241052276,196,2289,20,1495,0.3950845665961945,0.9867986798679867,0.07887323943661972,0.5642574070579355
0.13482909548437866,195,2290,20,1495,0.3949801849405548,0.9867986798679867,0.07847082494969819,0.5641509433962264
0.13471036821854768,194,2291,20,1495,0.3948758584257792,0.9867986798679867,0.07806841046277666,0.5640445199019053
0.13462999587281385,193,2292,20,1495,0.3947715870081859,0.9867986798679867,0.07766599597585513,0.5639381365522445
0.13380371018474735,192,2293,20,1495,0.39466737064413937,0.9867986798679867,0.0772635814889336,0.5638317933245333
0.133690341199972,191,2294,20,1495,0.3945632092900501,0.9867986798679867,0.07686116700201208,0.5637254901960784
0.1333819348251973,190,2295,20,1495,0.3944591029023747,0.9867986798679867,0.07645875251509054,0.5636192271442035
0.1332823131001883,189,2296,20,1495,0.3943550514376154,0.9867986798679867,0.07605633802816901,0.5635130041462495
0.13327165844200428,188,2297,20,1495,0.39425105485232065,0.9867986798679867,0.07565392354124749,0.5634068211795742
0.13322252086155928,187,2298,20,1495,0.39414711310308465,0.9867986798679867,0.07525150905432595,0.5633006782215524
0.13321740096054413,186,2299,20,1495,0.3940432261465472,0.9867986798679867,0.07484909456740442,0.5631945752495762
0.13309824979180113,185,2300,20,1495,0.3939393939393939,0.9867986798679867,0.0744466800804829,0.5630885122410546
0.13308540285028872,185,2300,19,1496,0.3940990516332982,0.9874587458745875,0.0744466800804829,0.5633590660892487
0.13274880564300248,184,2301,19,1496,0.39399525941532787,0.9874587458745875,0.07404426559356136,0.5632530120481928
0.13268324135400955,183,2302,19,1496,0.39389152185360715,0.9874587458745875,0.07364185110663984,0.5631469979296067
0.13266293824072523,182,2303,19,1496,0.393787838904975,0.9874587458745875,0.07323943661971831,0.5630410237109522
0.1325678761465511,181,2304,19,1496,0.3936842105263158,0.9874587458745875,0.07283702213279677,0.5629350893697084
0.13253582493056298,180,2305,19,1496,0.39358063667455934,0.9874587458745875,0.07243460764587525,0.5628291948833709
0.13206198985398288,179,2306,19,1496,0.39347711730668067,0.9874587458745875,0.07203219315895372,0.5627233402294527
0.13174495042598433,178,2307,19,1496,0.39337365237970023,0.9874587458745875,0.0716297786720322,0.5626175253854833
0.13166397774016197,177,2308,19,1496,0.3932702418506835,0.9874587458745875,0.07122736418511066,0.5625117503290092
0.13136299394736936,176,2309,19,1496,0.39316688567674113,0.9874587458745875,0.07082494969818913,0.562406015037594
0.13072645918308695,175,2310,19,1496,0.3930635838150289,0.9874587458745875,0.07042253521126761,0.5623003194888179
0.13064750621109134,174,2311,19,1496,0.39296033622274756,0.9874587458745875,0.07002012072434607,0.562194663660278
0.13051611571915944,173,2312,19,1496,0.39285714285714285,0.9874587458745875,0.06961770623742455,0.5620890475295885
0.13048451254533283,172,2313,19,1496,0.3927540036755054,0.9874587458745875,0.06921529175050302,0.5619834710743802
0.13046496401309698,171,2314,19,1496,0.3926509186351706,0.9874587458745875,0.06881287726358148,0.5618779342723005
0.13010466739054977,170,2315,19,1496,0.3925478876935188,0.9874587458745875,0.06841046277665996,0.5617724371010139
0.12997432405723539,170,2315,18,1497,0.39270724029380905,0.9881188118811881,0.06841046277665996,0.5620424253801389
0.12992320201859453,169,2316,18,1497,0.39260424862313137,0.9881188118811881,0.06800804828973843,0.5619369369369369
0.12989686695758246,168,2317,18,1497,0.39250131095962243,0.9881188118811881,0.0676056338028169,0.5618314880840684
0.1298915204101423,167,2318,18,1497,0.3923984272608126,0.9881188118811881,0.06720321931589537,0.5617260787992495
0.12979246153409776,166,2319,18,1497,0.3922955974842767,0.9881188118811881,0.06680080482897384,0.5616207090602139
0.129464807316042,165,2320,18,1497,0.39219282158763424,0.9881188118811881,0.06639839034205232,0.5615153788447111
0.12922864435750953,165,2320,17,1498,0.392352016762703,0.9887788778877887,0.06639839034205232,0.5617851115694731
0.12870710662117357,164,2321,17,1498,0.39224927991620845,0.9887788778877887,0.06599597585513078,0.5616797900262467
0.128592785486106,163,2322,17,1498,0.39214659685863873,0.9887788778877887,0.06559356136820925,0.5615745079662605
0.12822875363222583,162,2323,17,1498,0.3920439675477624,0.9887788778877887,0.06519114688128773,0.5614692653673163
0.12808890677803356,161,2324,17,1498,0.39194139194139194,0.9887788778877887,0.0647887323943662,0.5613640622072326
0.12794764005157405,160,2325,17,1498,0.39183886999738426,0.9887788778877887,0.06438631790744467,0.5612588984638441
0.12767710362094797,159,2326,17,1498,0.39173640167364016,0.9887788778877887,0.06398390342052314,0.5611537741150028
0.12735161008851573,158,2327,17,1498,0.3916339869281046,0.9887788778877887,0.0635814889336016,0.5610486891385768
0.1267573258984801,157,2328,17,1498,0.3915316257187663,0.9887788778877887,0.06317907444668008,0.5609436435124509
0.12637290129127865,156,2329,17,1498,0.3914293180036582,0.9887788778877887,0.06277665995975855,0.5608386372145264
0.12627787304437865,155,2330,17,1498,0.39132706374085685,0.9887788778877887,0.06237424547283702,0.5607336702227214
0.12618057160960297,154,2331,17,1498,0.3912248628884826,0.9887788778877887,0.061971830985915494,0.5606287425149701
0.1259958540226571,153,2332,17,1498,0.39112271540469973,0.9887788778877887,0.061569416498993966,0.5605238540692236
0.12593674545644848,153,2332,16,1499,0.39128164969981727,0.9894389438943895,0.061569416498993966,0.5607931163486719
0.12567074154432847,152,2333,16,1499,0.3911795407098121,0.9894389438943895,0.06116700201207243,0.5606882363942398
0.1256111764701605,151,2334,16,1499,0.39107748499869555,0.9894389438943895,0.060764587525150904,0.5605833956619297
0.12405089612386808,150,2335,16,1499,0.3909754825247783,0.9894389438943895,0.060362173038229376,0.5604785941297439
0.12398528341040067,149,2336,16,1499,0.3908735332464146,0.9894389438943895,0.05995975855130785,0.5603738317757009
0.12362336320412382,148,2337,16,1499,0.3907716371220021,0.9894389438943895,0.05955734406438632,0.560269108577836
0.12345344210073374,147,2338,16,1499,0.39066979410998176,0.9894389438943895,0.059154929577464786,0.5601644245142003
0.12333783642422984,146,2339,16,1499,0.3905680041688379,0.9894389438943895,0.05875251509054326,0.5600597795628619
0.12320203394139637,145,2340,16,1499,0.3904662672570982,0.9894389438943895,0.05835010060362173,0.5599551737019051
0.12319742443997221,144,2341,16,1499,0.39036458333333335,0.9894389438943895,0.0579476861167002,0.5598506069094304
0.1231342563063801,143,2342,16,1499,0.39026295235615727,0.9894389438943895,0.05754527162977867,0.5597460791635549
0.12295594612009786,142,2343,16,1499,0.390161374284227,0.9894389438943895,0.05714285714285714,0.5596415904424118
0.12262941889954382,141,2344,16,1499,0.3900598490762425,0.9894389438943895,0.05674044265593561,0.5595371407241508
0.12255373847147152,140,2345,16,1499,0.3899583766909469,0.9894389438943895,0.056338028169014086,0.5594327299869378
0.12242983355483782,139,2346,16,1499,0.38985695708712614,0.9894389438943895,0.05593561368209256,0.5593283582089552
0.12209534143836107,138,2347,16,1499,0.38975559022360895,0.9894389438943895,0.055533199195171024,0.5592240253684014
0.12195787589337051,137,2348,16,1499,0.38965427605926695,0.9894389438943895,0.055130784708249496,0.5591197314434913
0.12144760758114498,136,2349,16,1499,0.38955301455301455,0.9894389438943895,0.05472837022132797,0.5590154764124557
0.12081703324951744,136,2349,15,1500,0.3897116134060795,0.9900990099009901,0.05472837022132797,0.5592841163310962
0.12048453991267226,135,2350,15,1500,0.38961038961038963,0.9900990099009901,0.05432595573440644,0.5591798695246971
0.12045384020564318,134,2351,15,1500,0.3895092183848351,0.9900990099009901,0.053923541247484906,0.5590756615728661
0.12029334848498471,133,2352,15,1500,0.3894080996884735,0.9900990099009901,0.05352112676056338,0.5589714924538849
0.11979052304222963,132,2353,15,1500,0.38930703348040485,0.9900990099009901,0.05311871227364185,0.5588673621460507
0.11976044208044982,131,2354,15,1500,0.38920601971977165,0.9900990099009901,0.05271629778672032,0.5587632706276774
0.11967720870856058,130,2355,15,1500,0.38910505836575876,0.9900990099009901,0.052313883299798795,0.5586592178770949
0.11956529586055316,129,2356,15,1500,0.38900414937759337,0.9900990099009901,0.05191146881287726,0.5585552038726495
0.11946194091531169,128,2357,15,1500,0.388903292714545,0.9900990099009901,0.05150905432595573,0.5584512285927029
0.11921200321826234,127,2358,15,1500,0.38880248833592534,0.9900990099009901,0.051106639839034206,0.5583472920156337
0.119191962830015,126,2359,15,1500,0.3887017362010884,0.9900990099009901,0.05070422535211268,0.5582433941198363
0.11901092059469358,125,2360,15,1500,0.38860103626943004,0.9900990099009901,0.05030181086519115,0.5581395348837209
0.11895084277550164,124,2361,15,1500,0.3885003885003885,0.9900990099009901,0.049899396378269616,0.5580357142857143
0.11882903404738457,124,2361,14,1501,0.38865872604867946,0.9907590759075907,0.049899396378269616,0.558303886925795
0.11881485936869479,123,2362,14,1501,0.3885581154543101,0.9907590759075907,0.04949698189134809,0.5582000743770918
0.11877736078184706,122,2363,14,1501,0.3884575569358178,0.9907590759075907,0.04909456740442656,0.5580963004275887
0.1187671307445932,121,2364,14,1501,0.38835705045278135,0.9907590759075907,0.04869215291750503,0.5579925650557621
0.1183328189231542,120,2365,14,1501,0.38825659596482154,0.9907590759075907,0.0482897384305835,0.5578888682401041
0.11795863635936821,119,2366,14,1501,0.38815619343160074,0.9907590759075907,0.04788732394366197,0.557785209959123
0.11782253870656502,118,2367,14,1501,0.3880558428128232,0.9907590759075907,0.04748490945674044,0.5576815901913431
0.11747448324381078,117,2368,14,1501,0.3879555440682347,0.9907590759075907,0.047082494969818915,0.5575780089153046
0.11733695003195518,116,2369,14,1501,0.38785529715762274,0.9907590759075907,0.04668008048289739,0.5574744661095636
0.11709917950047471,116,2369,13,1502,0.3880134332213898,0.9914191419141914,0.04668008048289739,0.5577422948384702
0.11705258921573124,116,2369,12,1503,0.3881714876033058,0.9920792079207921,0.04668008048289739,0.55801002413217
0.11678653231366695,115,2370,12,1503,0.38807126258714175,0.9920792079207921,0.04627766599597585,0.5579064587973274
0.11658169426588294,114,2371,12,1503,0.3879710893133712,0.9920792079207921,0.045875251509054325,0.5578029318983114
0.11652093522099312,113,2372,12,1503,0.38787096774193547,0.9920792079207921,0.0454728370221328,0.5576994434137291
0.11630537474920118,112,2373,12,1503,0.3877708978328173,0.9920792079207921,0.04507042253521127,0.5575959933222037
0.11596792833189427,111,2374,12,1503,0.38767087954604074,0.9920792079207921,0.044668008048289735,0.5574925816023739
0.11505652473717976,110,2375,12,1503,0.38757091284167094,0.9920792079207921,0.04426559356136821,0.5573892082328945
0.1149177108134811,109,2376,12,1503,0.3874709976798144,0.9920792079207921,0.04386317907444668,0.557285873192436
0.11459837946861913,108,2377,12,1503,0.38737113402061857,0.9920792079207921,0.04346076458752515,0.5571825764596849
0.11412919717698557,107,2378,12,1503,0.3872713218242721,0.9920792079207921,0.043058350100603625,0.5570793180133432
0.11395855933176953,106,2379,12,1503,0.38717156105100464,0.9920792079207921,0.04265593561368209,0.556976097832129
0.11387490542563294,105,2380,12,1503,0.38707185166108676,0.9920792079207921,0.04225352112676056,0.5568729158947758
0.1137880780501167,105,2380,11,1504,0.38722966014418125,0.9927392739273927,0.04225352112676056,0.557140211150213
0.11360871451698581,104,2381,11,1504,0.38712998712998714,0.9927392739273927,0.041851106639839035,0.557037037037037
0.1134770058386211,104,2381,10,1505,0.38728769943386515,0.9933993399339934,0.041851106639839035,0.5573042029253842
0.11315249486710258,103,2382,10,1505,0.38718806277334705,0.9933993399339934,0.04144869215291751,0.5572010366530914
0.11298023183869928,102,2383,10,1505,0.3870884773662551,0.9933993399339934,0.04104627766599597,0.5570979085693133
0.11294533849662824,101,2384,10,1505,0.3869889431730522,0.9933993399339934,0.040643863179074445,0.5569948186528497
0.11277425285973376,100,2385,10,1505,0.38688946015424164,0.9933993399339934,0.04024144869215292,0.5568917668825162
0.11271453361068415,99,2386,10,1505,0.3867900282703675,0.9933993399339934,0.03983903420523139,0.5567887532371439
0.11238739514437812,98,2387,10,1505,0.38669064748201437,0.9933993399339934,0.03943661971830986,0.5566857776955798
0.11234158298531301,97,2388,10,1505,0.3865913177498074,0.9933993399339934,0.03903420523138833,0.5565828402366864
0.11212675524522064,96,2389,10,1505,0.3864920390344119,0.9933993399339934,0.0386317907444668,0.5564799408393418
0.1120704797734114,95,2390,10,1505,0.386392811296534,0.9933993399339934,0.03822937625754527,0.55637707948244
0.11197679602192741,94,2391,10,1505,0.3862936344969199,0.9933993399339934,0.037826961770623745,0.55627425614489
0.11195904034971918,93,2392,10,1505,0.3861945085963562,0.9933993399339934,0.03742454728370221,0.5561714708056171
0.11163235972206327,92,2393,10,1505,0.38609543355566955,0.9933993399339934,0.03702213279678068,0.5560687234435618
0.110933251576902,91,2394,10,1505,0.3859964093357271,0.9933993399339934,0.036619718309859155,0.5559660140376801
0.11084750049203809,90,2395,10,1505,0.3858974358974359,0.9933993399339934,0.03621730382293763,0.5558633425669437
0.11077311452536084,90,2395,9,1506,0.3860548577287875,0.994059405940594,0.03621730382293763,0.5561299852289513
0.11039088265906183,89,2396,9,1506,0.3859559200410046,0.994059405940594,0.0358148893360161,0.5560273213956064
0.11037986490470668,88,2397,9,1506,0.3858570330514988,0.994059405940594,0.035412474849094565,0.5559246954595792
0.10916896982399517,87,2398,9,1506,0.38575819672131145,0.994059405940594,0.03501006036217304,0.5558221073998892
0.1087093404591999,87,2398,8,1507,0.38591549295774646,0.9947194719471947,0.03501006036217304,0.5560885608856089
0.10868083952107817,86,2399,8,1507,0.3858166922683052,0.9947194719471947,0.03460764587525151,0.5559859804464121
0.10850529903797834,85,2400,8,1507,0.38571794215510624,0.9947194719471947,0.03420523138832998,0.5558834378458134
0.10799150468126105,84,2401,8,1507,0.38561924257932445,0.9947194719471947,0.03380281690140845,0.5557809330628803
0.10794589457026703,83,2402,8,1507,0.3855205935021745,0.9947194719471947,0.03340040241448692,0.5556784660766961
0.10756062873849748,82,2403,8,1507,0.38542199488491047,0.9947194719471947,0.03299798792756539,0.5555760368663595
0.1068952464934032,81,2404,8,1507,0.3853234466888264,0.9947194719471947,0.032595573440643864,0.5554736454109841
0.10674919700148107,80,2405,8,1507,0.3852249488752556,0.9947194719471947,0.03219315895372234,0.5553712916896997
0.10593980765540213,79,2406,8,1507,0.3851265014055712,0.9947194719471947,0.0317907444668008,0.5552689756816507
0.10580748692286611,78,2407,8,1507,0.3850281042411855,0.9947194719471947,0.031388329979879274,0.5551666973659974
0.10561520956557638,77,2408,8,1507,0.38492975734355045,0.9947194719471947,0.030985915492957747,0.5550644567219153
0.10543704222664348,76,2409,8,1507,0.3848314606741573,0.9947194719471947,0.030583501006036216,0.5549622537285951
0.10539037822376858,75,2410,8,1507,0.38473321419453665,0.9947194719471947,0.030181086519114688,0.554860088365243
0.1050818086268589,74,2411,8,1507,0.3846350178662583,0.9947194719471947,0.02977867203219316,0.5547579606110804
0.1044551708953298,73,2412,8,1507,0.38453687165093137,0.9947194719471947,0.02937625754527163,0.5546558704453441
0.10369247035858876,72,2413,8,1507,0.38443877551020406,0.9947194719471947,0.0289738430583501,0.5545538178472861
0.10352574708082043,71,2414,8,1507,0.38434072940576386,0.9947194719471947,0.02857142857142857,0.5544518027961737
0.10296020482787584,70,2415,8,1507,0.38424273329933706,0.9947194719471947,0.028169014084507043,0.5543498252712893
0.10186161145669129,69,2416,8,1507,0.3841447871526893,0.9947194719471947,0.027766599597585512,0.5542478852519308
0.10176067516775533,68,2417,8,1507,0.3840468909276249,0.9947194719471947,0.027364185110663984,0.5541459827174113
0.10135438238453802,67,2418,8,1507,0.3839490445859873,0.9947194719471947,0.026961770623742453,0.5540441176470589
0.10055924573397027,66,2419,8,1507,0.3838512480896587,0.9947194719471947,0.026559356136820925,0.5539422900202169
0.1001482481787538,65,2420,8,1507,0.38375350140056025,0.9947194719471947,0.026156941649899398,0.5538404998162441
0.10014671726118021,64,2421,8,1507,0.38365580448065173,0.9947194719471947,0.025754527162977867,0.5537387470145141
0.1000816404544919,63,2422,8,1507,0.38355815729193177,0.9947194719471947,0.02535211267605634,0.5536370315944159
0.09894808850398773,62,2423,8,1507,0.38346055979643767,0.9947194719471947,0.024949698189134808,0.5535353535353535
0.09837215874817079,61,2424,8,1507,0.3833630119562452,0.9947194719471947,0.02454728370221328,0.5534337128167462
0.0979736162032511,60,2425,8,1507,0.38326551373346895,0.9947194719471947,0.02414486921529175,0.5533321094180282
0.09737092515402121,59,2426,8,1507,0.3831680650902619,0.9947194719471947,0.02374245472837022,0.5532305433186491
0.09708726487783312,58,2427,8,1507,0.38307066598881545,0.9947194719471947,0.023340040241448694,0.5531290144980731
0.09639506322760429,57,2428,8,1507,0.3829733163913596,0.9947194719471947,0.022937625754527163,0.5530275229357798
0.0962438447938835,56,2429,8,1507,0.3828760162601626,0.9947194719471947,0.022535211267605635,0.552926068611264
0.09609878718360317,55,2430,8,1507,0.3827787655575311,0.9947194719471947,0.022132796780684104,0.5528246515040353
0.09503972911806759,54,2431,8,1507,0.38268156424581007,0.9947194719471947,0.021730382293762576,0.5527232715936182
0.0947364055383292,53,2432,8,1507,0.3825844122873826,0.9947194719471947,0.021327967806841045,0.5526219288595526
0.09468436306217853,52,2433,8,1507,0.38248730964467004,0.9947194719471947,0.020925553319919517,0.5525206232813932
0.0946368064402515,51,2434,8,1507,0.38239025628013196,0.9947194719471947,0.020523138832997986,0.5524193548387096
0.09455279681925877,50,2435,8,1507,0.38229325215626586,0.9947194719471947,0.02012072434607646,0.5523181235110867
0.09425488893447194,49,2436,8,1507,0.3821962972356074,0.9947194719471947,0.01971830985915493,0.5522169292781238
0.09405554179704897,48,2437,8,1507,0.38209939148073024,0.9947194719471947,0.0193158953722334,0.5521157721194357
0.09400445252667335,47,2438,8,1507,0.3820025348542459,0.9947194719471947,0.018913480885311872,0.552014652014652
0.0938393912490242,46,2439,8,1507,0.38190572731880384,0.9947194719471947,0.01851106639839034,0.5519135689434169
0.09373187664479898,45,2440,8,1507,0.3818089688370915,0.9947194719471947,0.018108651911468814,0.55181252288539
0.09367410505525073,44,2441,8,1507,0.38171225937183384,0.9947194719471947,0.017706237424547282,0.5517115138202453
0.09360972095688215,43,2442,8,1507,0.3816155988857939,0.9947194719471947,0.017303822937625755,0.551610541727672
0.09319470640900203,42,2443,8,1507,0.38151898734177214,0.9947194719471947,0.016901408450704224,0.5515096065873742
0.09317628528672824,41,2444,8,1507,0.38142242470260695,0.9947194719471947,0.016498993963782696,0.5514087083790706
0.09295347835319417,40,2445,8,1507,0.3813259109311741,0.9947194719471947,0.01609657947686117,0.5513078470824949
0.09277555206195175,39,2446,8,1507,0.38122944599038705,0.9947194719471947,0.015694164989939637,0.5512070226773957
0.0922430732584291,38,2447,8,1507,0.38113302984319675,0.9947194719471947,0.015291750503018108,0.5511062351435363
0.09152701076309018,37,2448,8,1507,0.38103666245259166,0.9947194719471947,0.01488933601609658,0.5510054844606947
0.09136648390736937,36,2449,8,1507,0.3809403437815976,0.9947194719471947,0.01448692152917505,0.5509047706086638
0.09095392988584997,35,2450,8,1507,0.3808440737932777,0.9947194719471947,0.014084507042253521,0.5508040935672515
0.08972406353344634,35,2450,7,1508,0.38100050530570995,0.9953795379537954,0.014084507042253521,0.5510688836104513
0.0886128876339882,34,2451,7,1508,0.38090426875473604,0.9953795379537954,0.013682092555331992,0.5509682133723054
0.08849477271090354,33,2452,7,1508,0.3808080808080808,0.9953795379537954,0.013279678068410463,0.5508675799086759
0.08803156764168227,33,2452,6,1509,0.3809644029285534,0.996039603960396,0.013279678068410463,0.5511322132943755
0.08779671063689826,32,2453,6,1509,0.38086824835941446,0.996039603960396,0.012877263581488933,0.5510315866350192
0.08747790779103148,31,2454,6,1509,0.380772142316427,0.996039603960396,0.012474849094567404,0.5509309967141293
0.0869440984417366,30,2455,6,1509,0.3806760847628658,0.996039603960396,0.012072434607645875,0.5508304435115897
0.08673414293322987,29,2456,6,1509,0.3805800756620429,0.996039603960396,0.011670020120724347,0.5507299270072993
0.08643046745276037,28,2457,6,1509,0.3804841149773071,0.996039603960396,0.011267605633802818,0.5506294471811713
0.08591520924690724,27,2458,6,1509,0.3803882026720444,0.996039603960396,0.010865191146881288,0.5505290040131339
0.08566524236181962,27,2458,5,1510,0.3805443548387097,0.9966996699669967,0.010865191146881288,0.5507933612985592
0.08508847355204213,26,2459,5,1510,0.3804484756865709,0.9966996699669967,0.010462776659959759,0.550692924872356
0.08500487453353898,25,2460,5,1510,0.380352644836272,0.9966996699669967,0.01006036217303823,0.5505925250683683
0.08399059005995843,24,2461,5,1510,0.3802568622513221,0.9966996699669967,0.0096579476861167,0.5504921618665695
0.08387434166408732,23,2462,5,1510,0.38016112789526685,0.9966996699669967,0.00925553319919517,0.5503918352469473
0.08324925896210435,22,2463,5,1510,0.3800654417316889,0.9966996699669967,0.008853118712273641,0.5502915451895044
0.08261157589056141,21,2464,5,1510,0.37996980372420736,0.9966996699669967,0.008450704225352112,0.5501912916742576
0.08199622487322732,21,2464,4,1511,0.380125786163522,0.9973597359735974,0.008450704225352112,0.5504553734061931
0.08124118280178422,20,2465,4,1511,0.3800301810865191,0.9973597359735974,0.008048289738430584,0.5503551265707521
0.08103519648777717,20,2465,3,1512,0.38018606990193615,0.998019801980198,0.008048289738430584,0.5506190823015294
0.08096985336452764,20,2465,2,1513,0.3803418803418803,0.9986798679867986,0.008048289738430584,0.5508829419260878
0.0798038807987429,19,2466,2,1513,0.38024629303845187,0.9986798679867986,0.007645875251509054,0.5507826720058245
0.07798270444330875,18,2467,2,1513,0.3801507537688442,0.9986798679867986,0.007243460764587525,0.5506824385805278
0.07705231749873225,17,2468,2,1513,0.38005526249686006,0.9986798679867986,0.006841046277665996,0.5505822416302766
0.07393592934763542,16,2469,2,1513,0.37995981918633853,0.9986798679867986,0.006438631790744467,0.5504820811351646
0.07270422137709859,15,2470,2,1513,0.3798644238011549,0.9986798679867986,0.006036217303822937,0.5503819570753001
0.07262005874396166,14,2471,2,1513,0.3797690763052209,0.9986798679867986,0.005633802816901409,0.5502818694308056
0.07151689590869263,13,2472,2,1513,0.3796737766624843,0.9986798679867986,0.005231388329979879,0.5501818181818182
0.0713293583117302,12,2473,2,1513,0.3795785248369293,0.9986798679867986,0.00482897384305835,0.5500818033084893
0.07084548706254258,11,2474,2,1513,0.37948332079257585,0.9986798679867986,0.004426559356136821,0.5499818247909851
0.07053245930435137,10,2475,2,1513,0.37938816449348045,0.9986798679867986,0.004024144869215292,0.5498818826094858
0.06996312340491859,9,2476,2,1513,0.3792930559037353,0.9986798679867986,0.0036217303822937627,0.549781976744186
0.06347600553083509,8,2477,2,1513,0.37919799498746865,0.9986798679867986,0.0032193158953722333,0.5496821071752952
0.06322449031159963,7,2478,2,1513,0.3791029817088449,0.9986798679867986,0.0028169014084507044,0.5495822738830367
0.06301773454215857,6,2479,2,1513,0.37900801603206413,0.9986798679867986,0.002414486921529175,0.5494824768476484
0.06162043939579306,6,2479,1,1514,0.3791635361883296,0.9993399339933994,0.002414486921529175,0.5497458242556281
0.060543561334798664,5,2480,1,1514,0.3790686029043565,0.9993399339933994,0.002012072434607646,0.5496460337629334
0.05879477640194114,4,2481,1,1514,0.378973717146433,0.9993399339933994,0.0016096579476861167,0.549546279491833
0.05608870838008681,3,2482,1,1514,0.3788788788788789,0.9993399339933994,0.0012072434607645875,0.5494465614226093
0.0545234581280141,2,2483,1,1514,0.3787840880660495,0.9993399339933994,0.0008048289738430583,0.5493468795355588
0.052903855124756344,1,2484,1,1514,0.37868934467233617,0.9993399339933994,0.00040241448692152917,0.5492472338109922
0.04392942258323203,0,2485,1,1514,0.3785946486621655,0.9993399339933994,0.0,0.5491476242292347
0.03628288629172657,0,2485,0,1515,0.37875,1.0,0.0,0.5494106980961015
